date,open,high,low,close,gap_pts,gap_pct,ema20,ema50,px_vs_ema20,px_vs_ema50,ema20_vs_50,rsi14,atr14,atr_pct,vix,vix9d,vix9d_vix,bar_res,path_len,net_pts,range_pts,trend_eff,orb15_hi,orb15_lo,orb60_hi,orb60_lo
2024-10-07,5737.7998046875,5739.33984375,5686.85009765625,5695.93994140625,,,,,,,,,,,22.639999389648438,20.0,0.8834,,,,,,,,,
2024-10-08,5719.14013671875,5757.60009765625,5714.56005859375,5751.1298828125,23.2,0.407,,,,,,,,,21.420000076293945,18.0,0.8403,,,,,,,,,
2024-10-09,5751.7998046875,5796.7998046875,5745.02001953125,5792.0400390625,0.67,0.012,,,,,,,,,20.860000610351562,16.40999984741211,0.7867,,,,,,,,,
2024-10-10,5778.35986328125,5795.02978515625,5764.759765625,5780.0498046875,-13.68,-0.236,,,,,,,,,20.93000030517578,15.489999771118164,0.7401,,,,,,,,,
2024-10-11,5775.08984375,5822.1298828125,5775.08984375,5815.02978515625,-4.96,-0.086,,,,,,,,,20.459999084472656,14.329999923706055,0.7004,,,,,,,,,
2024-10-14,5829.81005859375,5871.41015625,5829.56982421875,5859.85009765625,14.78,0.254,,,,,,,,,19.700000762939453,14.640000343322754,0.7431,,,,,,,,,
2024-10-15,5866.740234375,5870.35986328125,5804.47998046875,5815.259765625,6.89,0.118,,,,,,,,,20.639999389648438,14.880000114440918,0.7209,,,,,,,,,
2024-10-16,5816.580078125,5846.52001953125,5808.33984375,5842.47021484375,1.32,0.023,,,,,,,,,19.579999923706055,14.25,0.7278,,,,,,,,,
2024-10-17,5875.6201171875,5878.4599609375,5840.25,5841.47021484375,33.15,0.567,,,,,,,,,19.110000610351562,13.850000381469727,0.7248,,,,,,,,,
2024-10-18,5859.43017578125,5872.169921875,5846.10986328125,5864.669921875,17.96,0.307,,,,,,,,,18.030000686645508,12.380000114440918,0.6866,,,,,,,,,
2024-10-21,5857.81982421875,5866.919921875,5824.7900390625,5853.97998046875,-6.85,-0.117,,,,,,,,,18.3700008392334,14.390000343322754,0.7833,,,,,,,,,
2024-10-22,5832.7001953125,5863.0400390625,5821.169921875,5851.2001953125,-21.28,-0.364,,,,,,,,,18.200000762939453,14.550000190734863,0.7995,,,,,,,,,
2024-10-23,5834.5,5834.85009765625,5762.41015625,5797.419921875,-16.7,-0.285,,,,,,,,,19.239999771118164,16.489999771118164,0.8571,,,,,,,,,
2024-10-24,5817.7998046875,5817.7998046875,5784.919921875,5809.85986328125,20.38,0.352,,,,,,,,,19.079999923706055,16.670000076293945,0.8737,,,,,,,,,
2024-10-25,5826.75,5862.81982421875,5799.97998046875,5808.1201171875,16.89,0.291,,,,,,65.35,49.19,0.847,20.329999923706055,18.489999771118164,0.9095,,,,,,,,,
2024-10-28,5833.93017578125,5842.919921875,5823.080078125,5823.52001953125,25.81,0.444,,,,,,66.86,48.16,0.827,19.799999237060547,21.170000076293945,1.0692,,,,,,,,,
2024-10-29,5819.68017578125,5847.18994140625,5802.169921875,5832.919921875,-3.84,-0.066,,,,,,67.78,47.93,0.822,19.34000015258789,21.770000457763672,1.1256,,,,,,,,,
2024-10-30,5832.64990234375,5850.93994140625,5811.27978515625,5813.669921875,-0.27,-0.005,,,,,,63.87,47.34,0.814,20.350000381469727,23.59000015258789,1.1592,,,,,,,,,
2024-10-31,5775.33984375,5775.33984375,5702.85986328125,5705.4501953125,-38.33,-0.659,,,,,,47.34,51.88,0.909,23.15999984741211,26.049999237060547,1.1248,,,,,,,,,
2024-11-01,5723.22021484375,5772.52001953125,5723.22021484375,5728.7998046875,17.77,0.311,5804.14,,-75.34,,,50.33,52.96,0.924,21.8799991607666,23.469999313354492,1.0727,,,,,,,,,
2024-11-04,5725.14990234375,5741.43017578125,5696.509765625,5712.68994140625,-3.65,-0.064,5795.43,,-82.74,,,48.29,52.39,0.917,21.979999542236328,25.770000457763672,1.1724,,,,,,,,,
2024-11-05,5722.43017578125,5783.43994140625,5722.10009765625,5782.759765625,9.74,0.171,5794.23,,-11.47,,,56.53,53.7,0.929,20.489999771118164,24.700000762939453,1.2055,,,,,,,,,
2024-11-06,5864.89013671875,5936.14013671875,5864.89013671875,5929.0400390625,82.13,1.42,5807.07,,121.97,,,67.99,60.82,1.026,16.270000457763672,15.850000381469727,0.9742,,,,,,,,,
2024-11-07,5947.2099609375,5983.83984375,5947.2099609375,5973.10009765625,18.17,0.306,5822.88,,150.22,,,70.51,60.39,1.011,15.199999809265137,13.84000015258789,0.9105,,,,,,,,,
2024-11-08,5976.759765625,6012.4501953125,5976.759765625,5995.5400390625,3.66,0.061,5839.32,,156.22,,,71.73,58.89,0.982,14.9399995803833,13.09000015258789,0.8762,,,,,,,,,
2024-11-11,6008.85986328125,6017.31005859375,5986.68994140625,6001.35009765625,13.32,0.222,5854.75,,146.6,,,72.06,56.87,0.948,14.970000267028809,14.0,0.9352,,,,,,,,,
2024-11-12,6003.60009765625,6009.919921875,5960.080078125,5983.990234375,2.25,0.037,5867.06,,116.93,,,69.5,56.37,0.942,14.710000038146973,13.920000076293945,0.9463,,,,,,,,,
2024-11-13,5985.75,6008.18994140625,5965.91015625,5985.3798828125,1.76,0.029,5878.33,,107.05,,,69.59,55.36,0.925,14.020000457763672,12.8100004196167,0.9137,,,,,,,,,
2024-11-14,5989.68017578125,5993.8798828125,5942.27978515625,5949.169921875,4.3,0.072,5885.08,,64.09,,,64.11,55.09,0.926,14.3100004196167,13.130000114440918,0.9175,,,,,,,,,
2024-11-15,5912.7900390625,5915.31982421875,5853.009765625,5870.6201171875,-36.38,-0.612,5883.7,,-13.08,,,54.15,58.02,0.988,16.139999389648438,14.8100004196167,0.9176,,,,,,,,,
2024-11-18,5874.169921875,5908.1201171875,5865.9501953125,5893.6201171875,3.55,0.06,5884.64,,8.98,,,56.29,56.89,0.965,15.579999923706055,13.979999542236328,0.8973,,,,,,,,,
2024-11-19,5870.0498046875,5923.509765625,5855.2900390625,5916.97998046875,-23.57,-0.4,5887.72,,29.26,,,58.42,57.7,0.975,16.350000381469727,14.239999771118164,0.8709,,,,,,,,,
2024-11-20,5914.33984375,5920.669921875,5860.56005859375,5917.10986328125,-2.64,-0.045,5890.52,,26.59,,,58.43,57.87,0.978,17.15999984741211,15.079999923706055,0.8788,,,,,,,,,
2024-11-21,5940.580078125,5963.31982421875,5887.259765625,5948.7099609375,23.47,0.397,5896.06,,52.65,,,61.38,59.17,0.995,16.8700008392334,14.149999618530273,0.8388,,,,,,,,,
2024-11-22,5944.35986328125,5972.89990234375,5944.35986328125,5969.33984375,-4.35,-0.073,5903.04,,66.3,,,63.21,56.98,0.955,15.239999771118164,11.460000038146973,0.752,,,,,,,,,
2024-11-25,5992.27978515625,6020.75,5963.91015625,5987.3701171875,22.94,0.384,5911.07,,76.3,,,64.78,56.97,0.952,14.600000381469727,12.3100004196167,0.8432,,,,,,,,,
2024-11-26,6000.02978515625,6025.419921875,5992.27001953125,6021.6298828125,12.66,0.211,5921.6,,100.03,,,67.61,55.62,0.924,14.100000381469727,11.729999542236328,0.8319,,,,,,,,,
2024-11-27,6014.10986328125,6020.16015625,5984.8701171875,5998.740234375,-7.52,-0.125,5928.95,,69.79,,,63.91,54.27,0.905,14.100000381469727,10.75,0.7624,,,,,,,,,
2024-11-29,6003.97998046875,6044.169921875,6003.97998046875,6032.3798828125,5.24,0.087,5938.8,,93.58,,,66.79,53.64,0.889,13.510000228881836,10.890000343322754,0.8061,,,,,,,,,
2024-12-02,6040.10986328125,6053.580078125,6035.330078125,6047.14990234375,7.73,0.128,5949.12,,98.03,,,67.99,51.33,0.849,13.34000015258789,11.859999656677246,0.8891,,,,,,,,,
2024-12-03,6042.97021484375,6052.06982421875,6033.39013671875,6049.8798828125,-4.18,-0.069,5958.72,,91.16,,,68.22,48.99,0.81,13.300000190734863,11.869999885559082,0.8925,,,,,,,,,
2024-12-04,6069.39013671875,6089.83984375,6061.06005859375,6086.490234375,19.51,0.322,5970.88,,115.61,,,71.21,48.35,0.794,13.449999809265137,11.600000381469727,0.8625,,,,,,,,,
2024-12-05,6089.02978515625,6094.5498046875,6072.89990234375,6075.10986328125,2.54,0.042,5980.81,,94.3,,,69.04,46.44,0.764,13.539999961853027,11.680000305175781,0.8626,,,,,,,,,
2024-12-06,6081.3798828125,6099.97021484375,6079.97998046875,6090.27001953125,6.27,0.103,5991.24,,99.03,,,70.33,44.9,0.737,12.770000457763672,10.380000114440918,0.8128,,,,,,,,,
2024-12-09,6083.009765625,6088.509765625,6048.6298828125,6052.85009765625,-7.26,-0.119,5997.1,,55.75,,,63.29,44.67,0.738,14.1899995803833,12.970000267028809,0.914,,,,,,,,,
2024-12-10,6057.58984375,6065.39990234375,6029.89013671875,6034.91015625,4.74,0.078,6000.7,,34.21,,,60.18,44.01,0.729,14.180000305175781,13.289999961853027,0.9372,,,,,,,,,
2024-12-11,6060.14990234375,6092.58984375,6060.14990234375,6084.18994140625,25.24,0.418,6008.66,,75.53,,,65.23,44.99,0.739,13.579999923706055,12.039999961853027,0.8866,,,,,,,,,
2024-12-12,6074.2900390625,6079.68017578125,6051.25,6051.25,-9.9,-0.163,6012.71,,38.54,,,59.77,44.13,0.729,13.920000076293945,11.930000305175781,0.857,,,,,,,,,
2024-12-13,6068.169921875,6078.580078125,6035.77001953125,6051.08984375,16.92,0.28,6016.37,,34.72,,,59.74,44.03,0.728,13.8100004196167,10.899999618530273,0.7893,,,,,,,,,
2024-12-16,6063.7900390625,6085.18994140625,6059.14013671875,6074.080078125,12.7,0.21,6021.86,5912.99,52.22,161.09,108.87,62.3,43.32,0.713,14.6899995803833,12.0600004196167,0.821,,,,,,,,,
2024-12-17,6052.5498046875,6057.68017578125,6035.18994140625,6050.60986328125,-21.53,-0.354,6024.6,5918.39,26.01,132.22,106.21,58.23,43.01,0.711,15.869999885559082,13.390000343322754,0.8437,,,,,,,,,
2024-12-18,6047.64990234375,6070.669921875,5867.7900390625,5872.16015625,-2.96,-0.049,6010.08,5916.58,-137.92,-44.42,93.51,37.96,54.43,0.927,27.6200008392334,35.41999816894531,1.2824,,,,,,,,,
2024-12-19,5912.7099609375,5935.52001953125,5866.06982421875,5867.080078125,40.55,0.691,5996.46,5914.64,-129.38,-47.56,81.83,37.56,55.5,0.946,24.09000015258789,23.719999313354492,0.9846,,,,,,,,,
2024-12-20,5842.0,5982.06005859375,5832.2998046875,5930.85009765625,-25.08,-0.427,5990.21,5915.27,-59.36,15.58,74.94,45.36,62.23,1.049,18.360000610351562,15.949999809265137,0.8687,,,,,,,,,
2024-12-23,5940.25,5978.25,5902.56982421875,5974.06982421875,9.4,0.158,5988.68,5917.58,-14.61,56.49,71.1,49.93,63.19,1.058,16.780000686645508,14.760000228881836,0.8796,,,,,,,,,
2024-12-24,5984.6298828125,6040.10009765625,5981.43994140625,6040.0400390625,10.56,0.177,5993.57,5922.38,46.47,117.66,71.19,55.97,63.4,1.05,14.270000457763672,10.890000343322754,0.7631,,,,,,,,,
2024-12-26,6024.97021484375,6049.75,6007.3701171875,6037.58984375,-15.07,-0.249,5997.76,5926.9,39.83,110.69,70.86,55.7,61.9,1.025,14.729999542236328,11.630000114440918,0.7895,,,,,,,,,
2024-12-27,6006.169921875,6006.169921875,5932.9501953125,5970.83984375,-31.42,-0.52,5995.2,5928.62,-24.36,42.22,66.58,48.82,64.95,1.088,15.949999809265137,13.3100004196167,0.8345,,,,,,,,,
2024-12-30,5920.669921875,5940.7900390625,5869.16015625,5906.93994140625,-50.17,-0.84,5986.79,5927.77,-79.85,-20.83,59.02,43.3,67.57,1.144,17.399999618530273,15.8100004196167,0.9086,,,,,,,,,
2024-12-31,5919.740234375,5929.740234375,5868.85986328125,5881.6298828125,12.8,0.217,5976.78,5925.96,-95.15,-44.33,50.82,41.31,67.09,1.141,17.350000381469727,15.149999618530273,0.8732,,,,,,,,,
2025-01-02,5903.259765625,5935.08984375,5829.52978515625,5868.5498046875,21.63,0.368,5966.47,5923.71,-97.92,-55.16,42.76,40.28,69.84,1.19,17.93000030517578,16.260000228881836,0.9069,,,,,,,,,
2025-01-03,5891.06982421875,5949.33984375,5888.66015625,5942.47021484375,22.52,0.384,5964.18,5924.45,-21.71,18.02,39.74,48.15,70.62,1.188,16.1299991607666,13.4399995803833,0.8332,,,,,,,,,
2025-01-06,5982.81005859375,6021.0400390625,5960.009765625,5975.3798828125,40.34,0.679,5965.25,5926.44,10.13,48.94,38.81,51.24,71.19,1.191,16.040000915527344,14.199999809265137,0.8853,,,,,,,,,
2025-01-07,5993.259765625,6000.68017578125,5890.68017578125,5909.02978515625,17.88,0.299,5959.9,5925.76,-50.87,-16.73,34.14,45.38,73.96,1.252,17.81999969482422,16.100000381469727,0.9035,,,,,,,,,
2025-01-08,5910.66015625,5927.89013671875,5874.77978515625,5918.25,1.63,0.028,5955.93,5925.47,-37.68,-7.22,30.46,46.3,72.47,1.225,17.700000762939453,16.149999618530273,0.9124,,,,,,,,,
2025-01-10,5890.35009765625,5890.35009765625,5807.77978515625,5827.0400390625,-27.9,-0.471,5943.65,5921.61,-116.61,-94.57,22.05,39.26,75.19,1.29,19.540000915527344,17.829999923706055,0.9125,,,,,,,,,
2025-01-13,5782.02001953125,5838.60986328125,5773.31005859375,5836.22021484375,-45.02,-0.773,5933.42,5918.26,-97.2,-82.04,15.17,40.24,74.48,1.276,19.190000534057617,18.700000762939453,0.9745,,,,,,,,,
2025-01-14,5859.27001953125,5871.919921875,5805.419921875,5842.91015625,23.05,0.395,5924.8,5915.3,-81.89,-72.39,9.5,40.99,73.91,1.265,18.709999084472656,18.149999618530273,0.9701,,,,,,,,,
2025-01-15,5905.2099609375,5960.60986328125,5905.2099609375,5949.91015625,62.3,1.066,5927.19,5916.66,22.72,33.25,10.53,51.49,77.04,1.295,16.1200008392334,13.9399995803833,0.8648,,,,,,,,,
2025-01-16,5963.60986328125,5964.68994140625,5930.72021484375,5937.33984375,13.7,0.23,5928.16,5917.47,9.18,19.87,10.69,50.36,73.96,1.246,16.600000381469727,14.880000114440918,0.8964,,,,,,,,,
2025-01-17,5995.39990234375,6014.9599609375,5978.43994140625,5996.66015625,58.06,0.978,5934.68,5920.58,61.98,76.08,14.11,55.35,74.22,1.238,15.970000267028809,14.130000114440918,0.8848,,,,,,,,,
2025-01-21,6014.1201171875,6051.509765625,6006.8798828125,6049.240234375,17.46,0.291,5945.59,5925.62,103.65,123.62,19.97,59.26,72.84,1.204,15.0600004196167,14.3100004196167,0.9502,,,,,,,,,
2025-01-22,6081.39013671875,6100.81005859375,6076.1298828125,6086.3701171875,32.15,0.531,5959.0,5931.93,127.37,154.44,27.08,61.81,71.32,1.172,15.100000381469727,13.569999694824219,0.8987,,,,,,,,,
2025-01-23,6076.31982421875,6118.72998046875,6074.669921875,6118.7099609375,-10.05,-0.165,5974.21,5939.25,144.5,179.46,34.96,63.92,69.37,1.134,15.020000457763672,13.420000076293945,0.8935,,,,,,,,,
2025-01-24,6121.43017578125,6128.18017578125,6088.740234375,6101.240234375,2.72,0.044,5986.31,5945.6,114.93,155.64,40.71,61.93,67.24,1.102,14.850000381469727,12.880000114440918,0.8673,,,,,,,,,
2025-01-27,5969.0400390625,6017.169921875,5962.919921875,6012.27978515625,-132.2,-2.167,5988.78,5948.22,23.5,64.06,40.56,52.88,72.31,1.203,17.899999618530273,18.450000762939453,1.0307,,,,,,,,,
2025-01-28,6026.97021484375,6074.5400390625,5994.6298828125,6067.7001953125,14.69,0.244,5996.3,5952.9,71.4,114.8,43.4,57.09,72.86,1.201,16.40999984741211,16.639999389648438,1.014,,,,,,,,,
2025-01-29,6057.7001953125,6062.830078125,6012.9599609375,6039.31005859375,-10.0,-0.165,6000.4,5956.29,38.92,83.02,44.1,54.41,71.56,1.185,16.559999465942383,16.40999984741211,0.9909,,,,,,,,,
2025-01-30,6050.75,6086.64013671875,6027.4599609375,6071.169921875,11.44,0.189,6007.14,5960.8,64.03,110.37,46.34,56.85,70.68,1.164,15.84000015258789,14.979999542236328,0.9457,,,,,,,,,
2025-01-31,6096.7900390625,6120.91015625,6030.93017578125,6040.52978515625,25.62,0.422,6010.32,5963.92,30.21,76.61,46.39,53.86,72.06,1.193,16.43000030517578,15.850000381469727,0.9647,,,,,,,,,
2025-02-03,5969.64990234375,6022.1298828125,5923.93017578125,5994.56982421875,-70.88,-1.173,6008.82,5965.13,-14.25,29.44,43.69,49.64,75.24,1.255,18.6200008392334,19.3799991607666,1.0408,,,,,,,,,
2025-02-04,5998.14013671875,6042.47998046875,5990.8701171875,6037.8798828125,3.57,0.06,6011.58,5967.98,26.3,69.9,43.61,53.35,73.55,1.218,17.209999084472656,17.0,0.9878,,,,,,,,,
2025-02-05,6020.4501953125,6062.85986328125,6007.06005859375,6061.47998046875,-17.43,-0.289,6016.34,5971.65,45.14,89.83,44.69,55.28,72.28,1.192,15.770000457763672,14.880000114440918,0.9436,,,,,,,,,
2025-02-06,6072.22021484375,6084.02978515625,6046.830078125,6083.56982421875,10.74,0.177,6022.74,5976.03,60.83,107.54,46.7,57.08,69.78,1.147,15.5,14.149999618530273,0.9129,,,,,,,,,
2025-02-07,6083.1298828125,6101.27978515625,6019.9599609375,6025.990234375,-0.44,-0.007,6023.05,5977.99,2.94,48.0,45.06,51.3,70.6,1.172,16.540000915527344,14.670000076293945,0.8869,,,,,,,,,
2025-02-10,6046.39990234375,6073.3798828125,6044.83984375,6066.43994140625,20.41,0.339,6027.18,5981.46,39.26,84.98,45.72,54.76,68.94,1.136,15.8100004196167,13.760000228881836,0.8703,,,,,,,,,
2025-02-11,6049.31982421875,6076.27978515625,6042.33984375,6068.5,-17.12,-0.282,6031.12,5984.88,37.38,83.62,46.24,54.94,66.44,1.095,16.020000457763672,13.829999923706055,0.8633,,,,,,,,,
2025-02-12,6025.080078125,6063.0,6003.0,6051.97021484375,-43.42,-0.715,6033.1,5987.51,18.87,64.46,45.6,53.16,66.38,1.097,15.890000343322754,13.510000228881836,0.8502,,,,,,,,,
2025-02-13,6060.58984375,6116.91015625,6050.9501953125,6115.06982421875,8.62,0.142,6040.91,5992.51,74.16,122.56,48.4,58.67,66.35,1.085,15.100000381469727,12.3100004196167,0.8152,,,,,,,,,
2025-02-14,6115.52001953125,6127.47021484375,6107.6201171875,6114.6298828125,0.45,0.007,6047.93,5997.3,66.7,117.33,50.63,58.62,63.02,1.031,14.770000457763672,11.5600004196167,0.7827,,,,,,,,,
2025-02-18,6121.60009765625,6129.6298828125,6099.509765625,6129.580078125,6.97,0.114,6055.71,6002.49,73.87,127.09,53.22,59.92,60.67,0.99,15.350000381469727,13.199999809265137,0.8599,,,,,,,,,
2025-02-19,6117.759765625,6147.43017578125,6111.14990234375,6144.14990234375,-11.82,-0.193,6064.13,6008.04,80.02,136.11,56.09,61.19,58.93,0.959,15.270000457763672,13.0600004196167,0.8553,,,,,,,,,
2025-02-20,6134.5,6134.5,6084.58984375,6117.52001953125,-9.65,-0.157,6069.21,6012.33,48.31,105.19,56.88,57.59,58.98,0.964,15.65999984741211,13.460000038146973,0.8595,,,,,,,,,
2025-02-21,6114.10009765625,6114.81982421875,6008.56005859375,6013.1298828125,-3.42,-0.056,6063.87,6012.37,-50.74,0.76,51.51,46.11,62.55,1.04,18.209999084472656,17.0,0.9336,,,,,,,,,
2025-02-24,6026.68994140625,6043.64990234375,5977.830078125,5983.25,13.56,0.226,6056.19,6011.22,-72.94,-27.97,44.97,43.44,62.78,1.049,18.979999542236328,18.299999237060547,0.9642,,,,,,,,,
2025-02-25,5982.72998046875,5992.64990234375,5908.490234375,5955.25,-0.52,-0.009,6046.58,6009.03,-91.33,-53.78,37.55,41.04,64.31,1.08,19.43000030517578,19.290000915527344,0.9928,,,,,,,,,
2025-02-26,5970.8701171875,6009.81982421875,5932.68994140625,5956.06005859375,15.62,0.262,6037.96,6006.95,-81.9,-50.89,31.01,41.14,65.22,1.095,19.100000381469727,18.8799991607666,0.9885,,,,,,,,,
2025-02-27,5981.8798828125,5993.68994140625,5858.77978515625,5861.56982421875,25.82,0.434,6021.16,6001.25,-159.59,-139.68,19.91,33.85,70.2,1.198,21.1299991607666,20.950000762939453,0.9915,,,,,,,,,
2025-02-28,5856.740234375,5959.39990234375,5837.66015625,5954.5,-4.83,-0.082,6014.81,5999.42,-60.31,-44.92,15.4,44.31,73.88,1.241,19.6299991607666,18.8799991607666,0.9618,,,,,,,,,
2025-03-03,5968.330078125,5986.08984375,5810.91015625,5849.72021484375,13.83,0.232,5999.09,5993.55,-149.37,-143.83,5.54,37.17,81.12,1.387,22.780000686645508,23.959999084472656,1.0518,,,,,,,,,
2025-03-04,5811.97998046875,5865.080078125,5732.58984375,5778.14990234375,-37.74,-0.645,5978.05,5985.1,-199.9,-206.95,-7.05,33.23,84.79,1.467,23.510000228881836,24.790000915527344,1.0544,,,,,,,,,
2025-03-05,5781.35986328125,5860.58984375,5742.35009765625,5842.6298828125,3.21,0.056,5965.15,5979.51,-122.52,-136.88,-14.36,39.46,87.18,1.492,21.93000030517578,22.899999618530273,1.0442,,,,,,,,,
2025-03-06,5785.8701171875,5812.080078125,5711.64013671875,5738.52001953125,-56.76,-0.971,5943.57,5970.06,-205.05,-231.54,-26.5,33.95,90.31,1.574,24.8700008392334,26.790000915527344,1.0772,,,,,,,,,
2025-03-07,5726.009765625,5783.009765625,5666.2900390625,5770.2001953125,-12.51,-0.218,5927.06,5962.22,-156.86,-192.02,-35.17,36.84,92.19,1.598,23.3700008392334,23.790000915527344,1.018,,,,,,,,,
2025-03-10,5705.3701171875,5705.3701171875,5564.02001953125,5614.56005859375,-64.83,-1.124,5897.29,5948.59,-282.73,-334.03,-51.3,29.92,100.34,1.787,27.860000610351562,31.190000534057617,1.1195,,,,,,,,,
2025-03-11,5603.64990234375,5636.2998046875,5528.41015625,5572.06982421875,-10.91,-0.194,5866.32,5933.82,-294.25,-361.75,-67.5,28.35,100.87,1.81,26.920000076293945,28.93000030517578,1.0747,,,,,,,,,
2025-03-12,5624.83984375,5642.18994140625,5546.08984375,5599.2998046875,52.77,0.947,5840.89,5920.71,-241.59,-321.41,-79.82,30.85,100.53,1.795,24.229999542236328,25.260000228881836,1.0425,,,,,,,,,
2025-03-13,5594.4501953125,5597.77978515625,5504.64990234375,5521.52001953125,-4.85,-0.087,5810.47,5905.05,-288.95,-383.53,-94.58,27.86,100.11,1.813,24.65999984741211,25.360000610351562,1.0284,,,,,,,,,
2025-03-14,5563.85009765625,5645.27001953125,5563.85009765625,5638.93994140625,42.33,0.767,5794.14,5894.62,-155.2,-255.68,-100.48,37.68,101.8,1.805,21.770000457763672,21.770000457763672,1.0,,,,,,,,,
2025-03-17,5635.60009765625,5703.52001953125,5631.1201171875,5675.1201171875,-3.34,-0.059,5782.8,5886.01,-107.68,-210.89,-103.21,40.37,99.7,1.757,20.510000228881836,21.299999237060547,1.0385,,,,,,,,,
2025-03-18,5654.52978515625,5654.52978515625,5597.759765625,5614.66015625,-20.59,-0.363,5766.79,5875.37,-152.13,-260.71,-108.58,37.46,98.11,1.747,21.700000762939453,22.59000015258789,1.041,,,,,,,,,
2025-03-19,5632.3701171875,5715.330078125,5622.2001953125,5675.2900390625,17.71,0.315,5758.07,5867.52,-82.78,-192.23,-109.45,41.98,98.29,1.732,19.899999618530273,19.790000915527344,0.9945,,,,,,,,,
2025-03-20,5646.919921875,5711.14990234375,5632.330078125,5662.89013671875,-28.37,-0.5,5749.01,5859.5,-86.12,-196.61,-110.49,41.32,96.9,1.711,19.799999237060547,19.459999084472656,0.9828,,,,,,,,,
2025-03-21,5630.72998046875,5670.83984375,5603.10009765625,5667.56005859375,-32.16,-0.568,5741.25,5851.97,-73.69,-184.41,-110.72,41.69,94.82,1.673,19.280000686645508,18.579999923706055,0.9637,,,,,,,,,
2025-03-24,5718.080078125,5775.14013671875,5718.080078125,5767.56982421875,50.52,0.891,5743.76,5848.66,23.81,-81.09,-104.9,49.1,95.73,1.66,17.479999542236328,18.559999465942383,1.0618,,,,,,,,,
2025-03-25,5775.9599609375,5786.9501953125,5760.419921875,5776.64990234375,8.39,0.145,5746.89,5845.84,29.76,-69.19,-98.94,49.72,90.78,1.572,17.149999618530273,18.010000228881836,1.0501,,,,,,,,,
2025-03-26,5771.66015625,5783.6201171875,5694.41015625,5712.2001953125,-4.99,-0.086,5743.59,5840.6,-31.39,-128.39,-97.01,45.46,90.67,1.587,18.329999923706055,19.959999084472656,1.0889,,,,,,,,,
2025-03-27,5695.64013671875,5732.27978515625,5670.93994140625,5693.31005859375,-16.56,-0.29,5738.8,5834.82,-45.49,-141.51,-96.02,44.26,88.58,1.556,18.690000534057617,20.030000686645508,1.0717,,,,,,,,,
2025-03-28,5679.2001953125,5685.89013671875,5572.419921875,5580.93994140625,-14.11,-0.248,5723.76,5824.86,-142.82,-243.92,-101.1,37.87,90.89,1.628,21.649999618530273,22.690000534057617,1.048,,,,,,,,,
2025-03-31,5527.91015625,5627.56005859375,5488.72998046875,5611.85009765625,-53.03,-0.95,5713.11,5816.51,-101.26,-204.66,-103.4,40.42,94.31,1.681,22.280000686645508,25.139999389648438,1.1284,,,,,,,,,
2025-04-01,5597.52978515625,5650.56982421875,5558.52001953125,5633.06982421875,-14.32,-0.255,5705.48,5809.32,-72.41,-176.25,-103.83,42.17,94.15,1.671,21.770000457763672,24.459999084472656,1.1236,,,,,,,,,
2025-04-02,5580.759765625,5695.31005859375,5571.47998046875,5670.97021484375,-52.31,-0.929,5702.2,5803.89,-31.23,-132.92,-101.69,45.27,96.27,1.698,21.510000228881836,24.290000915527344,1.1292,,,,,,,,,
2025-04-03,5492.740234375,5499.52978515625,5390.830078125,5396.52001953125,-178.23,-3.143,5673.08,5787.92,-276.56,-391.4,-114.83,31.92,109.4,2.027,30.020000457763672,34.099998474121094,1.1359,,,,,,,,,
2025-04-04,5292.14013671875,5292.14013671875,5069.89990234375,5074.080078125,-104.38,-1.934,5616.04,5759.92,-541.96,-685.84,-143.89,23.25,124.92,2.462,45.310001373291016,57.16999816894531,1.2618,,,,,,,,,
2025-04-07,4953.7900390625,5246.56982421875,4835.0400390625,5062.25,-120.29,-2.371,5563.29,5732.56,-501.04,-670.31,-169.27,23.0,145.39,2.872,46.97999954223633,62.58000183105469,1.3321,,,,,,,,,
2025-04-08,5193.56982421875,5267.47021484375,4910.419921875,4982.77001953125,131.32,2.594,5508.01,5703.16,-525.24,-720.39,-195.15,21.36,160.51,3.221,52.33000183105469,67.62999725341797,1.2924,,,,,,,,,
2025-04-09,4965.27978515625,5481.33984375,4948.43017578125,5456.89990234375,-17.49,-0.351,5503.14,5693.5,-46.24,-236.6,-190.36,46.08,187.11,3.429,33.619998931884766,40.060001373291016,1.1916,,,,,,,,,
2025-04-10,5353.14990234375,5353.14990234375,5115.27001953125,5268.0498046875,-103.75,-1.901,5480.75,5676.82,-212.7,-408.77,-196.07,40.61,198.15,3.761,40.720001220703125,50.43000030517578,1.2385,,,,,,,,,
2025-04-11,5255.56005859375,5381.4599609375,5220.77001953125,5363.35986328125,-12.49,-0.237,5469.57,5664.52,-106.21,-301.16,-194.95,44.21,195.47,3.645,37.560001373291016,43.31999969482422,1.1534,,,,,,,,,
2025-04-14,5441.9599609375,5459.4599609375,5358.02001953125,5405.97021484375,78.6,1.466,5463.51,5654.39,-57.54,-248.41,-190.87,45.79,188.75,3.492,30.889999389648438,34.20000076293945,1.1072,,,,,,,,,
2025-04-15,5411.990234375,5450.41015625,5386.43994140625,5396.6298828125,6.02,0.111,5457.14,5644.28,-60.51,-247.65,-187.13,45.49,179.84,3.332,30.1200008392334,29.940000534057617,0.994,,,,,,,,,
2025-04-16,5335.75,5367.240234375,5220.7900390625,5275.7001953125,-60.88,-1.128,5439.86,5629.82,-164.16,-354.12,-189.96,41.63,179.56,3.403,32.63999938964844,33.220001220703125,1.0178,,,,,,,,,
2025-04-17,5305.4501953125,5328.31005859375,5255.580078125,5282.7001953125,29.75,0.564,5424.89,5616.21,-142.19,-333.51,-191.32,41.93,171.92,3.254,29.649999618530273,27.649999618530273,0.9325,,,,,,,,,
2025-04-21,5232.93994140625,5232.93994140625,5101.6298828125,5158.2001953125,-49.76,-0.942,5399.5,5598.25,-241.3,-440.05,-198.75,38.09,172.58,3.346,33.81999969482422,36.560001373291016,1.081,,,,,,,,,
2025-04-22,5207.669921875,5309.60986328125,5207.669921875,5287.759765625,49.47,0.959,5388.85,5586.07,-101.09,-298.31,-197.22,43.85,171.07,3.235,30.56999969482422,33.13999938964844,1.0841,,,,,,,,,
2025-04-23,5395.919921875,5469.68994140625,5356.169921875,5375.85986328125,108.16,2.045,5387.62,5577.83,-11.76,-201.97,-190.21,47.44,171.84,3.197,28.450000762939453,30.739999771118164,1.0805,,,,,,,,,
2025-04-24,5381.3798828125,5489.39990234375,5371.9599609375,5484.77001953125,5.52,0.103,5396.87,5574.18,87.9,-89.41,-177.31,51.55,167.96,3.062,26.469999313354492,28.280000686645508,1.0684,,,,,,,,,
2025-04-25,5489.72998046875,5528.10986328125,5455.85986328125,5525.2099609375,4.96,0.09,5409.09,5572.26,116.12,-47.05,-163.17,53.03,161.12,2.916,24.84000015258789,24.639999389648438,0.9919,,,,,,,,,
2025-04-28,5529.22021484375,5553.66015625,5468.64013671875,5528.75,4.01,0.073,5420.49,5570.55,108.26,-41.8,-150.07,53.16,155.68,2.816,25.149999618530273,26.469999313354492,1.0525,,,,,,,,,
2025-04-29,5508.8701171875,5571.9501953125,5505.7001953125,5560.830078125,-19.88,-0.36,5433.85,5570.17,126.98,-9.34,-136.32,54.43,149.3,2.685,24.170000076293945,24.950000762939453,1.0323,,,,,,,,,
2025-04-30,5499.43994140625,5581.83984375,5433.240234375,5569.06005859375,-61.39,-1.104,5446.73,5570.13,122.33,-1.07,-123.4,54.77,149.25,2.68,24.700000762939453,25.06999969482422,1.015,,,,,,,,,
2025-05-01,5625.14013671875,5658.91015625,5597.35009765625,5604.14013671875,56.08,1.007,5461.72,5571.46,142.42,32.68,-109.74,56.26,145.0,2.587,24.600000381469727,24.81999969482422,1.0089,,,,,,,,,
2025-05-02,5645.8798828125,5700.7001953125,5642.27978515625,5686.669921875,41.74,0.745,5483.15,5575.98,203.52,110.69,-92.83,59.63,141.54,2.489,22.68000030517578,21.219999313354492,0.9356,,,,,,,,,
2025-05-05,5655.31982421875,5683.3798828125,5634.47998046875,5650.3798828125,-31.35,-0.551,5499.07,5578.9,151.31,71.48,-79.83,57.53,135.16,2.392,23.639999389648438,22.729999542236328,0.9615,,,,,,,,,
2025-05-06,5605.8701171875,5649.580078125,5586.0400390625,5606.91015625,-44.51,-0.788,5509.34,5580.0,97.57,26.91,-70.65,55.03,130.1,2.32,24.760000228881836,24.139999389648438,0.975,,,,,,,,,
2025-05-07,5614.18017578125,5654.72998046875,5578.64013671875,5631.27978515625,7.27,0.13,5520.96,5582.01,110.32,49.27,-61.05,56.18,126.24,2.242,23.549999237060547,22.690000534057617,0.9635,,,,,,,,,
2025-05-08,5663.60009765625,5720.10009765625,5635.3798828125,5663.93994140625,32.32,0.574,5534.57,5585.22,129.37,78.72,-50.65,57.74,123.57,2.182,22.479999542236328,21.6299991607666,0.9622,,,,,,,,,
2025-05-09,5679.64990234375,5691.68994140625,5644.14990234375,5659.91015625,15.71,0.277,5546.51,5588.15,113.4,71.76,-41.64,57.47,118.14,2.087,21.899999618530273,20.8700008392334,0.953,,,,,,,,,
2025-05-12,5807.2001953125,5845.3701171875,5786.080078125,5844.18994140625,147.29,2.602,5574.86,5598.19,269.33,246.0,-23.33,65.48,122.95,2.104,18.389999389648438,17.969999313354492,0.9772,,,,,,,,,
2025-05-13,5854.14990234375,5906.64013671875,5845.02001953125,5886.5498046875,9.96,0.17,5604.55,5609.5,282.0,277.05,-4.95,67.01,118.63,2.015,18.219999313354492,17.40999984741211,0.9555,,,,,,,,,
2025-05-14,5896.740234375,5906.5498046875,5872.10986328125,5892.580078125,10.19,0.173,5631.98,5620.6,260.6,271.98,11.38,67.24,112.61,1.911,18.6200008392334,17.530000686645508,0.9415,,,,,,,,,
2025-05-15,5869.81982421875,5924.2099609375,5865.16015625,5916.93017578125,-22.76,-0.386,5659.12,5632.22,257.81,284.71,26.9,68.17,108.79,1.839,17.829999923706055,15.880000114440918,0.8906,,,,,,,,,
2025-05-16,5929.08984375,5958.6201171875,5907.35986328125,5958.3798828125,12.16,0.206,5687.62,5645.01,270.76,313.37,42.61,69.76,104.68,1.757,17.239999771118164,14.350000381469727,0.8324,,,,,,,,,
2025-05-19,5902.8798828125,5968.60986328125,5895.68994140625,5963.60009765625,-55.5,-0.931,5713.9,5657.5,249.7,306.1,56.4,69.97,102.41,1.717,18.139999389648438,16.809999465942383,0.9267,,,,,,,,,
2025-05-20,5944.66015625,5953.06005859375,5909.259765625,5940.4599609375,-18.94,-0.318,5735.48,5668.6,204.98,271.86,66.88,67.79,98.98,1.666,18.09000015258789,16.56999969482422,0.916,,,,,,,,,
2025-05-21,5910.18017578125,5938.3701171875,5830.91015625,5844.60986328125,-30.28,-0.51,5745.87,5675.5,98.74,169.11,70.37,59.54,99.73,1.706,20.8700008392334,19.559999465942383,0.9372,,,,,,,,,
2025-05-22,5841.259765625,5878.080078125,5825.81982421875,5842.009765625,-3.35,-0.057,5755.03,5682.03,86.98,159.98,72.99,59.33,96.34,1.649,20.280000686645508,18.420000076293945,0.9083,,,,,,,,,
2025-05-23,5781.89013671875,5829.509765625,5767.41015625,5802.81982421875,-60.12,-1.029,5759.58,5686.77,43.24,116.05,72.81,56.1,94.79,1.633,22.290000915527344,20.6299991607666,0.9255,,,,,,,,,
2025-05-27,5854.06982421875,5924.330078125,5854.06982421875,5921.5400390625,51.25,0.883,5775.0,5695.98,146.54,225.56,79.03,62.72,96.7,1.633,18.959999084472656,17.899999618530273,0.9441,,,,,,,,,
2025-05-28,5925.5400390625,5939.919921875,5881.8798828125,5888.5498046875,4.0,0.068,5785.82,5703.53,102.73,185.02,82.29,60.01,93.94,1.595,19.309999465942383,18.190000534057617,0.942,,,,,,,,,
2025-05-29,5939.9599609375,5943.1298828125,5873.7998046875,5912.169921875,51.41,0.873,5797.85,5711.71,114.32,200.46,86.14,61.3,92.18,1.559,19.18000030517578,17.84000015258789,0.9301,,,,,,,,,
2025-05-30,5903.669921875,5922.14013671875,5843.66015625,5911.68994140625,-8.5,-0.144,5808.69,5719.55,103.0,192.14,89.14,61.25,91.2,1.543,18.56999969482422,16.739999771118164,0.9015,,,,,,,,,
2025-06-02,5896.68017578125,5937.39990234375,5861.43017578125,5935.93994140625,-15.01,-0.254,5820.81,5728.04,115.13,207.9,92.77,62.68,90.11,1.518,18.360000610351562,17.639999389648438,0.9608,,,,,,,,,
2025-06-03,5938.56005859375,5981.35009765625,5929.0,5970.3701171875,2.62,0.044,5835.06,5737.54,135.31,232.83,97.51,64.68,87.41,1.464,17.690000534057617,16.6200008392334,0.9395,,,,,,,,,
2025-06-04,5978.93994140625,5990.47998046875,5966.10986328125,5970.81005859375,8.57,0.144,5847.98,5746.69,122.83,224.12,101.3,64.7,82.91,1.389,17.610000610351562,16.040000915527344,0.9108,,,,,,,,,
2025-06-05,5985.669921875,5999.7001953125,5921.2001953125,5939.2998046875,14.86,0.249,5856.68,5754.24,82.62,185.06,102.44,61.23,82.6,1.391,18.479999542236328,17.34000015258789,0.9383,,,,,,,,,
2025-06-06,5987.06005859375,6016.8701171875,5978.6298828125,6000.35986328125,47.76,0.804,5870.36,5763.89,129.99,236.47,106.47,65.13,82.24,1.371,16.770000457763672,14.199999809265137,0.8468,,,,,,,,,
2025-06-09,6004.6298828125,6021.31005859375,5994.18017578125,6005.8798828125,4.27,0.071,5883.27,5773.38,122.61,232.5,109.89,65.47,78.3,1.304,17.15999984741211,15.380000114440918,0.8963,,,,,,,,,
2025-06-10,6009.91015625,6043.009765625,6000.27978515625,6038.81005859375,4.03,0.067,5898.08,5783.79,140.73,255.02,114.29,67.5,75.76,1.255,16.950000762939453,15.15999984741211,0.8944,,,,,,,,,
2025-06-11,6049.3798828125,6059.39990234375,6002.31982421875,6022.240234375,10.57,0.175,5909.91,5793.14,112.33,229.1,116.76,65.42,74.43,1.236,17.260000228881836,15.420000076293945,0.8934,,,,,,,,,
2025-06-12,6009.89990234375,6045.43017578125,6003.8798828125,6045.259765625,-12.34,-0.205,5922.8,5803.03,122.46,242.23,119.77,66.94,72.08,1.192,18.020000457763672,16.1200008392334,0.8946,,,,,,,,,
2025-06-13,6000.56005859375,6026.16015625,5963.2099609375,5976.97021484375,-44.7,-0.739,5927.96,5809.85,49.01,167.12,118.11,58.68,72.79,1.218,20.81999969482422,19.260000228881836,0.9251,,,,,,,,,
2025-06-16,6004.0,6050.830078125,6004.0,6033.10986328125,27.03,0.452,5937.97,5818.61,95.14,214.5,119.37,62.75,72.87,1.208,19.110000610351562,17.8700008392334,0.9351,,,,,,,,,
2025-06-17,6012.14990234375,6023.25,5974.7998046875,5982.72021484375,-20.96,-0.347,5942.23,5825.04,40.49,157.68,117.19,57.3,71.83,1.201,21.600000381469727,21.860000610351562,1.012,,,,,,,,,
2025-06-18,5987.93017578125,6018.25,5971.89013671875,5980.8701171875,5.21,0.087,5945.91,5831.15,34.96,149.72,114.76,57.1,70.01,1.171,20.139999389648438,19.1299991607666,0.9499,,,,,,,,,
2025-06-20,5999.669921875,6018.2001953125,5952.56005859375,5967.83984375,18.8,0.314,5948.0,5836.51,19.84,131.33,111.49,55.65,69.7,1.168,20.6200008392334,18.31999969482422,0.8885,,,,,,,,,
2025-06-23,5969.669921875,6028.77001953125,5943.22998046875,6025.169921875,1.83,0.031,5955.35,5843.91,69.82,181.26,111.44,60.4,70.83,1.176,19.829999923706055,17.920000076293945,0.9037,,,,,,,,,
2025-06-24,6061.2099609375,6101.759765625,6059.25,6092.18017578125,36.04,0.598,5968.38,5853.65,123.8,238.53,114.73,65.11,71.24,1.169,17.479999542236328,15.399999618530273,0.881,,,,,,,,,
2025-06-25,6104.22998046875,6108.509765625,6080.08984375,6092.16015625,12.05,0.198,5980.17,5863.0,111.99,229.16,117.17,65.11,68.18,1.119,16.760000228881836,13.8100004196167,0.824,,,,,,,,,
2025-06-26,6112.08984375,6146.52001953125,6107.27001953125,6141.02001953125,19.93,0.327,5995.49,5873.9,145.53,267.12,121.59,68.29,67.19,1.094,16.59000015258789,13.489999771118164,0.8131,,,,,,,,,
2025-06-27,6150.7001953125,6187.68017578125,6132.35009765625,6173.06982421875,9.68,0.158,6012.4,5885.64,160.67,287.43,126.77,70.21,66.35,1.075,16.31999969482422,12.8100004196167,0.7849,,,,,,,,,
2025-06-30,6193.35986328125,6215.080078125,6174.97021484375,6204.9501953125,20.29,0.329,6030.74,5898.16,174.21,306.79,132.58,72.03,64.61,1.041,16.729999542236328,13.770000457763672,0.8231,,,,,,,,,
2025-07-01,6187.25,6210.77978515625,6177.97021484375,6198.009765625,-17.7,-0.285,6046.67,5909.92,151.34,288.09,136.75,71.02,62.34,1.006,16.829999923706055,13.789999961853027,0.8194,,,,,,,,,
2025-07-02,6193.8798828125,6227.60009765625,6188.2900390625,6227.419921875,-4.13,-0.067,6063.88,5922.37,163.53,305.05,141.52,72.77,60.69,0.975,16.639999389648438,13.069999694824219,0.7855,,,,,,,,,
2025-07-03,6246.4599609375,6284.64990234375,6246.4599609375,6279.35009765625,19.04,0.306,6084.41,5936.37,194.94,342.98,148.04,75.57,60.44,0.963,16.3799991607666,12.850000381469727,0.7845,,,,,,,,,
2025-07-07,6259.0400390625,6262.06982421875,6201.0,6229.97998046875,-20.31,-0.323,6098.27,5947.88,131.71,282.1,150.39,68.36,61.72,0.991,17.790000915527344,15.710000038146973,0.8831,,,,,,,,,
2025-07-08,6234.02978515625,6242.7001953125,6217.75,6225.52001953125,4.05,0.065,6110.39,5958.77,115.13,266.75,151.62,67.73,59.1,0.949,16.809999465942383,13.899999618530273,0.8269,,,,,,,,,
2025-07-09,6243.330078125,6269.16015625,6231.43017578125,6263.259765625,17.81,0.286,6124.95,5970.71,138.31,292.55,154.24,70.23,57.99,0.926,15.9399995803833,12.529999732971191,0.7861,,,,,,,,,
2025-07-10,6266.7998046875,6290.22021484375,6251.43994140625,6280.4599609375,3.54,0.057,6139.76,5982.86,140.7,297.6,156.9,71.32,56.62,0.902,15.779999732971191,12.460000038146973,0.7896,,,,,,,,,
2025-07-11,6255.68017578125,6269.43994140625,6237.60009765625,6259.75,-24.78,-0.395,6151.19,5993.72,108.56,266.03,157.47,68.09,55.64,0.889,16.399999618530273,13.029999732971191,0.7945,,,,,,,,,
2025-07-14,6255.14990234375,6273.31005859375,6239.22021484375,6268.56005859375,-4.6,-0.073,6162.36,6004.49,106.2,264.07,157.87,68.74,54.1,0.863,17.200000762939453,14.270000457763672,0.8297,,,,,,,,,
2025-07-15,6295.2900390625,6302.0400390625,6241.68017578125,6243.759765625,26.73,0.426,6170.12,6013.88,73.64,229.88,156.24,64.75,54.55,0.874,17.3799991607666,14.6899995803833,0.8452,,,,,,,,,
2025-07-16,6254.5,6268.1201171875,6201.58984375,6263.7001953125,10.74,0.172,6179.03,6023.67,84.67,240.03,155.36,66.43,55.4,0.884,17.15999984741211,13.770000457763672,0.8024,,,,,,,,,
2025-07-17,6263.39990234375,6304.68994140625,6262.27001953125,6297.35986328125,-0.3,-0.005,6190.3,6034.41,107.06,262.95,155.89,69.12,54.47,0.865,16.520000457763672,13.140000343322754,0.7954,,,,,,,,,
2025-07-18,6312.9501953125,6315.60986328125,6285.27001953125,6296.7900390625,15.59,0.248,6200.44,6044.7,96.35,252.09,155.74,69.02,52.75,0.838,16.40999984741211,12.699999809265137,0.7739,,,,,,,,,
2025-07-21,6304.740234375,6336.080078125,6303.7900390625,6305.60009765625,7.95,0.126,6210.46,6054.93,95.14,250.67,155.53,69.75,51.79,0.821,16.649999618530273,14.949999809265137,0.8979,,,,,,,,,
2025-07-22,6306.60009765625,6316.1201171875,6281.7099609375,6309.6201171875,1.0,0.016,6219.9,6064.92,89.72,244.7,154.98,70.1,50.55,0.801,16.5,15.029999732971191,0.9109,,,,,,,,,
2025-07-23,6326.89990234375,6360.64013671875,6317.490234375,6358.91015625,17.28,0.274,6233.14,6076.45,125.77,282.47,156.69,74.04,50.58,0.795,15.369999885559082,14.050000190734863,0.9141,,,,,,,,,
2025-07-24,6368.60009765625,6381.31005859375,6360.56982421875,6363.35009765625,9.69,0.152,6245.54,6087.7,117.81,275.65,157.84,74.37,48.57,0.763,15.390000343322754,14.079999923706055,0.9149,,,,,,,,,
2025-07-25,6370.009765625,6395.81982421875,6368.52978515625,6388.64013671875,6.66,0.105,6259.17,6099.5,129.47,289.14,159.67,76.21,47.42,0.742,14.930000305175781,12.829999923706055,0.8593,,,,,,,,,
2025-07-28,6397.68994140625,6401.06982421875,6375.7900390625,6389.77001953125,9.05,0.142,6271.61,6110.88,118.16,278.89,160.73,76.3,45.84,0.717,15.029999732971191,13.369999885559082,0.8896,,,,,,,,,
2025-07-29,6405.6201171875,6409.259765625,6363.919921875,6370.85986328125,15.85,0.248,6281.06,6121.08,89.8,249.78,159.98,71.83,45.8,0.719,15.979999542236328,14.619999885559082,0.9149,,,,,,,,,
2025-07-30,6381.22998046875,6396.5400390625,6336.3798828125,6362.89990234375,10.37,0.163,6288.85,6130.56,74.05,232.34,158.29,69.98,46.83,0.736,15.479999542236328,13.460000038146973,0.8695,,,,,,,,,
2025-07-31,6427.02001953125,6427.02001953125,6327.64013671875,6339.39013671875,64.12,1.008,6293.67,6138.75,45.72,200.64,154.92,64.66,50.58,0.798,16.719999313354492,15.149999618530273,0.9061,,,,,,,,,
2025-08-01,6287.27978515625,6287.27978515625,6212.68994140625,6238.009765625,-52.11,-0.822,6288.37,6142.64,-50.36,95.37,145.72,47.81,56.02,0.898,20.3799991607666,19.530000686645508,0.9583,,,,,,,,,
2025-08-04,6271.7099609375,6330.68994140625,6271.7099609375,6329.93994140625,33.7,0.54,6292.33,6149.99,37.61,179.95,142.34,58.4,58.64,0.926,17.520000457763672,16.43000030517578,0.9378,,,,,,,,,
2025-08-05,6336.6298828125,6346.0,6289.3701171875,6299.18994140625,6.69,0.106,6292.98,6155.84,6.21,143.35,137.14,54.42,58.49,0.929,17.850000381469727,16.809999465942383,0.9417,,,,,,,,,
2025-08-06,6309.2998046875,6352.830078125,6301.10986328125,6345.06005859375,10.11,0.16,6297.94,6163.26,47.12,181.8,134.68,58.92,58.15,0.916,16.770000457763672,15.0,0.8945,,,,,,,,,
2025-08-07,6374.31982421875,6389.7099609375,6310.31982421875,6340.0,29.26,0.461,6301.95,6170.19,38.05,169.81,131.76,58.23,59.66,0.941,16.56999969482422,14.760000228881836,0.8908,,,,,,,,,
2025-08-08,6355.22021484375,6395.16015625,6355.22021484375,6389.4501953125,15.22,0.24,6310.28,6178.79,79.17,210.66,131.49,62.77,59.34,0.929,15.149999618530273,12.859999656677246,0.8488,,,,,,,,,
2025-08-11,6389.669921875,6407.25,6364.06005859375,6373.4501953125,0.22,0.003,6316.3,6186.42,57.15,187.03,129.87,60.48,58.19,0.913,16.25,15.75,0.9692,,,,,,,,,
2025-08-12,6395.169921875,6446.5498046875,6385.759765625,6445.759765625,21.72,0.341,6328.63,6196.59,117.13,249.17,132.03,66.44,59.25,0.919,14.729999542236328,13.109999656677246,0.89,,,,,,,,,
2025-08-13,6462.669921875,6480.27978515625,6445.02001953125,6466.580078125,16.91,0.262,6341.76,6207.18,124.82,259.4,134.58,67.94,57.54,0.89,14.489999771118164,12.380000114440918,0.8544,,,,,,,,,
2025-08-14,6453.4599609375,6473.919921875,6441.06982421875,6468.5400390625,-13.12,-0.203,6353.84,6217.43,114.7,251.11,136.41,68.08,55.78,0.862,14.829999923706055,12.979999542236328,0.8753,,,,,,,,,
2025-08-15,6477.3798828125,6481.33984375,6441.85009765625,6449.7998046875,8.84,0.137,6362.98,6226.54,86.82,223.26,136.44,65.06,54.61,0.847,15.09000015258789,13.270000457763672,0.8794,,,,,,,,,
2025-08-18,6445.02001953125,6455.35009765625,6437.7001953125,6449.14990234375,-4.78,-0.074,6371.18,6235.27,77.97,213.88,135.91,64.96,51.97,0.806,14.989999771118164,13.789999961853027,0.9199,,,,,,,,,
2025-08-19,6446.240234375,6456.47998046875,6400.22021484375,6411.3701171875,-2.91,-0.045,6375.01,6242.18,36.36,169.19,132.83,58.86,52.28,0.815,15.569999694824219,14.699999809265137,0.9441,,,,,,,,,
2025-08-20,6406.6201171875,6408.39990234375,6343.85986328125,6395.77978515625,-4.75,-0.074,6376.99,6248.2,18.79,147.58,128.79,56.51,53.37,0.834,15.6899995803833,15.09000015258789,0.9618,,,,,,,,,
2025-08-21,6380.830078125,6393.64990234375,6352.7099609375,6370.169921875,-14.95,-0.234,6376.34,6252.98,-6.17,117.19,123.36,52.77,52.63,0.826,16.600000381469727,16.3700008392334,0.9861,,,,,,,,,
2025-08-22,6384.58984375,6478.89013671875,6384.58984375,6466.91015625,14.42,0.226,6384.97,6261.37,81.94,205.54,123.59,62.78,56.64,0.876,14.220000267028809,11.850000381469727,0.8333,,,,,,,,,
2025-08-25,6457.669921875,6466.89013671875,6438.06005859375,6439.31982421875,-9.24,-0.143,6390.14,6268.35,49.18,170.97,121.79,58.94,54.65,0.849,14.789999961853027,13.010000228881836,0.8796,,,,,,,,,
2025-08-26,6435.490234375,6468.3701171875,6429.2099609375,6465.93994140625,-3.83,-0.059,6397.36,6276.1,68.58,189.84,121.26,61.4,53.55,0.828,14.619999885559082,12.90999984741211,0.883,,,,,,,,,
2025-08-27,6462.259765625,6487.06005859375,6457.83984375,6481.39990234375,-3.68,-0.057,6405.36,6284.15,76.04,197.25,121.21,62.79,51.81,0.799,14.850000381469727,13.270000457763672,0.8936,,,,,,,,,
2025-08-28,6483.83984375,6508.22998046875,6466.9599609375,6501.85986328125,2.44,0.038,6414.55,6292.69,87.31,209.17,121.87,64.6,51.06,0.785,14.430000305175781,11.680000305175781,0.8094,,,,,,,,,
2025-08-29,6489.27978515625,6491.759765625,6444.56982421875,6460.259765625,-12.58,-0.193,6418.91,6299.26,41.35,161.0,119.65,58.36,51.5,0.797,15.359999656677246,12.720000267028809,0.8281,,,,,,,,,
2025-09-02,6401.509765625,6416.5400390625,6360.580078125,6415.5400390625,-58.75,-0.909,6418.59,6303.82,-3.05,111.72,114.77,52.5,54.94,0.856,17.170000076293945,16.170000076293945,0.9418,,,,,,,,,
2025-09-03,6445.81982421875,6453.669921875,6416.169921875,6448.259765625,30.28,0.472,6421.41,6309.48,26.85,138.78,111.93,55.98,53.74,0.833,16.350000381469727,14.449999809265137,0.8838,,,,,,,,,
2025-09-04,6456.60009765625,6502.5400390625,6445.97998046875,6502.080078125,8.34,0.129,6429.1,6317.04,72.98,185.04,112.06,61.05,53.94,0.83,15.300000190734863,13.319999694824219,0.8706,,,,,,,,,
2025-09-05,6529.080078125,6532.64990234375,6443.97998046875,6481.5,27.0,0.415,6434.09,6323.49,47.41,158.01,110.6,58.29,56.42,0.871,15.180000305175781,12.65999984741211,0.834,,,,,,,,,
2025-09-08,6498.08984375,6508.669921875,6483.2900390625,6495.14990234375,16.59,0.256,6439.9,6330.22,55.25,164.93,109.68,59.59,54.33,0.837,15.109999656677246,13.5,0.8934,,,,,,,,,
2025-09-09,6503.330078125,6518.22998046875,6483.080078125,6512.60986328125,8.18,0.126,6446.83,6337.37,65.78,175.24,109.46,61.26,52.96,0.813,15.039999961853027,13.609999656677246,0.9049,,,,,,,,,
2025-09-10,6550.2900390625,6555.97021484375,6516.33984375,6532.0400390625,37.68,0.579,6454.94,6345.01,77.1,187.03,109.94,63.09,52.28,0.8,15.350000381469727,14.289999961853027,0.9309,,,,,,,,,
2025-09-11,6554.41015625,6592.89013671875,6545.7998046875,6587.47021484375,22.37,0.342,6467.56,6354.51,119.91,232.96,113.05,67.77,52.89,0.803,14.710000038146973,12.989999771118164,0.8831,,,,,,,,,
2025-09-12,6590.66015625,6600.2099609375,6579.490234375,6584.2900390625,3.19,0.048,6478.68,6363.52,105.61,220.77,115.16,67.24,50.59,0.768,14.760000228881836,12.850000381469727,0.8706,,,,,,,,,
2025-09-15,6603.490234375,6619.6201171875,6602.06982421875,6615.27978515625,19.2,0.292,6491.69,6373.4,123.59,241.88,118.29,69.71,49.5,0.748,15.6899995803833,14.710000038146973,0.9375,,,,,,,,,
2025-09-16,6624.1298828125,6626.990234375,6600.10986328125,6606.759765625,8.85,0.134,6502.65,6382.55,104.11,224.21,120.1,68.19,47.89,0.725,16.360000610351562,15.789999961853027,0.9652,,,,,,,,,
2025-09-17,6604.8701171875,6624.39013671875,6551.14990234375,6600.35009765625,-1.89,-0.029,6511.95,6391.09,88.4,209.26,120.86,67.0,49.7,0.753,15.720000267028809,14.529999732971191,0.9243,,,,,,,,,
2025-09-18,6626.85009765625,6656.7998046875,6611.89013671875,6631.9599609375,26.5,0.401,6523.38,6400.54,108.58,231.42,122.85,69.79,50.18,0.757,15.699999809265137,13.529999732971191,0.8618,,,,,,,,,
2025-09-19,6647.10986328125,6671.81982421875,6630.31005859375,6664.35986328125,15.15,0.228,6536.81,6410.88,127.55,253.48,125.93,72.37,49.56,0.744,15.449999809265137,12.40999984741211,0.8032,,,,,,,,,
2025-09-22,6654.27978515625,6698.8798828125,6648.06982421875,6693.75,-10.08,-0.151,6551.76,6421.97,141.99,271.78,129.78,74.49,49.65,0.742,16.100000381469727,14.25,0.8851,,,,,,,,,
2025-09-23,6692.43994140625,6699.52001953125,6645.580078125,6656.919921875,-1.31,-0.02,6561.77,6431.19,95.15,225.73,130.58,67.49,49.96,0.75,16.639999389648438,14.670000076293945,0.8816,,,,,,,,,
2025-09-24,6669.7900390625,6672.66015625,6621.759765625,6637.97021484375,12.87,0.193,6569.03,6439.3,68.94,198.67,129.73,64.14,50.02,0.754,16.18000030517578,13.390000343322754,0.8276,,,,,,,,,
2025-09-25,6608.18994140625,6619.0,6569.22021484375,6604.72021484375,-29.78,-0.449,6572.43,6445.78,32.29,158.94,126.64,58.66,51.36,0.778,16.739999771118164,14.170000076293945,0.8465,,,,,,,,,
2025-09-26,6615.3798828125,6648.97021484375,6604.43017578125,6643.7001953125,10.66,0.161,6579.22,6453.55,64.48,190.15,125.67,62.69,50.87,0.766,15.289999961853027,12.270000457763672,0.8025,,,,,,,,,
2025-09-29,6661.580078125,6677.31005859375,6644.490234375,6661.2099609375,17.88,0.269,6587.02,6461.69,74.19,199.52,125.34,64.37,49.64,0.745,16.1200008392334,13.510000228881836,0.8381,,,,,,,,,
2025-09-30,6656.18994140625,6691.25,6641.0,6688.4599609375,-5.02,-0.075,6596.69,6470.58,91.77,217.88,126.1,66.87,49.68,0.743,16.280000686645508,13.949999809265137,0.8569,,,,,,,,,
2025-10-01,6664.919921875,6718.47998046875,6656.2001953125,6711.2001953125,-23.54,-0.352,6607.59,6480.02,103.61,231.18,127.57,68.83,50.58,0.754,16.290000915527344,13.529999732971191,0.8306,,,,,,,,,
2025-10-02,6731.31005859375,6731.93994140625,6693.22998046875,6715.35009765625,20.11,0.3,6617.85,6489.25,97.5,226.1,128.61,69.19,49.74,0.741,16.6299991607666,13.789999961853027,0.8292,,,,,,,,,
2025-10-03,6722.14013671875,6750.8701171875,6705.669921875,6715.7900390625,6.79,0.101,6627.18,6498.13,88.61,217.66,129.05,69.23,49.41,0.736,16.649999618530273,13.470000267028809,0.809,,,,,,,,,
2025-10-06,6733.85986328125,6749.52001953125,6717.77978515625,6740.27978515625,18.07,0.269,6637.95,6507.63,102.33,232.65,130.33,71.48,48.29,0.716,16.3700008392334,13.569999694824219,0.829,,,,,,,,,
2025-10-07,6746.14013671875,6754.490234375,6699.9599609375,6714.58984375,5.86,0.087,6645.25,6515.74,69.34,198.85,129.51,66.03,48.74,0.726,17.239999771118164,14.989999771118164,0.8695,,,,,,,,,
2025-10-08,6723.8701171875,6755.64013671875,6718.08984375,6753.72021484375,9.28,0.138,6655.58,6525.08,98.14,228.64,130.51,69.81,48.19,0.714,16.299999237060547,13.170000076293945,0.808,,,,,,,,,
2025-10-09,6760.5,6764.580078125,6716.169921875,6735.10986328125,6.78,0.1,6663.16,6533.31,71.95,201.8,129.84,66.05,48.2,0.716,16.43000030517578,13.920000076293945,0.8472,,,,,,,,,
2025-10-10,6740.490234375,6762.39990234375,6550.77978515625,6552.509765625,5.38,0.08,6652.62,6534.07,-100.11,18.44,118.55,42.09,59.88,0.914,21.65999984741211,21.700000762939453,1.0018,,,,,,,,,
2025-10-13,6622.52978515625,6668.68017578125,6620.7099609375,6654.72021484375,70.02,1.069,6652.82,6538.8,1.9,115.92,114.02,52.48,63.9,0.96,19.030000686645508,18.020000457763672,0.9469,,,,,,,,,
2025-10-14,6602.490234375,6680.7001953125,6555.06982421875,6644.31005859375,-52.23,-0.785,6652.01,6542.93,-7.7,101.38,109.07,51.47,68.31,1.028,20.809999465942383,20.3799991607666,0.9793,,,,,,,,,
2025-10-15,6688.27001953125,6724.1201171875,6612.10986328125,6671.06005859375,43.96,0.662,6653.82,6547.96,17.24,123.1,105.86,53.93,71.43,1.071,20.639999389648438,19.280000686645508,0.9341,,,,,,,,,
2025-10-16,6689.02001953125,6709.33984375,6593.990234375,6629.06982421875,17.96,0.269,6651.47,6551.14,-22.4,77.93,100.33,49.67,74.57,1.125,25.309999465942383,25.8700008392334,1.0221,,,,,,,,,
2025-10-17,6613.27001953125,6678.8798828125,6603.759765625,6664.009765625,-15.8,-0.238,6652.66,6555.57,11.35,108.44,97.09,53.0,74.61,1.12,20.780000686645508,19.799999237060547,0.9528,,,,,,,,,
2025-10-20,6690.0498046875,6744.35009765625,6690.0498046875,6735.1298828125,26.04,0.391,6660.51,6562.61,74.62,172.52,97.91,58.94,75.02,1.114,18.229999542236328,17.350000381469727,0.9517,,,,,,,,,
2025-10-21,6736.75,6752.16015625,6722.02978515625,6735.35009765625,1.62,0.024,6667.64,6569.38,67.71,165.97,98.26,58.96,71.81,1.066,17.8700008392334,16.8799991607666,0.9446,,,,,,,,,
2025-10-22,6741.33984375,6741.75,6655.68994140625,6699.39990234375,5.99,0.089,6670.67,6574.48,28.73,124.92,96.19,54.89,72.83,1.087,18.600000381469727,18.350000381469727,0.9866,,,,,,,,,
2025-10-23,6703.64990234375,6749.52978515625,6700.14013671875,6738.43994140625,4.25,0.063,6677.12,6580.91,61.32,157.53,96.21,58.26,71.21,1.057,17.299999237060547,16.6200008392334,0.9607,,,,,,,,,
2025-10-24,6772.06982421875,6807.10986328125,6772.06982421875,6791.68994140625,33.63,0.499,6688.03,6589.18,103.66,202.51,98.86,62.39,71.02,1.046,16.3700008392334,14.850000381469727,0.9071,,,,,,,,,
2025-10-27,6845.4599609375,6877.27978515625,6843.93994140625,6875.16015625,53.77,0.792,6705.85,6600.39,169.31,274.77,105.46,67.77,72.07,1.048,15.789999961853027,14.640000343322754,0.9272,,,,,,,,,
2025-10-28,6897.740234375,6911.2998046875,6870.72998046875,6890.89013671875,22.58,0.328,6723.48,6611.78,167.41,279.11,111.69,68.67,69.82,1.013,16.420000076293945,15.630000114440918,0.9519,,,,,,,,,
2025-10-29,6910.9501953125,6920.33984375,6851.91015625,6890.58984375,20.06,0.291,6739.39,6622.72,151.2,267.87,116.67,68.63,69.72,1.012,16.920000076293945,15.609999656677246,0.9226,,,,,,,,,
2025-10-30,6860.5,6880.75,6820.68994140625,6822.33984375,-30.09,-0.437,6747.29,6630.55,75.05,191.79,116.75,60.11,69.73,1.022,16.90999984741211,14.899999618530273,0.8811,,,,,,,,,
2025-10-31,6879.169921875,6879.169921875,6814.259765625,6840.2001953125,56.83,0.833,6756.14,6638.77,84.06,201.43,117.37,61.46,69.39,1.014,17.440000534057617,14.710000038146973,0.8435,,,,,,,,,
2025-11-03,6882.31982421875,6882.31982421875,6820.6201171875,6851.97021484375,42.12,0.616,6765.27,6647.13,86.7,204.84,118.14,62.36,68.84,1.005,17.170000076293945,14.970000267028809,0.8719,,,,,,,,,
2025-11-04,6788.52001953125,6820.2099609375,6766.7099609375,6771.5498046875,-63.45,-0.926,6765.87,6652.01,5.68,119.54,113.86,53.19,70.01,1.034,19.0,17.75,0.9342,,,,,,,,,
2025-11-05,6769.77001953125,6829.77978515625,6763.10986328125,6796.2900390625,-1.78,-0.026,6768.76,6657.67,27.53,138.62,111.1,55.36,69.77,1.027,18.010000228881836,15.869999885559082,0.8812,,,,,,,,,
2025-11-06,6787.58984375,6796.68017578125,6707.509765625,6720.31982421875,-8.7,-0.128,6764.15,6660.12,-43.83,60.2,104.03,47.99,71.16,1.059,19.5,18.1200008392334,0.9292,,,,,,,,,
2025-11-07,6696.18017578125,6730.10986328125,6631.43994140625,6728.7998046875,-24.14,-0.359,6760.78,6662.82,-31.98,65.98,97.97,48.81,73.12,1.087,19.079999923706055,17.309999465942383,0.9072,,,,,,,,,
2025-11-10,6785.35986328125,6841.31982421875,6770.56005859375,6832.43017578125,56.56,0.841,6767.61,6669.47,64.82,162.96,98.14,57.6,75.94,1.111,17.600000381469727,16.040000915527344,0.9114,,,,,,,,,
2025-11-11,6815.64013671875,6855.1298828125,6806.8701171875,6846.60986328125,-16.79,-0.246,6775.13,6676.41,71.48,170.2,98.72,58.65,73.96,1.08,17.280000686645508,15.180000305175781,0.8785,,,,,,,,,
2025-11-12,6867.77001953125,6869.91015625,6829.6201171875,6850.919921875,21.16,0.309,6782.35,6683.26,68.57,167.66,99.09,58.98,71.55,1.044,17.510000228881836,15.369999885559082,0.8778,,,,,,,,,
2025-11-13,6826.47021484375,6828.0498046875,6724.72021484375,6737.490234375,-24.45,-0.357,6778.08,6685.38,-40.59,52.11,92.69,48.06,75.46,1.12,20.0,19.170000076293945,0.9585,,,,,,,,,
2025-11-14,6672.14013671875,6774.31005859375,6646.8701171875,6734.10986328125,-65.35,-0.97,6773.89,6687.3,-39.78,46.81,86.59,47.78,79.17,1.176,19.829999923706055,18.610000610351562,0.9385,,,,,,,,,
2025-11-17,6713.60986328125,6754.5,6638.89990234375,6672.41015625,-20.5,-0.304,6764.22,6686.71,-91.81,-14.3,77.51,42.81,81.77,1.226,22.3799991607666,22.329999923706055,0.9978,,,,,,,,,
2025-11-18,6641.18994140625,6666.6298828125,6574.31982421875,6617.31982421875,-31.22,-0.468,6750.23,6683.99,-132.91,-66.67,66.24,38.91,82.94,1.253,24.690000534057617,25.18000030517578,1.0198,,,,,,,,,
2025-11-19,6625.83984375,6689.75,6603.5,6642.16015625,8.52,0.129,6739.94,6682.35,-97.78,-40.19,57.59,41.5,83.17,1.252,23.65999984741211,23.100000381469727,0.9763,,,,,,,,,
2025-11-20,6737.93017578125,6770.35009765625,6534.0498046875,6538.759765625,95.77,1.442,6720.78,6676.72,-182.02,-137.96,44.06,34.88,94.11,1.439,26.420000076293945,26.350000381469727,0.9974,,,,,,,,,
2025-11-21,6555.77001953125,6660.0498046875,6521.919921875,6602.990234375,17.01,0.26,6709.56,6673.83,-106.57,-70.84,35.73,41.16,97.26,1.473,23.43000030517578,21.510000228881836,0.9181,,,,,,,,,
2025-11-24,6636.5400390625,6715.75,6630.7001953125,6705.1201171875,33.55,0.508,6709.14,6675.05,-4.02,30.07,34.08,49.49,98.36,1.467,20.520000457763672,18.549999237060547,0.904,,,,,,,,,
2025-11-25,6697.02978515625,6776.39990234375,6659.97998046875,6765.8798828125,-8.09,-0.121,6714.54,6678.62,51.34,87.26,35.93,53.69,99.65,1.473,18.559999465942383,15.390000343322754,0.8292,,,,,,,,,
2025-11-26,6793.5498046875,6831.43994140625,6783.8701171875,6812.60986328125,27.67,0.409,6723.88,6683.87,88.73,128.74,40.01,56.68,97.22,1.427,17.190000534057617,13.329999923706055,0.7755,,,,,,,,,
2025-11-28,6822.52001953125,6850.85986328125,6819.75,6849.08984375,9.91,0.145,6735.81,6690.35,113.28,158.74,45.46,58.9,93.01,1.358,16.350000381469727,13.609999656677246,0.8324,,,,,,,,,
2025-12-01,6812.2998046875,6843.64990234375,6799.93994140625,6812.6298828125,-36.79,-0.537,6743.12,6695.15,69.51,117.48,47.98,55.81,89.87,1.319,17.239999771118164,16.549999237060547,0.96,,,,,,,,,
2025-12-02,6830.9599609375,6851.5498046875,6806.7099609375,6829.3701171875,18.33,0.269,6751.34,6700.41,78.03,128.96,50.93,56.93,86.66,1.269,16.59000015258789,15.420000076293945,0.9295,,,,,,,,,
2025-12-03,6815.2900390625,6862.419921875,6810.43017578125,6849.72021484375,-14.08,-0.206,6760.71,6706.26,89.01,143.46,54.44,58.31,84.18,1.229,16.079999923706055,14.460000038146973,0.8993,,,,,,,,,
2025-12-04,6866.47021484375,6866.47021484375,6827.1201171875,6857.1201171875,16.75,0.245,6769.89,6712.18,87.23,144.94,57.71,58.83,80.98,1.181,15.779999732971191,14.300000190734863,0.9062,,,,,,,,,
2025-12-05,6866.31982421875,6895.77978515625,6858.2900390625,6870.39990234375,9.2,0.134,6779.46,6718.39,90.94,152.01,61.08,59.79,77.96,1.135,15.40999984741211,13.899999618530273,0.902,,,,,,,,,
2025-12-08,6875.2001953125,6878.27001953125,6827.18994140625,6846.509765625,4.8,0.07,6785.85,6723.41,60.66,123.1,62.44,57.2,76.04,1.111,16.65999984741211,16.290000915527344,0.9778,,,,,,,,,
2025-12-09,6840.60986328125,6864.919921875,6837.43017578125,6840.509765625,-5.9,-0.086,6791.05,6728.0,49.46,112.51,63.05,56.54,72.57,1.061,16.93000030517578,16.299999237060547,0.9628,,,,,,,,,
2025-12-10,6833.490234375,6900.669921875,6824.68994140625,6886.68017578125,-7.02,-0.103,6800.16,6734.22,86.52,152.46,65.94,60.34,72.81,1.057,15.770000457763672,14.680000305175781,0.9309,,,,,,,,,
2025-12-11,6861.2998046875,6903.4599609375,6833.4501953125,6901.0,-25.38,-0.369,6809.76,6740.76,91.24,160.24,69.0,61.47,72.61,1.052,14.850000381469727,12.460000038146973,0.8391,,,,,,,,,
2025-12-12,6886.85009765625,6899.85009765625,6801.7900390625,6827.41015625,-14.15,-0.205,6811.45,6744.16,15.97,83.25,67.28,53.12,74.51,1.091,15.739999771118164,13.479999542236328,0.8564,,,,,,,,,
2025-12-15,6860.18994140625,6861.58984375,6801.490234375,6816.509765625,32.78,0.48,6811.93,6747.0,4.58,69.51,64.93,51.99,73.48,1.078,16.5,14.199999809265137,0.8606,,,,,,,,,
2025-12-16,6800.1201171875,6819.27001953125,6759.740234375,6800.259765625,-16.39,-0.24,6810.82,6749.09,-10.56,51.17,61.73,50.28,72.49,1.066,16.479999542236328,13.880000114440918,0.8422,,,,,,,,,
2025-12-17,6802.8798828125,6812.259765625,6720.43017578125,6721.43017578125,2.62,0.039,6802.3,6748.0,-80.87,-26.57,54.3,42.89,73.87,1.099,17.6200008392334,15.75,0.8939,,,,,,,,,
2025-12-18,6778.06005859375,6816.1298828125,6758.5,6774.759765625,56.63,0.843,6799.68,6749.05,-24.92,25.71,50.63,48.41,75.36,1.112,16.8700008392334,13.920000076293945,0.8251,,,,,,,,,
2025-12-19,6792.6201171875,6840.02001953125,6792.6201171875,6834.5,17.86,0.264,6803.0,6752.4,31.5,82.1,50.59,53.8,74.63,1.092,14.90999984741211,10.489999771118164,0.7036,,,,,,,,,
2025-12-22,6865.2099609375,6882.02978515625,6855.740234375,6878.490234375,30.71,0.449,6810.19,6757.35,68.3,121.14,52.84,57.33,72.7,1.057,14.079999923706055,10.5,0.7457,,,,,,,,,
2025-12-23,6872.41015625,6910.8798828125,6868.81005859375,6909.7900390625,-6.08,-0.088,6819.67,6763.33,90.12,146.46,56.35,59.69,70.51,1.02,14.0,10.0600004196167,0.7186,,,,,,,,,
2025-12-24,6904.91015625,6937.31982421875,6904.91015625,6932.0498046875,-4.88,-0.071,6830.37,6769.94,101.67,162.11,60.43,61.33,67.79,0.978,13.470000267028809,9.170000076293945,0.6808,,,,,,,,,
2025-12-26,6936.02001953125,6945.77001953125,6921.60009765625,6929.93994140625,3.97,0.057,6839.86,6776.22,90.08,153.72,63.64,61.08,64.67,0.933,13.600000381469727,9.649999618530273,0.7096,,,,,,,,,
2025-12-29,6903.60009765625,6920.2099609375,6888.759765625,6905.740234375,-26.34,-0.38,6846.13,6781.3,59.61,124.44,64.84,58.11,63.0,0.912,14.199999809265137,11.369999885559082,0.8007,,,,,,,,,
2025-12-30,6900.43994140625,6913.25,6893.47021484375,6896.240234375,-5.3,-0.077,6850.9,6785.8,45.34,110.44,65.1,56.94,59.91,0.869,14.329999923706055,11.460000038146973,0.7997,,,,,,,,,
2025-12-31,6898.81982421875,6901.419921875,6844.5498046875,6845.5,2.58,0.037,6850.39,6788.15,-4.89,57.35,62.24,51.03,59.69,0.872,14.949999809265137,12.0,0.8027,,,,,,,,,
2026-01-02,6878.10986328125,6894.8701171875,6824.31005859375,6858.47021484375,32.61,0.476,6851.16,6790.9,7.31,67.57,60.26,52.39,60.47,0.882,14.510000228881836,11.720000267028809,0.8077,,,,,,,,,
2026-01-05,6892.18994140625,6920.3798828125,6891.56005859375,6902.0498046875,33.72,0.492,6856.01,6795.26,46.04,106.79,60.74,56.74,60.57,0.878,14.899999618530273,12.4399995803833,0.8349,,,,,,,,,
2026-01-06,6908.02978515625,6948.68994140625,6904.02001953125,6944.81982421875,5.98,0.087,6864.46,6801.13,80.36,143.69,63.34,60.55,59.58,0.858,14.75,12.130000114440918,0.8224,,,,,,,,,
2026-01-07,6945.06982421875,6965.68994140625,6919.18994140625,6920.93017578125,0.25,0.004,6869.84,6805.83,51.09,115.11,64.02,57.5,58.64,0.847,15.380000114440918,12.539999961853027,0.8153,,,,,,,,,
2026-01-08,6914.10986328125,6931.27978515625,6899.330078125,6921.4599609375,-6.82,-0.099,6874.76,6810.36,46.7,111.1,64.4,57.55,56.74,0.82,15.449999809265137,12.829999923706055,0.8304,,,,,,,,,
2026-01-09,6927.830078125,6978.35986328125,6917.64013671875,6966.27978515625,6.37,0.092,6883.47,6816.47,82.81,149.81,67.0,61.74,57.02,0.819,14.489999771118164,10.859999656677246,0.7495,,,,,,,,,
2026-01-12,6944.1201171875,6986.330078125,6934.06982421875,6977.27001953125,-22.16,-0.318,6892.41,6822.78,84.86,154.49,69.63,62.71,56.68,0.812,15.119999885559082,11.9399995803833,0.7897,,,,,,,,,
2026-01-13,6977.41015625,6985.830078125,6938.77001953125,6963.740234375,0.14,0.002,6899.2,6828.31,64.54,135.43,70.89,60.67,55.99,0.804,15.979999542236328,12.510000228881836,0.7829,,,,,,,,,
2026-01-14,6937.41015625,6941.2998046875,6885.740234375,6926.60009765625,-26.33,-0.378,6901.81,6832.16,24.79,94.44,69.65,55.35,57.56,0.831,16.75,13.180000305175781,0.7869,,,,,,,,,
2026-01-15,6969.4599609375,6979.33984375,6937.93017578125,6944.47021484375,42.86,0.619,6905.87,6836.57,38.6,107.9,69.31,57.29,57.22,0.824,15.84000015258789,12.319999694824219,0.7778,,,,,,,,,
2026-01-16,6960.5400390625,6967.2998046875,6925.08984375,6940.009765625,16.07,0.231,6909.12,6840.62,30.89,99.39,68.5,56.63,56.15,0.809,15.859999656677246,12.09000015258789,0.7623,,,,,,,,,
2026-01-20,6865.240234375,6871.169921875,6789.0498046875,6796.85986328125,-74.77,-1.077,6898.43,6838.91,-101.57,-42.05,59.53,40.47,62.92,0.926,20.09000015258789,19.93000030517578,0.992,,,,,,,,,
2026-01-21,6810.7099609375,6910.39013671875,6804.9599609375,6875.6201171875,13.85,0.204,6896.26,6840.35,-20.64,35.27,55.91,49.08,66.54,0.968,16.899999618530273,15.880000114440918,0.9396,,,,,,,,,
2026-01-22,6914.43994140625,6934.75,6893.6201171875,6913.35009765625,38.82,0.565,6897.89,6843.21,15.46,70.14,54.68,52.61,66.01,0.955,15.640000343322754,14.380000114440918,0.9194,,,,,,,,,
2026-01-23,6907.85009765625,6932.9599609375,6895.5,6915.60986328125,-5.5,-0.08,6899.58,6846.05,16.03,69.56,53.53,52.82,63.97,0.925,16.09000015258789,15.0,0.9323,,,,,,,,,
2026-01-26,6923.22998046875,6964.66015625,6921.60009765625,6950.22998046875,7.62,0.11,6904.4,6850.13,45.83,100.1,54.27,56.06,62.9,0.905,16.149999618530273,15.050000190734863,0.9319,,,,,,,,,
2026-01-27,6965.9599609375,6988.81982421875,6958.830078125,6978.60009765625,15.73,0.226,6911.47,6855.17,67.13,123.43,56.29,58.56,61.17,0.876,16.350000381469727,14.850000381469727,0.9083,,,,,,,,,
2026-01-28,7002.0,7002.27978515625,6963.4599609375,6978.02978515625,23.4,0.335,6917.81,6859.99,60.22,118.04,57.82,58.49,59.57,0.854,16.350000381469727,14.539999961853027,0.8893,,,,,,,,,
2026-01-29,6977.740234375,6992.83984375,6870.7998046875,6969.009765625,-0.29,-0.004,6922.68,6864.27,46.33,104.74,58.42,57.29,64.03,0.919,16.8799991607666,15.220000267028809,0.9017,,,,,,,,,
2026-01-30,6947.27001953125,6964.08984375,6893.47998046875,6939.02978515625,-21.74,-0.312,6924.24,6867.2,14.79,71.83,57.04,53.36,64.85,0.935,17.440000534057617,15.6899995803833,0.8997,,,,,,,,,
2026-02-02,6916.64013671875,6991.919921875,6914.33984375,6976.43994140625,-22.39,-0.323,6929.21,6871.48,47.23,104.96,57.73,57.29,65.76,0.943,16.34000015258789,14.449999809265137,0.8843,,,,,,,,,
2026-02-03,6985.4501953125,6993.080078125,6862.0498046875,6917.81005859375,9.01,0.129,6928.12,6873.3,-10.31,44.51,54.83,50.15,70.42,1.018,18.0,17.06999969482422,0.9483,,,,,,,,,
2026-02-04,6924.5,6936.08984375,6838.7998046875,6882.72021484375,6.69,0.097,6923.8,6873.67,-41.08,9.05,50.13,46.42,72.34,1.051,18.639999389648438,18.670000076293945,1.0016,,,,,,,,,
2026-02-05,6837.39013671875,6857.85009765625,6780.1298828125,6798.39990234375,-45.33,-0.659,6911.86,6870.72,-113.46,-72.32,41.14,38.93,74.5,1.096,21.770000457763672,22.290000915527344,1.0239,,,,,,,,,
2026-02-06,6816.740234375,6944.89013671875,6816.740234375,6932.2998046875,18.34,0.27,6913.8,6873.13,18.5,59.17,40.67,52.14,79.65,1.149,20.3700008392334,15.430000305175781,0.7575,,,,,,,,,
2026-02-09,6917.259765625,6980.10009765625,6905.8701171875,6964.81982421875,-15.04,-0.217,6918.66,6876.73,46.16,88.09,41.94,54.7,79.26,1.138,17.360000610351562,14.75,0.8497,,,,,,,,,
2026-02-10,6974.490234375,6986.830078125,6937.52978515625,6941.81005859375,9.67,0.139,6920.87,6879.28,20.94,62.53,41.59,52.56,77.12,1.111,17.790000915527344,14.9399995803833,0.8398,,,,,,,,,
2026-02-11,6976.47998046875,6993.47998046875,6911.97021484375,6941.47021484375,34.67,0.499,6922.83,6881.72,18.64,59.75,41.11,52.53,77.43,1.116,17.649999618530273,14.180000305175781,0.8034,,,,,,,,,
2026-02-12,6957.5400390625,6973.22021484375,6824.0400390625,6832.759765625,16.07,0.232,6914.25,6879.8,-81.49,-47.04,34.45,43.24,82.56,1.208,20.81999969482422,19.799999237060547,0.951,,,,,,,,,
2026-02-13,6834.27001953125,6881.9599609375,6794.5498046875,6836.169921875,1.51,0.022,6906.82,6878.09,-70.65,-41.92,28.73,43.58,82.9,1.213,20.600000381469727,18.770000457763672,0.9112,,,,,,,,,
2026-02-17,6819.85986328125,6866.990234375,6775.5,6843.22021484375,-16.31,-0.239,6900.76,6876.72,-57.54,-33.5,24.04,44.32,83.52,1.22,20.290000915527344,20.309999465942383,1.001,,,,,,,,,
2026-02-18,6855.47998046875,6909.1201171875,6849.66015625,6881.31005859375,12.26,0.179,6898.91,6876.9,-17.6,4.41,22.01,48.24,82.26,1.195,19.6200008392334,19.079999923706055,0.9725,,,,,,,,,
2026-02-19,6861.33984375,6879.1201171875,6833.06005859375,6861.89013671875,-19.97,-0.29,6895.38,6876.31,-33.49,-14.42,19.07,46.44,79.83,1.163,20.229999542236328,19.8700008392334,0.9822,,,,,,,,,
2026-02-20,6843.259765625,6915.85986328125,6836.330078125,6909.509765625,-18.63,-0.272,6896.73,6877.61,12.78,31.9,19.11,51.24,79.81,1.155,19.09000015258789,18.020000457763672,0.9439,,,,,,,,,
2026-02-23,6901.25,6916.9599609375,6819.81982421875,6837.75,-8.26,-0.12,6891.11,6876.05,-53.36,-38.3,15.06,44.74,81.05,1.185,21.010000228881836,21.110000610351562,1.0048,,,,,,,,,
2026-02-24,6837.3701171875,6899.169921875,6815.43017578125,6890.06982421875,-0.38,-0.006,6891.01,6876.6,-0.94,13.47,14.41,49.75,81.24,1.179,19.549999237060547,18.600000381469727,0.9514,,,,,,,,,
2026-02-25,6915.14990234375,6952.509765625,6915.14990234375,6946.1298828125,25.08,0.364,6896.26,6879.33,49.87,66.8,16.93,54.51,79.9,1.15,17.93000030517578,16.280000686645508,0.908,,,,,,,,,
2026-02-26,6944.740234375,6947.25,6859.72998046875,6908.85986328125,-1.39,-0.02,6897.46,6880.48,11.4,28.38,16.98,51.05,80.44,1.164,18.6299991607666,16.649999618530273,0.8937,,,,,,,,,
2026-02-27,6856.5400390625,6882.9599609375,6831.740234375,6878.8798828125,-52.32,-0.757,6895.69,6880.42,-16.81,-1.54,15.27,48.38,80.2,1.166,19.860000610351562,18.59000015258789,0.9361,,,,,,,,,
2026-03-02,6824.35986328125,6901.009765625,6796.85009765625,6881.6201171875,-54.52,-0.793,6894.35,6880.47,-12.73,1.15,13.88,48.65,81.91,1.19,21.440000534057617,21.18000030517578,0.9879,,,,,,,,,
2026-03-03,6800.259765625,6840.0498046875,6710.419921875,6816.6298828125,-81.36,-1.182,6886.95,6877.97,-70.32,-61.34,8.98,43.04,88.29,1.295,23.56999969482422,24.549999237060547,1.0416,,,,,,,,,
2026-03-04,6831.68994140625,6885.93994140625,6811.64013671875,6869.5,15.06,0.221,6885.29,6877.63,-15.79,-8.13,7.65,48.26,87.29,1.271,21.149999618530273,20.600000381469727,0.974,,,,,,,,,
2026-03-05,6851.080078125,6870.43017578125,6770.77978515625,6830.7099609375,-18.42,-0.268,6880.09,6875.79,-49.38,-45.08,4.3,45.0,88.18,1.291,23.75,23.549999237060547,0.9916,,,,,,,,,
2026-03-06,6769.02978515625,6773.419921875,6711.56005859375,6740.02001953125,-61.68,-0.903,6866.75,6870.47,-126.73,-130.45,-3.72,38.45,90.39,1.341,29.489999771118164,30.440000534057617,1.0322,,,,,,,,,
2026-03-09,6699.7998046875,6810.43994140625,6636.0400390625,6795.990234375,-40.22,-0.597,6860.01,6867.55,-64.02,-71.56,-7.54,43.88,96.39,1.418,25.5,27.850000381469727,1.0922,,,,,,,,,
2026-03-10,6796.56005859375,6845.080078125,6759.740234375,6781.47998046875,0.57,0.008,6852.53,6864.17,-71.05,-82.69,-11.64,42.83,95.6,1.41,24.93000030517578,25.540000915527344,1.0245,,,,,,,,,
2026-03-11,6790.08984375,6811.14990234375,6745.58984375,6775.7998046875,8.61,0.127,6845.22,6860.71,-69.42,-84.91,-15.48,42.4,93.45,1.379,24.229999542236328,24.440000534057617,1.0087,,,,,,,,,
2026-03-12,6740.8798828125,6740.8798828125,6670.39990234375,6672.6201171875,-34.92,-0.515,6828.78,6853.33,-156.16,-180.71,-24.55,35.44,94.31,1.413,27.290000915527344,28.979999542236328,1.0619,,,,,,,,,
2026-03-13,6673.490234375,6733.2998046875,6623.919921875,6632.18994140625,0.87,0.013,6810.06,6844.66,-177.87,-212.47,-34.6,33.15,95.38,1.438,27.190000534057617,28.0,1.0298,,,,,,,,,
2026-03-16,6674.3701171875,6729.7900390625,6674.3701171875,6699.3798828125,42.18,0.636,6799.52,6838.96,-100.14,-139.58,-39.44,40.09,95.54,1.426,23.510000228881836,24.329999923706055,1.0349,,,,,,,,,
2026-03-17,6722.35009765625,6754.2998046875,6710.7998046875,6716.08984375,22.97,0.343,6791.57,6834.14,-75.48,-118.05,-42.57,41.71,92.64,1.379,22.3700008392334,22.360000610351562,0.9996,,,,,,,,,
2026-03-18,6697.16015625,6705.18017578125,6621.66015625,6624.7001953125,-18.93,-0.282,6775.68,6825.93,-150.98,-201.23,-50.25,35.98,92.77,1.4,25.09000015258789,26.030000686645508,1.0375,,,,,,,,,
2026-03-19,6583.1201171875,6636.740234375,6557.81982421875,6606.490234375,-41.58,-0.628,6759.57,6817.32,-153.08,-210.83,-57.76,34.95,91.78,1.389,24.059999465942383,24.09000015258789,1.0012,,,,,,,,,
2026-03-20,6594.66015625,6594.66015625,6473.52001953125,6506.47998046875,-11.83,-0.179,6735.46,6805.13,-228.98,-298.65,-69.67,29.88,94.72,1.456,26.780000686645508,26.950000762939453,1.0063,,,,,,,,,
2026-03-23,6574.9599609375,6651.6201171875,6565.5498046875,6581.0,68.48,1.052,6720.75,6796.34,-139.75,-215.34,-75.59,37.19,98.32,1.494,26.149999618530273,27.760000228881836,1.0616,,,,,,,,,
2026-03-24,6552.08984375,6595.75,6525.10986328125,6556.3701171875,-28.91,-0.439,6705.1,6786.93,-148.73,-230.56,-81.84,35.86,96.35,1.469,26.950000762939453,28.209999084472656,1.0468,,,,,,,,,
2026-03-25,6598.35009765625,6633.93994140625,6568.41015625,6591.89990234375,41.98,0.64,6694.32,6779.29,-102.42,-187.39,-84.97,39.23,95.0,1.441,25.329999923706055,25.260000228881836,0.9972,,,,,,,,,
2026-03-26,6555.85986328125,6573.22021484375,6473.7900390625,6477.16015625,-36.04,-0.547,6673.64,6767.44,-196.48,-290.28,-93.8,33.16,96.65,1.492,27.440000534057617,27.049999237060547,0.9858,,,,,,,,,
2026-03-27,6453.89013671875,6453.89013671875,6356.080078125,6368.85009765625,-23.27,-0.359,6644.61,6751.81,-275.76,-382.96,-107.2,28.66,98.4,1.545,31.049999237060547,30.639999389648438,0.9868,,,,,,,,,
2026-03-30,6403.3701171875,6427.31005859375,6316.91015625,6343.72021484375,34.52,0.542,6615.95,6735.8,-272.23,-392.08,-119.85,27.72,99.26,1.565,30.610000610351562,30.56999969482422,0.9987,,,,,,,,,
2026-03-31,6395.8798828125,6539.0498046875,6395.8798828125,6528.52001953125,52.16,0.822,6607.63,6727.67,-79.11,-199.15,-120.05,42.63,106.12,1.625,25.25,24.18000030517578,0.9576,,,,,,,,,
2026-04-01,6556.56005859375,6609.669921875,6554.2900390625,6575.31982421875,28.04,0.43,6604.55,6721.7,-29.23,-146.38,-117.15,45.69,104.34,1.587,24.540000915527344,23.610000610351562,0.9621,,,,,,,,,
2026-04-02,6512.60986328125,6601.91015625,6474.93994140625,6582.68994140625,-62.71,-0.954,6602.47,6716.25,-19.78,-133.56,-113.78,46.18,105.95,1.61,23.8700008392334,21.709999084472656,0.9095,,,,,,,,,
2026-04-06,6587.66015625,6618.1298828125,6579.72021484375,6611.830078125,4.97,0.076,6603.36,6712.15,8.47,-100.32,-108.79,48.15,101.13,1.529,24.170000076293945,23.899999618530273,0.9888,,,,,,,,,
2026-04-07,6601.93017578125,6618.259765625,6534.5498046875,6616.85009765625,-9.9,-0.15,6604.64,6708.42,12.21,-91.57,-103.77,48.5,99.88,1.51,25.780000686645508,27.270000457763672,1.0578,,,,,,,,,
2026-04-08,6754.35986328125,6793.5,6740.27978515625,6782.81005859375,137.51,2.078,6621.61,6711.33,161.2,71.48,-89.72,58.5,105.37,1.553,21.040000915527344,19.15999984741211,0.9106,,,,,,,,,
2026-04-09,6783.68994140625,6835.31005859375,6761.5498046875,6824.66015625,0.88,0.013,6640.95,6715.78,183.71,108.88,-74.83,60.58,103.11,1.511,19.489999771118164,16.809999465942383,0.8625,,,,,,,,,
2026-04-10,6839.240234375,6845.77001953125,6808.4599609375,6816.89013671875,14.58,0.214,6657.71,6719.74,159.18,97.15,-62.04,59.98,98.41,1.444,19.229999542236328,16.360000610351562,0.8508,,,,,,,,,
2026-04-13,6806.47021484375,6887.0,6790.02001953125,6886.240234375,-10.42,-0.153,6679.47,6726.27,206.77,159.97,-46.8,63.46,98.31,1.428,19.1200008392334,17.329999923706055,0.9064,,,,,,,,,
2026-04-14,6910.2001953125,6969.419921875,6905.169921875,6967.3798828125,23.96,0.348,6706.89,6735.73,260.49,231.65,-28.84,67.07,97.23,1.395,18.360000610351562,16.700000762939453,0.9096,,,,,,,,,
2026-04-15,6978.169921875,7026.240234375,6967.1298828125,7022.9501953125,10.79,0.155,6736.99,6746.99,285.96,275.96,-10.0,69.31,94.5,1.346,18.170000076293945,16.010000228881836,0.8811,,,,,,,,,
2026-04-16,7037.77978515625,7051.22998046875,7008.52001953125,7041.27978515625,14.83,0.211,6765.97,6758.53,275.31,282.75,7.44,70.03,90.8,1.29,17.940000534057617,15.460000038146973,0.8618,,,,,,,,,
2026-04-17,7074.5498046875,7147.52001953125,7074.5498046875,7126.06005859375,33.27,0.472,6800.27,6772.94,325.79,353.12,27.32,73.18,91.91,1.29,17.479999542236328,14.8100004196167,0.8473,,,,,,,,,
2026-04-20,7117.0498046875,7122.64990234375,7084.41015625,7109.14013671875,-9.01,-0.126,6829.68,6786.13,279.46,323.01,43.55,71.57,88.32,1.242,18.8700008392334,17.790000915527344,0.9428,,,,,,,,,
2026-04-21,7122.64013671875,7137.27001953125,7050.2001953125,7064.009765625,13.5,0.19,6852.0,6797.03,212.01,266.98,54.97,67.3,88.23,1.249,19.5,18.68000030517578,0.9579,,,,,,,,,
2026-04-22,7102.91015625,7138.64013671875,7102.91015625,7137.89990234375,38.9,0.551,6879.23,6810.39,258.67,327.51,68.83,70.41,87.26,1.222,18.920000076293945,17.290000915527344,0.9138,,,,,,,,,
2026-04-23,7118.7998046875,7147.77978515625,7046.5498046875,7108.39990234375,-19.1,-0.268,6901.05,6822.08,207.35,286.32,78.97,67.64,88.25,1.242,19.309999465942383,18.040000915527344,0.9342,,,,,,,,,
2026-04-24,7136.47998046875,7168.58984375,7112.81982421875,7165.080078125,28.08,0.395,6926.2,6835.53,238.88,329.55,90.67,70.08,86.25,1.204,18.709999084472656,16.709999084472656,0.8931,,,,,,,,,
2026-04-27,7152.72021484375,7178.740234375,7146.72021484375,7173.91015625,-12.36,-0.173,6949.79,6848.8,224.12,325.11,100.99,70.45,82.38,1.148,18.020000457763672,16.690000534057617,0.9262,,,,,,,,,
2026-04-28,7133.740234375,7152.52001953125,7115.169921875,7138.7998046875,-40.17,-0.56,6967.79,6860.17,171.01,278.63,107.62,66.88,80.69,1.13,17.829999923706055,16.690000534057617,0.9361,,,,,,,,,
2026-04-29,7131.60986328125,7145.6298828125,7107.85986328125,7135.9501953125,-7.19,-0.101,6983.81,6870.99,152.14,264.96,112.82,66.59,77.62,1.088,18.809999465942383,17.610000610351562,0.9362,,,,,,,,,
2026-04-30,7161.75,7219.830078125,7126.14990234375,7209.009765625,25.8,0.362,7005.25,6884.24,203.76,324.77,121.01,70.21,78.77,1.093,16.889999389648438,14.369999885559082,0.8508,,,,,,,,,
2026-05-01,7234.5400390625,7272.52001953125,7229.31982421875,7230.1201171875,25.53,0.354,7026.67,6897.81,203.45,332.31,128.86,71.18,77.68,1.074,16.989999771118164,14.149999618530273,0.8328,,,,,,,,,
2026-05-04,7228.3798828125,7244.5400390625,7174.1201171875,7200.75,-1.74,-0.024,7043.25,6909.69,157.5,291.06,133.56,67.86,77.16,1.072,18.290000915527344,16.600000381469727,0.9076,,,,,,,,,
2026-05-05,7233.6201171875,7273.259765625,7233.6201171875,7259.22021484375,32.87,0.456,7063.82,6923.4,195.4,335.83,140.42,70.79,76.83,1.058,17.3799991607666,14.640000343322754,0.8423,,,,,,,,,
2026-05-06,7294.14013671875,7369.22021484375,7294.14013671875,7365.1201171875,34.92,0.481,7092.51,6940.72,272.61,424.4,151.8,75.19,79.2,1.075,17.389999389648438,14.760000228881836,0.8488,,,,,,,,,
2026-05-07,7376.77978515625,7385.02001953125,7321.25,7337.10986328125,11.66,0.158,7115.81,6956.26,221.3,380.85,159.55,72.09,78.1,1.064,17.079999923706055,14.5600004196167,0.8525,,,,,,,,,
2026-05-08,7362.97021484375,7401.5,7362.97021484375,7398.93017578125,25.86,0.352,7142.77,6973.62,256.16,425.31,169.15,74.58,77.12,1.042,17.190000534057617,14.210000038146973,0.8266,,,,,,,,,
2026-05-11,7385.31005859375,7428.97021484375,7384.2001953125,7412.83984375,-13.62,-0.184,7168.49,6990.85,244.35,421.99,177.65,75.12,74.81,1.009,18.3799991607666,16.889999389648438,0.9189,,,,,,,,,
2026-05-12,7390.6298828125,7409.56982421875,7338.5400390625,7400.9599609375,-22.21,-0.3,7190.63,7006.93,210.33,394.03,183.7,73.68,74.77,1.01,17.989999771118164,16.34000015258789,0.9083,,,,,,,,,
2026-05-13,7409.1201171875,7460.0400390625,7375.1298828125,7444.25,8.16,0.11,7214.79,7024.08,229.46,420.17,190.71,75.51,75.49,1.014,17.8700008392334,15.869999885559082,0.8881,,,,,,,,,
2026-05-14,7454.39990234375,7517.1201171875,7454.39990234375,7501.240234375,10.15,0.136,7242.07,7042.79,259.17,458.45,199.28,77.71,75.31,1.004,17.260000228881836,15.140000343322754,0.8772,,,,,,,,,
2026-05-15,7445.10986328125,7454.85009765625,7397.5,7408.5,-56.13,-0.748,7257.92,7057.13,150.58,351.37,200.79,67.15,77.34,1.044,18.43000030517578,16.3700008392334,0.8882,,,,,,,,,
2026-05-18,7415.06982421875,7434.06005859375,7353.169921875,7403.0498046875,6.57,0.089,7271.74,7070.7,131.31,332.35,201.04,66.57,77.59,1.048,17.81999969482422,16.860000610351562,0.9461,,,,,,,,,
2026-05-19,7375.75,7395.31982421875,7333.68017578125,7353.60986328125,-27.3,-0.369,7279.54,7081.79,74.07,271.82,197.75,61.45,77.0,1.047,18.059999465942383,16.639999389648438,0.9214,5m,365.3,-20.8,61.6,0.057,7376.16,7353.04,7381.64,7335.05
2026-05-20,7369.18994140625,7435.68994140625,7357.4599609375,7432.97021484375,15.58,0.212,7294.15,7095.56,138.82,337.41,198.59,65.98,77.37,1.041,17.440000534057617,15.140000343322754,0.8681,5m,269.5,63.6,78.2,0.236,7379.5,7360.96,7402.18,7357.46
2026-05-21,7410.77978515625,7465.9599609375,7389.47998046875,7445.72021484375,-22.19,-0.299,7308.59,7109.3,137.13,336.42,199.29,66.65,77.3,1.038,16.760000228881836,14.079999923706055,0.8401,5m,358.0,35.3,76.5,0.099,7410.78,7393.07,7424.43,7392.02
2026-05-22,7468.81982421875,7506.31982421875,7463.2900390625,7473.47021484375,23.1,0.31,7324.29,7123.58,149.18,349.89,200.71,68.14,76.11,1.018,16.700000762939453,14.069999694824219,0.8425,5m,204.0,5.2,43.0,0.026,7499.46,7468.82,7499.46,7463.29
2026-05-26,7511.7900390625,7539.08984375,7501.10009765625,7519.1201171875,38.32,0.513,7342.84,7139.09,176.28,380.03,203.76,70.47,75.36,1.002,17.010000228881836,14.84000015258789,0.8724,5m,193.4,7.7,38.0,0.04,7524.49,7508.39,7536.61,7508.39
2026-05-27,7526.009765625,7530.72021484375,7499.72021484375,7520.35986328125,6.89,0.092,7359.75,7154.04,160.61,366.32,205.71,70.54,72.19,0.96,16.290000915527344,13.270000457763672,0.8146,5m,225.7,-4.7,31.0,0.021,7530.59,7507.83,7530.72,7507.83
2026-05-28,7519.81982421875,7568.72021484375,7508.0400390625,7563.6298828125,-0.54,-0.007,7379.17,7170.1,184.46,393.53,209.06,72.73,71.37,0.944,15.739999771118164,12.979999542236328,0.8247,5m,187.8,43.6,60.7,0.232,7520.77,7508.04,7554.73,7508.04
2026-05-29,7579.330078125,7599.3798828125,7563.5498046875,7580.06005859375,15.7,0.208,7398.3,7186.18,181.76,393.88,212.12,73.53,68.83,0.908,15.319999694824219,12.59000015258789,0.8218,5m,226.5,1.9,35.8,0.008,7593.39,7574.14,7599.38,7574.14
2026-06-01,7582.2900390625,7617.66015625,7562.60986328125,7599.9599609375,2.23,0.029,7417.51,7202.41,182.45,397.55,215.1,74.51,67.85,0.893,16.049999237060547,13.760000228881836,0.8573,5m,195.2,18.0,55.1,0.092,7584.52,7562.61,7585.49,7562.61
2026-06-02,7595.39990234375,7620.89990234375,7582.990234375,7609.77978515625,-4.56,-0.06,7435.82,7218.38,173.96,391.4,217.44,75.0,65.71,0.863,15.770000457763672,13.1899995803833,0.8364,5m,141.5,15.1,37.9,0.107,7595.4,7582.99,7602.24,7582.99
2026-06-03,7605.31005859375,7605.35009765625,7551.22021484375,7553.68017578125,-4.47,-0.059,7447.04,7231.53,106.64,322.15,215.51,67.04,65.2,0.863,16.059999465942383,13.40999984741211,0.835,5m,227.5,-48.5,54.1,0.213,7605.35,7579.09,7605.35,7562.45
2026-06-04,7516.5400390625,7598.18994140625,7516.5400390625,7584.31005859375,-37.14,-0.492,7460.12,7245.37,124.19,338.94,214.75,68.98,66.37,0.875,15.399999618530273,12.649999618530273,0.8214,5m,165.6,68.3,81.6,0.412,7549.29,7516.54,7557.73,7516.54
2026-06-05,7537.35986328125,7541.81005859375,7368.6298828125,7383.740234375,-46.95,-0.619,7452.84,7250.79,-69.1,132.95,202.05,48.77,77.04,1.043,21.510000228881836,23.920000076293945,1.112,5m,456.6,-152.7,173.2,0.334,7541.81,7515.22,7541.81,7494.78
2026-06-08,7440.56982421875,7466.81005859375,7395.1298828125,7405.72998046875,56.83,0.77,7448.36,7256.87,-42.63,148.86,191.49,50.48,77.47,1.046,18.920000076293945,19.690000534057617,1.0407,5m,368.2,-34.8,71.7,0.094,7458.57,7428.45,7458.57,7420.2
2026-06-09,7438.66015625,7483.14990234375,7237.85009765625,7386.64990234375,32.93,0.445,7442.48,7261.96,-55.83,124.69,180.52,48.95,89.46,1.211,19.8700008392334,22.139999389648438,1.1142,5m,783.6,-52.3,245.3,0.067,7468.16,7438.66,7483.15,7407.67
2026-06-10,7350.5400390625,7396.56005859375,7265.93017578125,7266.990234375,-36.11,-0.489,7425.77,7262.15,-158.77,4.84,163.61,40.64,92.4,1.271,22.219999313354492,25.670000076293945,1.1553,5m,540.7,-82.9,130.6,0.153,7375.41,7328.42,7396.56,7328.42
2026-06-11,7287.669921875,7412.68017578125,7257.330078125,7394.2998046875,20.68,0.285,7422.77,7267.34,-28.47,126.96,155.43,50.31,96.89,1.31,19.440000534057617,20.65999984741211,1.0628,5m,644.3,105.4,155.4,0.164,7303.4,7276.92,7327.9,7276.92
2026-06-12,7410.85009765625,7456.39990234375,7363.009765625,7431.4599609375,16.55,0.224,7423.6,7273.77,7.86,157.69,149.82,52.73,96.64,1.3,17.68000030517578,17.260000228881836,0.9762,5m,477.2,20.0,93.4,0.042,7417.38,7370.71,7422.67,7363.01
2026-06-15,7516.75,7577.919921875,7516.75,7554.2900390625,85.29,1.148,7436.04,7284.77,118.25,269.52,151.27,59.71,100.2,1.326,16.200000762939453,15.579999923706055,0.9617,5m,185.2,38.5,61.2,0.208,7546.72,7516.75,7552.67,7516.75
2026-06-16,7548.77978515625,7564.9599609375,7508.68017578125,7511.35009765625,-5.51,-0.073,7443.22,7293.66,68.13,217.69,149.56,56.57,97.07,1.292,16.40999984741211,15.770000457763672,0.961,5m,232.6,-35.8,56.3,0.154,7564.42,7548.78,7564.96,7541.66
2026-06-17,7524.5,7532.169921875,7402.60986328125,7420.10009765625,13.15,0.175,7441.01,7298.62,-20.91,121.48,142.4,50.48,99.39,1.339,18.440000534057617,18.6299991607666,1.0103,5m,504.8,-102.7,129.6,0.204,7526.81,7513.07,7532.17,7507.33
2026-06-18,7487.35986328125,7511.06982421875,7468.31982421875,7500.580078125,67.26,0.906,7446.69,7306.54,53.89,194.04,140.15,55.07,98.78,1.317,16.399999618530273,13.930000305175781,0.8494,5m,269.2,10.5,42.8,0.039,7509.44,7469.52,7509.44,7468.32
2026-06-22,7500.43994140625,7530.009765625,7460.009765625,7472.7900390625,-0.14,-0.002,7449.17,7313.06,23.62,159.73,136.12,53.24,96.73,1.294,17.280000686645508,16.290000915527344,0.9427,5m,347.1,-25.0,70.0,0.072,7527.94,7498.88,7530.01,7494.93
2026-06-23,7366.509765625,7424.169921875,7347.60009765625,7365.4599609375,-106.28,-1.422,7441.2,7315.11,-75.74,50.35,126.09,46.75,98.76,1.341,19.489999771118164,19.469999313354492,0.999,5m,319.1,-0.6,76.6,0.002,7381.48,7347.6,7424.17,7347.6
2026-06-24,7370.8798828125,7428.06005859375,7336.81982421875,7358.22021484375,5.42,0.074,7433.3,7316.8,-75.08,41.42,116.49,46.34,98.22,1.335,18.6299991607666,18.06999969482422,0.9699,5m,390.5,-11.0,91.2,0.028,7401.85,7370.45,7405.05,7369.0
2026-06-25,7404.91015625,7419.080078125,7323.5,7357.490234375,46.69,0.635,7426.08,7318.4,-68.59,39.09,107.68,46.3,98.04,1.332,18.889999389648438,17.920000076293945,0.9487,5m,557.8,-47.7,95.6,0.086,7419.08,7368.17,7419.08,7323.5
2026-06-26,7312.740234375,7392.9501953125,7294.18017578125,7354.02001953125,-44.75,-0.608,7419.22,7319.8,-65.2,34.22,99.42,46.07,98.09,1.334,18.40999984741211,16.799999237060547,0.9125,5m,406.0,25.1,98.8,0.062,7321.39,7294.18,7369.91,7294.18
2026-06-29,7391.8798828125,7444.31982421875,7348.8798828125,7440.43017578125,37.86,0.515,7421.24,7324.53,19.19,115.9,96.71,52.28,97.9,1.316,17.649999618530273,15.510000228881836,0.8788,5m,316.9,47.4,95.4,0.149,7421.42,7384.81,7427.8,7348.88
2026-06-30,7441.27001953125,7508.2900390625,7438.0400390625,7499.35986328125,0.84,0.011,7428.68,7331.38,70.68,167.98,97.29,55.99,95.92,1.279,16.450000762939453,13.729999542236328,0.8347,5m,207.5,55.0,70.2,0.265,7450.35,7438.04,7473.41,7438.04
2026-07-01,7478.83984375,7521.81005859375,7449.6298828125,7483.22998046875,-20.52,-0.274,7433.87,7337.34,49.36,145.89,96.53,54.74,94.23,1.259,16.59000015258789,13.140000343322754,0.792,5m,225.1,6.2,72.2,0.027,7479.24,7449.63,7498.21,7449.63
2026-07-02,7495.14013671875,7540.75,7427.5498046875,7483.240234375,11.91,0.159,7438.57,7343.06,44.67,140.18,95.51,54.74,95.58,1.277,16.149999618530273,12.369999885559082,0.7659,5m,417.7,-17.5,113.2,0.042,7530.31,7495.14,7540.75,7495.14
2026-07-06,7506.9599609375,7551.31005859375,7500.97021484375,7537.43017578125,23.72,0.317,7447.99,7350.68,89.44,186.75,97.31,58.38,93.62,1.242,15.569999694824219,12.319999694824219,0.7913,5m,160.0,31.4,50.3,0.196,7522.42,7500.97,7527.47,7500.97
2026-07-07,7516.6298828125,7536.06005859375,7478.6298828125,7503.85009765625,-20.8,-0.276,7453.31,7356.69,50.54,147.16,96.62,55.4,91.13,1.214,16.1299991607666,13.420000076293945,0.832,5m,234.5,-13.3,57.4,0.057,7536.06,7516.63,7536.06,7486.71
2026-07-08,7476.5400390625,7488.509765625,7421.81982421875,7482.7099609375,-27.31,-0.364,7456.11,7361.63,26.6,121.08,94.48,53.55,90.48,1.209,16.899999618530273,14.40999984741211,0.8527,5m,269.6,4.9,66.7,0.018,7476.54,7452.6,7476.54,7452.6
2026-07-09,7491.60009765625,7546.89013671875,7481.72998046875,7543.64013671875,8.89,0.119,7464.44,7368.77,79.2,174.87,95.68,57.91,88.67,1.175,15.84000015258789,12.5,0.7891,5m,201.1,50.7,65.2,0.252,7512.05,7483.29,7519.49,7481.73
2026-07-10,7547.64013671875,7579.93017578125,7508.16015625,7575.39013671875,4.0,0.053,7475.01,7376.87,100.38,198.52,98.14,60.02,87.47,1.155,15.029999732971191,11.149999618530273,0.7418,5m,183.8,27.7,71.8,0.151,7559.34,7543.35,7559.96,7543.35
2026-07-13,7547.52978515625,7565.3701171875,7506.41015625,7515.33984375,-27.86,-0.368,7478.85,7382.3,36.49,133.04,96.55,54.47,86.14,1.146,17.15999984741211,15.130000114440918,0.8817,5m,258.4,-31.6,59.0,0.122,7565.37,7547.53,7565.37,7529.33
2026-07-14,7536.7001953125,7557.43994140625,7513.22998046875,7543.58984375,21.36,0.284,7485.02,7388.63,58.57,154.96,96.39,56.51,83.15,1.102,16.5,13.460000038146973,0.8158,5m,220.3,7.6,44.2,0.034,7540.37,7520.79,7544.45,7513.23
2026-07-15,7571.72021484375,7581.5,7526.9501953125,7572.39990234375,28.13,0.373,7493.34,7395.83,79.06,176.57,97.51,58.55,81.11,1.071,15.670000076293945,12.0600004196167,0.7696,5m,296.8,0.5,54.6,0.002,7580.76,7569.43,7581.5,7557.34
2026-07-16,7558.7998046875,7570.740234375,7504.02001953125,7533.77001953125,-13.6,-0.18,7497.19,7401.24,36.58,132.53,95.95,54.83,80.2,1.065,16.729999542236328,13.979999542236328,0.8356,5m,280.3,-24.2,66.7,0.086,7560.67,7535.33,7570.36,7531.72
2026-07-17,7447.52001953125,7498.47021484375,7431.259765625,7457.68994140625,-86.25,-1.145,7493.43,7403.46,-35.74,54.23,89.97,48.34,81.79,1.097,18.770000457763672,16.850000381469727,0.8977,5m,354.5,10.3,67.2,0.029,7449.8,7431.26,7498.43,7431.26
2026-07-20,7489.18017578125,7513.22998046875,7440.52978515625,7443.27978515625,31.49,0.422,7488.65,7405.02,-45.37,38.26,83.64,47.2,81.14,1.09,18.649999618530273,17.780000686645508,0.9534,5m,299.2,-44.5,72.7,0.149,7513.23,7489.18,7513.23,7468.61
2026-07-21,7489.9501953125,7515.31005859375,7467.85986328125,7509.2001953125,46.67,0.627,7490.61,7409.1,18.59,100.1,81.51,52.7,80.49,1.072,17.049999237060547,15.479999542236328,0.9079,5m,166.7,17.4,47.5,0.104,7492.5,7469.05,7494.77,7467.86
2026-07-22,7497.47021484375,7525.93994140625,7485.85009765625,7498.9599609375,-11.73,-0.156,7491.4,7412.63,7.56,86.33,78.78,51.79,77.61,1.035,16.639999389648438,14.880000114440918,0.8942,5m,167.4,2.0,40.1,0.012,7502.52,7485.85,7519.22,7485.85
2026-07-23,7418.2900390625,7450.1201171875,7376.0,7408.2998046875,-80.67,-1.076,7483.49,7412.46,-75.19,-4.16,71.03,44.52,80.84,1.091,18.700000762939453,18.149999618530273,0.9706,5m,359.4,-10.1,74.1,0.028,7450.12,7408.24,7450.12,7408.24
2026-07-24,7406.2998046875,7460.97998046875,7396.52978515625,7411.97998046875,-2.0,-0.027,7476.68,7412.44,-64.7,-0.46,64.24,44.86,79.67,1.075,18.579999923706055,17.6200008392334,0.9483,5m,356.0,6.6,64.4,0.018,7421.14,7406.3,7423.01,7397.58
2026-07-27,7464.2001953125,7480.56982421875,7382.740234375,7413.18017578125,52.22,0.705,7470.63,7412.47,-57.45,0.71,58.16,44.98,80.97,1.092,18.670000076293945,18.1299991607666,0.9711,5m,355.7,-50.8,97.8,0.143,7480.57,7458.89,7480.57,7405.5
2026-07-28,7395.5498046875,7452.08984375,7382.9501953125,7428.77978515625,-17.63,-0.238,7466.65,7413.11,-37.87,15.67,53.54,46.58,80.13,1.079,18.209999084472656,17.25,0.9473,5m,291.6,31.7,69.1,0.109,7413.1,7388.69,7413.1,7382.95
2026-07-29,7418.16015625,7450.83984375,7313.919921875,7316.14990234375,-10.62,-0.143,7452.31,7409.3,-136.16,-93.15,43.01,38.0,84.18,1.151,20.65999984741211,20.3799991607666,0.9864,5m,500.8,-97.9,136.9,0.196,7426.38,7410.66,7426.38,7366.24
2026-07-30,7390.4501953125,7448.75,7370.97998046875,7437.6298828125,74.3,1.016,7450.91,7410.42,-13.28,27.21,40.5,48.93,87.64,1.178,17.09000015258789,14.850000381469727,0.8689,5m,265.7,47.1,77.8,0.177,7392.63,7371.67,7417.36,7371.67
2026-07-31,7462.1298828125,7512.0400390625,7399.830078125,7489.72021484375,24.5,0.329,7454.61,7413.53,35.11,76.19,41.08,52.77,89.4,1.194,15.989999771118164,13.050000190734863,0.8161,5m,360.8,27.4,112.2,0.076,7489.52,7453.21,7489.52,7399.83
2026-08-03,7504.77978515625,7610.0400390625,7504.77978515625,7600.5,15.06,0.201,7468.5,7420.86,132.0,179.64,47.65,59.72,91.6,1.205,15.859999656677246,13.279999732971191,0.8373,5m,171.8,95.2,105.3,0.554,7544.06,7504.78,7572.45,7504.78
2026-08-04,7630.6201171875,7758.2099609375,7629.10009765625,7736.52001953125,30.12,0.396,7494.03,7433.24,242.49,303.28,60.79,66.27,96.33,1.245,16.5,15.039999961853027,0.9115,5m,246.1,105.0,129.1,0.427,7647.86,7629.1,7678.27,7629.1
2026-08-05,7771.6201171875,7793.68017578125,7720.169921875,7723.5498046875,35.1,0.454,7515.89,7444.62,207.66,278.93,71.27,65.18,94.7,1.226,15.8100004196167,13.789999961853027,0.8722,5m,246.2,-49.5,73.5,0.201,7793.68,7771.62,7793.68,7768.85
2026-08-06,7713.7900390625,7742.85009765625,7698.14990234375,7709.9599609375,-9.76,-0.126,7534.37,7455.03,175.59,254.93,79.34,64.0,91.13,1.182,15.149999618530273,12.65999984741211,0.8356,5m,260.3,-2.4,44.7,0.009,7733.53,7713.79,7742.85,7713.79
2026-08-07,7735.18017578125,7763.080078125,7719.18994140625,7757.64013671875,25.22,0.327,7555.64,7466.89,202.0,290.75,88.74,66.32,88.41,1.14,14.899999618530273,11.960000038146973,0.8027,5m,242.5,20.4,43.9,0.084,7745.24,7731.5,7756.08,7719.19
2026-08-10,7751.740234375,7773.759765625,7743.10986328125,7753.10986328125,-5.9,-0.076,7574.44,7478.12,178.67,274.99,96.32,65.88,84.29,1.087,15.460000038146973,12.770000457763672,0.826,5m,164.4,1.4,30.7,0.009,7761.44,7748.42,7768.21,7748.42
2026-08-11,7767.509765625,7767.509765625,7717.25,7728.2001953125,14.4,0.186,7589.09,7487.93,139.11,240.27,101.16,63.42,81.85,1.059,15.279999732971191,12.520000457763672,0.8194,5m,174.1,-40.1,50.3,0.23,7767.51,7752.23,7767.51,7748.84
2026-08-12,7765.4599609375,7766.009765625,7737.9501953125,7748.5,37.26,0.482,7604.27,7498.14,144.23,250.36,106.12,64.58,78.71,1.016,14.550000190734863,11.09000015258789,0.7622,5m,155.2,-16.8,28.1,0.108,7766.01,7748.37,7766.01,7741.72
2026-08-13,7763.18017578125,7816.7001953125,7763.18017578125,7798.990234375,14.68,0.189,7622.81,7509.94,176.18,289.05,112.87,67.36,77.96,1.0,14.630000114440918,11.369999885559082,0.7772,5m,188.4,35.8,53.5,0.19,7787.16,7763.18,7815.54,7763.18
2026-08-14,7806.60009765625,7810.009765625,7776.31005859375,7785.759765625,7.61,0.098,7638.33,7520.76,147.43,265.0,117.57,65.9,74.8,0.961,14.25,10.609999656677246,0.7446,5m,126.6,-20.6,33.7,0.163,7807.71,7797.81,7810.01,7792.41
2026-08-17,7790.68017578125,7790.68017578125,7744.8798828125,7745.06005859375,4.92,0.063,7648.5,7529.55,96.56,215.51,118.94,61.5,72.73,0.939,15.1899995803833,12.390000343322754,0.8157,5m,139.0,-44.5,45.8,0.32,7790.68,7774.12,7790.68,7771.01
2026-08-18,7700.0400390625,7713.9501953125,7688.6298828125,7691.759765625,-45.02,-0.581,7652.62,7535.92,39.14,155.84,116.7,56.2,71.56,0.93,15.84000015258789,13.59000015258789,0.858,5m,154.3,-8.3,25.3,0.054,7713.95,7698.76,7713.95,7696.16
2026-08-19,7716.740234375,7743.93017578125,7700.06982421875,7707.97998046875,24.98,0.325,7657.89,7542.66,50.09,165.32,115.23,57.4,70.18,0.91,14.890000343322754,12.65999984741211,0.8502,5m,253.7,-8.8,43.9,0.035,7726.29,7711.62,7726.29,7700.07
2026-08-20,7690.490234375,7699.9599609375,7639.009765625,7641.16015625,-17.49,-0.227,7656.3,7546.53,-15.14,94.63,109.77,51.17,70.09,0.917,16.010000228881836,14.390000343322754,0.8988,5m,245.5,-49.3,60.9,0.201,7697.2,7679.11,7697.2,7672.47
2026-08-21,7665.68017578125,7697.10986328125,7660.06005859375,7674.3701171875,24.52,0.321,7658.02,7551.54,16.35,122.83,106.48,53.85,69.08,0.9,15.130000114440918,12.579999923706055,0.8315,5m,181.9,8.7,37.0,0.048,7678.16,7665.6,7678.16,7660.83
2026-08-24,7663.3798828125,7670.2998046875,7638.169921875,7652.85986328125,-10.99,-0.143,7657.53,7555.51,-4.67,97.35,102.01,51.87,66.73,0.872,15.850000381469727,14.069999694824219,0.8877,5m,161.2,-10.5,32.1,0.065,7663.46,7639.68,7663.46,7638.17
2026-08-25,7676.66015625,7686.10986328125,7650.919921875,7677.27978515625,23.8,0.311,7659.41,7560.29,17.87,116.99,99.12,53.94,64.48,0.84,15.449999809265137,13.449999809265137,0.8706,5m,164.0,0.6,35.2,0.004,7686.11,7676.66,7686.11,7664.96
2026-08-26,7666.8798828125,7690.72998046875,7657.41015625,7675.7001953125,-10.4,-0.135,7660.96,7564.81,14.74,110.89,96.15,53.78,62.25,0.811,15.210000038146973,13.329999923706055,0.8764,5m,186.9,8.8,33.3,0.047,7683.69,7662.9,7688.36,7662.9
2026-08-27,7710.33984375,7741.27001953125,7689.89013671875,7730.990234375,34.64,0.451,7667.63,7571.33,63.36,159.66,96.3,58.47,62.49,0.808,14.510000228881836,12.100000381469727,0.8339,5m,217.6,19.8,51.4,0.091,7710.57,7689.89,7716.89,7689.89
2026-08-28,7735.169921875,7771.47998046875,7700.91015625,7711.759765625,4.18,0.054,7671.83,7576.84,39.93,134.92,94.99,56.33,63.07,0.818,14.430000305175781,11.220000267028809,0.7775,5m,291.3,-23.4,70.6,0.08,7747.04,7733.99,7748.25,7715.87
2026-08-31,7697.52001953125,7697.52001953125,7665.06005859375,7686.14013671875,-14.24,-0.185,7673.19,7581.12,12.95,105.02,92.07,53.52,61.9,0.805,14.920000076293945,12.34000015258789,0.8271,5m,190.5,-11.4,32.5,0.06,7697.52,7675.55,7697.52,7665.06
2026-09-01,7635.47021484375,7663.6298828125,7611.2001953125,7631.47021484375,-50.67,-0.659,7669.22,7583.1,-37.75,48.37,86.12,48.01,62.83,0.823,16.34000015258789,14.329999923706055,0.877,5m,215.1,-4.0,52.4,0.019,7640.41,7627.87,7656.5,7627.87
2026-09-02,7634.580078125,7681.18994140625,7633.6201171875,7666.60009765625,3.11,0.041,7668.97,7586.37,-2.37,80.23,82.6,51.47,61.89,0.807,15.199999809265137,12.569999694824219,0.827,5m,187.5,32.0,47.6,0.171,7644.1,7633.62,7672.23,7633.62
2026-09-03,7686.7099609375,7756.759765625,7686.7099609375,7747.7099609375,20.11,0.262,7676.47,7592.7,71.24,155.01,83.77,58.35,63.91,0.825,14.319999694824219,11.680000305175781,0.8156,5m,194.9,61.0,70.1,0.313,7715.41,7686.71,7716.69,7686.71
2026-09-04,7750.18994140625,7750.18994140625,7706.1201171875,7718.60009765625,2.48,0.032,7680.48,7597.64,38.12,120.96,82.85,55.32,62.49,0.81,14.529999732971191,11.970000267028809,0.8238,5m,154.5,-31.6,44.1,0.204,7750.19,7734.87,7750.19,7723.78
2026-09-08,7717.81005859375,7717.81005859375,7666.990234375,7673.52001953125,-0.79,-0.01,7679.82,7600.61,-6.3,72.91,79.21,50.91,61.72,0.804,15.720000267028809,14.8100004196167,0.9421,5m,204.5,-44.3,50.8,0.217,7717.81,7685.83,7717.81,7675.69
2026-09-09,7660.68017578125,7660.68017578125,7624.16015625,7636.35986328125,-12.84,-0.167,7675.68,7602.01,-39.32,34.35,73.67,47.54,60.83,0.797,16.459999084472656,15.59000015258789,0.9471,5m,218.6,-24.3,36.5,0.111,7660.68,7646.91,7660.68,7640.01
2026-09-10,7594.740234375,7612.85986328125,7580.06005859375,7591.7001953125,-41.62,-0.545,7667.68,7601.61,-75.98,-9.91,66.07,43.79,60.51,0.797,17.84000015258789,17.700000762939453,0.9922,5m,210.5,-3.0,32.8,0.014,7600.19,7588.96,7612.74,7580.06
2026-09-11,7636.75,7677.02001953125,7636.75,7656.97998046875,45.05,0.593,7666.66,7603.78,-9.68,53.2,62.88,50.0,62.28,0.813,15.84000015258789,14.470000267028809,0.9135,5m,203.6,20.2,40.3,0.099,7673.44,7636.75,7677.02,7636.75
2026-09-14,7611.43994140625,7647.990234375,7592.27978515625,7619.97998046875,-45.54,-0.595,7662.22,7604.42,-42.24,15.56,57.8,46.84,62.46,0.82,17.100000381469727,16.90999984741211,0.9889,5m,228.9,8.5,55.7,0.037,7611.44,7596.33,7624.07,7595.57
2026-09-15,7612.2998046875,7617.259765625,7572.68994140625,7585.72998046875,-7.68,-0.101,7654.93,7603.68,-69.2,-17.95,51.25,44.07,61.37,0.809,17.200000762939453,17.209999084472656,1.0006,5m,175.1,-26.6,44.6,0.152,7617.26,7600.35,7617.26,7583.06
2026-09-16,7601.25,7626.7900390625,7507.77001953125,7551.81005859375,15.52,0.205,7645.11,7601.65,-93.3,-49.84,43.46,41.45,65.49,0.867,17.709999084472656,17.399999618530273,0.9825,5m,319.9,-49.4,119.0,0.155,7608.77,7597.61,7614.97,7597.61
2026-09-17,7631.43994140625,7646.85986328125,7611.81005859375,7637.759765625,79.63,1.054,7644.41,7603.07,-6.65,34.69,41.35,49.62,67.6,0.885,15.4399995803833,13.390000343322754,0.8672,5m,178.9,6.3,35.0,0.035,7646.6,7619.76,7646.6,7611.81
2026-09-18,7657.169921875,7657.169921875,7610.52001953125,7650.5,19.41,0.254,7644.99,7604.93,5.51,45.57,40.07,50.71,66.1,0.864,14.8100004196167,12.270000457763672,0.8285,5m,155.5,-6.7,46.6,0.043,7657.17,7638.29,7657.17,7618.44
2026-09-21,7692.830078125,7779.22021484375,7691.18994140625,7764.7001953125,42.33,0.553,7656.39,7611.19,108.31,153.51,45.2,59.28,70.58,0.909,14.869999885559082,13.140000343322754,0.8837,5m,167.9,71.9,88.0,0.428,7699.02,7691.19,7723.18,7691.19
2026-09-22,7770.81005859375,7782.18994140625,7756.259765625,7764.64013671875,6.11,0.079,7666.7,7617.21,97.94,147.43,49.49,59.27,67.39,0.868,14.210000038146973,12.130000114440918,0.8536,5m,163.4,-6.2,25.9,0.038,7782.19,7769.6,7782.19,7766.04
2026-09-23,7761.93994140625,7761.93994140625,7694.89013671875,7706.02978515625,-2.7,-0.035,7670.45,7620.69,35.58,85.34,49.75,53.72,67.56,0.877,15.180000305175781,13.449999809265137,0.886,5m,243.4,-55.9,67.0,0.23,7761.94,7749.32,7761.94,7713.3
2026-09-24,7666.990234375,7719.009765625,7662.56982421875,7704.1298828125,-39.04,-0.507,7673.65,7623.96,30.48,80.17,49.69,53.54,66.76,0.867,15.670000076293945,14.109999656677246,0.9004,5m,290.1,37.1,56.4,0.128,7680.66,7665.49,7694.61,7665.49
2026-09-25,7709.85986328125,7752.06982421875,7693.080078125,7743.41015625,5.73,0.074,7680.3,7628.65,63.11,114.76,51.65,56.69,66.21,0.855,14.869999885559082,12.760000228881836,0.8581,5m,285.5,33.6,59.0,0.118,7730.65,7708.1,7733.58,7693.08
2026-09-28,7721.7001953125,7724.14990234375,7666.60009765625,7683.68994140625,-21.71,-0.28,7680.62,7630.81,3.07,52.88,49.81,51.03,66.96,0.872,16.06999969482422,14.390000343322754,0.8955,5m,288.1,-38.0,57.5,0.132,7721.7,7697.57,7721.7,7697.57
2026-09-29,7699.60009765625,7699.60009765625,7653.5498046875,7670.83984375,15.91,0.207,7679.69,7632.38,-8.85,38.46,47.31,49.88,65.47,0.854,16.040000915527344,14.210000038146973,0.8859,5m,220.6,-28.8,46.1,0.13,7699.6,7678.94,7699.6,7675.62
2026-09-30,7688.990234375,7722.8798828125,7651.5400390625,7651.5400390625,18.15,0.237,7677.01,7633.13,-25.47,18.41,43.88,48.12,65.89,0.861,16.34000015258789,14.199999809265137,0.869,5m,260.3,-37.4,71.3,0.144,7701.2,7688.99,7721.39,7688.99
2026-10-01,7666.47021484375,7684.75,7616.77978515625,7666.4501953125,14.93,0.195,7676.0,7634.44,-9.55,32.01,41.57,49.6,66.04,0.861,16.389999389648438,14.0,0.8542,5m,392.9,-0.0,68.0,0.0,7683.65,7659.7,7683.65,7626.76
2026-10-02,7726.240234375,7754.669921875,7700.509765625,7722.72021484375,59.79,0.78,7680.45,7637.9,42.27,84.82,42.56,54.83,67.62,0.876,15.3100004196167,12.0600004196167,0.7877,5m,255.3,-3.5,54.2,0.014,7745.45,7724.92,7753.93,7720.14
2026-10-05,7730.85986328125,7794.35009765625,7727.58984375,7773.9501953125,8.14,0.105,7689.36,7643.23,84.59,130.72,46.12,59.0,67.91,0.874,15.520000457763672,12.850000381469727,0.828,5m,160.2,43.1,66.8,0.269,7739.11,7727.59,7758.32,7727.59
2026-10-06,7805.9599609375,7844.52001953125,7805.9599609375,7818.93017578125,32.01,0.412,7701.7,7650.12,117.23,168.81,51.57,62.3,68.1,0.871,15.010000228881836,12.029999732971191,0.8015,5m,148.3,13.0,38.6,0.087,7817.24,7805.96,7835.09,7805.96
