date,time,close,ema20,px_vs_ema20,rsi14,atr14,sofar_range,sofar_path,sofar_eff,vs_day_open,ema20_cont,ema50_cont,px_vs_ema20_cont,px_vs_ema50_cont,ema20_vs_50_cont
2026-05-19,09:30,7353.78,,,,,23.12,0.0,,-21.97,,,,,
2026-05-19,09:45,7371.82,,,,,32.14,18.04,0.218,-3.93,,,,,
2026-05-19,10:00,7347.57,,,,,35.38,42.29,0.666,-28.18,,,,,
2026-05-19,10:15,7341.48,,,,,46.59,48.38,0.708,-34.27,,,,,
2026-05-19,10:30,7345.2,,,,,46.59,52.1,0.586,-30.55,,,,,
2026-05-19,10:45,7349.32,,,,,47.96,56.22,0.47,-26.43,,,,,
2026-05-19,11:00,7353.85,,,,,47.96,60.75,0.36,-21.9,,,,,
2026-05-19,11:15,7341.46,,,,,47.96,73.14,0.469,-34.29,,,,,
2026-05-19,11:30,7354.43,,,,,47.96,86.11,0.248,-21.32,,,,,
2026-05-19,11:45,7347.69,,,,,47.96,92.85,0.302,-28.06,,,,,
2026-05-19,12:00,7346.2,,,,,47.96,94.34,0.313,-29.55,,,,,
2026-05-19,12:15,7363.72,,,,,47.96,111.86,0.108,-12.03,,,,,
2026-05-19,12:30,7372.78,,,,,47.96,120.92,0.025,-2.97,,,,,
2026-05-19,12:45,7380.55,,,,,48.26,128.69,0.037,4.8,,,,,
2026-05-19,13:00,7387.62,,,62.46,16.684,55.42,135.76,0.087,11.87,,,,,
2026-05-19,13:15,7388.81,,,62.81,16.145,61.64,136.95,0.095,13.06,,,,,
2026-05-19,13:30,7390.43,,,63.32,15.557,61.64,138.57,0.106,14.68,,,,,
2026-05-19,13:45,7386.8,,,61.32,15.307,61.64,142.2,0.078,11.05,,,,,
2026-05-19,14:00,7388.51,,,61.93,14.671,61.64,143.91,0.089,12.76,,,,,
2026-05-19,14:15,7377.67,7364.48,13.19,55.9,14.501,61.64,154.75,0.012,1.92,7364.48,,13.19,,
2026-05-19,14:30,7377.2,7365.7,11.5,55.65,14.082,61.64,155.22,0.009,1.45,7365.7,,11.5,,
2026-05-19,14:45,7363.53,7365.49,-1.96,48.75,14.165,61.64,168.89,0.072,-12.22,7365.49,,-1.96,,
2026-05-19,15:00,7378.28,7366.71,11.57,55.2,14.256,61.64,183.64,0.014,2.53,7366.71,,11.57,,
2026-05-19,15:15,7365.78,7366.62,-0.84,49.51,14.803,61.64,196.14,0.051,-9.97,7366.62,,-0.84,,
2026-05-19,15:30,7357.28,7365.73,-8.45,46.04,14.615,61.64,204.64,0.09,-18.47,7365.73,,-8.45,,
2026-05-19,15:45,7354.96,7364.7,-9.74,45.11,14.638,61.64,206.96,0.1,-20.79,7364.7,,-9.74,,
2026-05-20,09:30,7379.23,,,,,18.54,0.0,,10.04,7366.09,,13.14,,
2026-05-20,09:45,7379.88,,,,,30.64,0.65,16.446,10.69,7367.4,,12.48,,
2026-05-20,10:00,7370.22,,,,,34.14,10.31,0.1,1.03,7367.67,,2.55,,
2026-05-20,10:15,7396.75,,,,,44.72,36.84,0.748,27.56,7370.44,,26.31,,
2026-05-20,10:30,7400.98,,,,,51.0,41.07,0.774,31.79,7373.35,,27.63,,
2026-05-20,10:45,7411.85,,,,,55.73,51.94,0.821,42.66,7377.01,,34.84,,
2026-05-20,11:00,7407.01,,,,,56.06,56.78,0.666,37.82,7379.87,,27.14,,
2026-05-20,11:15,7410.62,,,,,78.23,60.39,0.686,41.43,7382.8,,27.82,,
2026-05-20,11:30,7421.8,,,,,78.23,71.57,0.735,52.61,7386.51,,35.29,,
2026-05-20,11:45,7421.06,,,,,78.23,72.31,0.717,51.87,7389.8,,31.26,,
2026-05-20,12:00,7419.33,,,,,78.23,74.04,0.677,50.14,7392.62,,26.71,,
2026-05-20,12:15,7408.37,,,,,78.23,85.0,0.461,39.18,7394.12,,14.25,,
2026-05-20,12:30,7416.9,,,,,78.23,93.53,0.51,47.71,7396.29,,20.61,,
2026-05-20,12:45,7412.24,,,,,78.23,98.19,0.438,43.05,7397.81,,14.43,,
2026-05-20,13:00,7415.41,,,67.85,16.049,78.23,101.36,0.456,46.22,7399.48,,15.93,,
2026-05-20,13:15,7420.3,,,69.44,15.407,78.23,106.25,0.481,51.11,7401.46,,18.84,,
2026-05-20,13:30,7421.3,,,69.76,14.944,78.23,107.25,0.486,52.11,7403.35,,17.95,,
2026-05-20,13:45,7417.4,,,66.75,14.352,78.23,111.15,0.434,48.21,7404.69,,12.71,,
2026-05-20,14:00,7419.54,,,67.58,14.069,78.23,113.29,0.444,50.35,7406.11,,13.43,,
2026-05-20,14:15,7419.26,7408.47,10.79,67.34,13.504,78.23,113.57,0.441,50.07,7407.36,,11.9,,
2026-05-20,14:30,7417.73,7409.35,8.38,65.98,13.217,78.23,115.1,0.422,48.54,7408.35,,9.38,,
2026-05-20,14:45,7419.85,7410.35,9.5,66.98,12.622,78.23,117.22,0.432,50.66,7409.44,,10.41,,
2026-05-20,15:00,7423.78,7411.63,12.15,68.8,12.134,78.23,121.15,0.451,54.59,7410.81,,12.97,,
2026-05-20,15:15,7426.37,7413.04,13.33,69.97,11.659,78.23,123.74,0.462,57.18,7412.29,7386.88,14.08,39.49,25.41
2026-05-20,15:30,7430.71,7414.72,15.99,71.88,11.469,78.23,128.08,0.48,61.52,7414.04,7388.6,16.67,42.11,25.45
2026-05-20,15:45,7432.77,7416.44,16.33,72.77,11.256,78.23,130.14,0.489,63.58,7415.83,7390.33,16.94,42.44,25.5
2026-05-21,09:30,7394.86,,,,,17.71,0.0,,-15.92,7413.83,7390.51,-18.97,4.35,23.32
2026-05-21,09:45,7416.57,,,,,26.83,21.71,0.267,5.79,7414.09,7391.53,2.48,25.04,22.56
2026-05-21,10:00,7411.54,,,,,32.4,26.74,0.028,0.76,7413.85,7392.31,-2.31,19.23,21.53
2026-05-21,10:15,7401.76,,,,,32.41,36.52,0.247,-9.02,7412.7,7392.68,-10.94,9.08,20.01
2026-05-21,10:30,7403.4,,,,,32.41,38.16,0.193,-7.38,7411.81,7393.1,-8.41,10.3,18.71
2026-05-21,10:45,7406.7,,,,,32.41,41.46,0.098,-4.08,7411.32,7393.64,-4.62,13.06,17.69
2026-05-21,11:00,7407.04,,,,,34.95,41.8,0.089,-3.74,7410.92,7394.16,-3.88,12.88,16.75
2026-05-21,11:15,7405.46,,,,,34.95,43.38,0.123,-5.32,7410.4,7394.61,-4.94,10.85,15.79
2026-05-21,11:30,7408.35,,,,,34.95,46.27,0.053,-2.43,7410.2,7395.15,-1.85,13.2,15.06
2026-05-21,11:45,7410.01,,,,,34.95,47.93,0.016,-0.77,7410.18,7395.73,-0.17,14.28,14.46
2026-05-21,12:00,7412.05,,,,,34.95,49.97,0.025,1.27,7410.36,7396.37,1.69,15.68,13.99
2026-05-21,12:15,7405.62,,,,,34.95,56.4,0.091,-5.16,7409.91,7396.73,-4.29,8.89,13.18
2026-05-21,12:30,7406.42,,,,,34.95,57.2,0.076,-4.36,7409.58,7397.11,-3.16,9.31,12.47
2026-05-21,12:45,7407.08,,,,,34.95,57.86,0.064,-3.7,7409.34,7397.5,-2.26,9.58,11.84
2026-05-21,13:00,7422.12,,,68.7,13.796,38.62,72.9,0.156,11.34,7410.56,7398.47,11.56,23.65,12.09
2026-05-21,13:15,7438.8,,,74.89,14.697,57.81,89.58,0.313,28.02,7413.25,7400.05,25.55,38.75,13.2
2026-05-21,13:30,7452.95,,,78.73,14.734,64.0,103.73,0.407,42.17,7417.03,7402.12,35.92,50.83,14.9
2026-05-21,13:45,7454.28,,,79.05,14.802,76.48,105.06,0.414,43.5,7420.58,7404.17,33.7,50.11,16.41
2026-05-21,14:00,7446.59,,,72.2,14.619,76.48,112.75,0.318,35.81,7423.05,7405.83,23.54,40.76,17.22
2026-05-21,14:15,7451.05,7418.13,32.92,73.63,14.25,76.48,117.21,0.344,40.27,7425.72,7407.61,25.33,43.44,18.11
2026-05-21,14:30,7452.71,7421.43,31.28,74.16,13.702,76.48,118.87,0.353,41.93,7428.29,7409.37,24.42,43.34,18.92
2026-05-21,14:45,7427.28,7421.98,5.3,55.64,15.148,76.48,144.3,0.114,16.5,7428.19,7410.08,-0.91,17.2,18.12
2026-05-21,15:00,7442.55,7423.94,18.61,61.8,15.159,76.48,159.57,0.199,31.77,7429.56,7411.35,12.99,31.2,18.21
2026-05-21,15:15,7444.24,7425.88,18.36,62.43,14.402,76.48,161.26,0.207,33.46,7430.96,7412.64,13.28,31.6,18.32
2026-05-21,15:30,7441.77,7427.39,14.38,60.87,13.989,76.48,163.73,0.189,30.99,7431.99,7413.78,9.78,27.99,18.21
2026-05-21,15:45,7446.05,7429.17,16.88,62.61,13.801,76.48,168.01,0.21,35.27,7433.33,7415.05,12.72,31.0,18.28
2026-05-22,09:30,7492.0,,,,,30.64,0.0,,23.18,7438.92,7418.07,53.08,73.93,20.85
2026-05-22,09:45,7493.28,,,,,30.64,1.28,19.109,24.46,7444.09,7421.01,49.19,72.27,23.08
2026-05-22,10:00,7474.01,,,,,30.64,20.55,0.253,5.19,7446.94,7423.09,27.07,50.92,23.85
2026-05-22,10:15,7474.41,,,,,36.17,20.95,0.267,5.59,7449.56,7425.11,24.85,49.3,24.45
2026-05-22,10:30,7481.76,,,,,36.17,28.3,0.457,12.94,7452.63,7427.33,29.13,54.43,25.3
2026-05-22,10:45,7481.99,,,,,36.17,28.53,0.462,13.17,7455.42,7429.47,26.57,52.52,25.95
2026-05-22,11:00,7487.61,,,,,36.17,34.15,0.55,18.79,7458.49,7431.75,29.12,55.86,26.74
2026-05-22,11:15,7496.41,,,,,36.17,42.95,0.642,27.59,7462.1,7434.29,34.31,62.12,27.81
2026-05-22,11:30,7494.53,,,,,36.17,44.83,0.573,25.71,7465.19,7436.65,29.34,57.88,28.54
2026-05-22,11:45,7494.17,,,,,36.17,45.19,0.561,25.35,7467.95,7438.9,26.22,55.27,29.04
2026-05-22,12:00,7491.97,,,,,36.17,47.39,0.488,23.15,7470.24,7440.99,21.73,50.98,29.25
2026-05-22,12:15,7490.99,,,,,36.17,48.37,0.458,22.17,7472.21,7442.95,18.78,48.04,29.27
2026-05-22,12:30,7488.22,,,,,36.17,51.14,0.379,19.4,7473.74,7444.72,14.48,43.5,29.01
2026-05-22,12:45,7490.36,,,,,36.17,53.28,0.404,21.54,7475.32,7446.51,15.04,43.85,28.81
2026-05-22,13:00,7494.32,,,52.03,8.831,36.17,57.24,0.445,25.5,7477.13,7448.39,17.19,45.93,28.74
2026-05-22,13:15,7505.22,,,60.19,9.611,41.98,68.14,0.534,36.4,7479.8,7450.62,25.42,54.6,29.19
2026-05-22,13:30,7497.72,,,53.45,9.673,43.03,75.64,0.382,28.9,7481.51,7452.46,16.21,45.26,29.05
2026-05-22,13:45,7490.83,,,48.12,9.601,43.03,82.53,0.267,22.01,7482.4,7453.97,8.43,36.86,28.43
2026-05-22,14:00,7489.74,,,47.32,9.397,43.03,83.62,0.25,20.92,7483.1,7455.37,6.64,34.37,27.73
2026-05-22,14:15,7490.74,7490.01,0.73,48.17,9.118,43.03,84.62,0.259,21.92,7483.83,7456.76,6.91,33.98,27.07
2026-05-22,14:30,7491.07,7490.11,0.96,48.47,8.916,43.03,84.95,0.262,22.25,7484.52,7458.1,6.55,32.97,26.41
2026-05-22,14:45,7489.18,7490.03,-0.85,46.81,8.615,43.03,86.84,0.234,20.36,7484.96,7459.32,4.22,29.86,25.64
2026-05-22,15:00,7481.21,7489.19,-7.98,40.52,8.745,43.03,94.81,0.131,12.39,7484.6,7460.18,-3.39,21.03,24.42
2026-05-22,15:15,7473.25,7487.67,-14.42,35.4,8.78,43.03,102.77,0.043,4.43,7483.52,7460.69,-10.27,12.56,22.83
2026-05-22,15:30,7474.02,7486.37,-12.35,36.24,8.738,43.03,103.54,0.05,5.2,7482.62,7461.22,-8.6,12.8,21.4
2026-05-22,15:45,7474.07,7485.2,-11.13,36.3,8.953,43.03,103.59,0.051,5.25,7481.8,7461.72,-7.73,12.35,20.08
2026-05-26,09:30,7523.53,,,,,16.1,0.0,,11.74,7485.78,7464.14,37.75,59.39,21.63
2026-05-26,09:45,7524.97,,,,,20.65,1.44,9.153,13.18,7489.51,7466.53,35.46,58.44,22.98
2026-05-26,10:00,7532.78,,,,,24.52,9.25,2.269,20.99,7493.63,7469.13,39.15,63.65,24.5
2026-05-26,10:15,7533.51,,,,,28.22,9.98,2.176,21.72,7497.43,7471.65,36.08,61.86,25.78
2026-05-26,10:30,7538.43,,,,,30.7,14.9,1.788,26.64,7501.33,7474.27,37.1,64.16,27.06
2026-05-26,10:45,7531.5,,,,,30.7,21.83,0.903,19.71,7504.21,7476.51,27.29,54.99,27.69
2026-05-26,11:00,7524.17,,,,,30.7,29.16,0.425,12.38,7506.11,7478.38,18.06,45.79,27.72
2026-05-26,11:15,7516.23,,,,,30.7,37.1,0.12,4.44,7507.07,7479.87,9.16,36.36,27.2
2026-05-26,11:30,7511.51,,,,,30.7,41.82,0.007,-0.28,7507.49,7481.11,4.02,30.4,26.39
2026-05-26,11:45,7506.42,,,,,37.99,46.91,0.114,-5.37,7507.39,7482.1,-0.97,24.32,25.29
2026-05-26,12:00,7506.13,,,,,37.99,47.2,0.12,-5.66,7507.27,7483.04,-1.14,23.09,24.23
2026-05-26,12:15,7515.3,,,,,37.99,56.37,0.062,3.51,7508.04,7484.31,7.26,30.99,23.73
2026-05-26,12:30,7509.73,,,,,37.99,61.94,0.033,-2.06,7508.2,7485.31,1.53,24.42,22.89
2026-05-26,12:45,7507.56,,,,,37.99,64.11,0.066,-4.23,7508.14,7486.18,-0.58,21.38,21.96
2026-05-26,13:00,7510.53,,,40.31,8.833,37.99,67.08,0.019,-1.26,7508.36,7487.13,2.17,23.4,21.23
2026-05-26,13:15,7504.23,,,36.61,8.753,37.99,73.38,0.103,-7.56,7507.97,7487.8,-3.74,16.43,20.17
2026-05-26,13:30,7506.41,,,38.71,8.583,37.99,75.56,0.071,-5.38,7507.82,7488.53,-1.41,17.88,19.29
2026-05-26,13:45,7507.71,,,39.98,8.375,37.99,76.86,0.053,-4.08,7507.81,7489.29,-0.1,18.42,18.53
2026-05-26,14:00,7513.34,,,45.29,8.419,37.99,82.49,0.019,1.55,7508.34,7490.23,5.0,23.11,18.11
2026-05-26,14:15,7514.25,7516.91,-2.66,46.12,8.146,37.99,83.4,0.029,2.46,7508.9,7491.17,5.35,23.08,17.73
2026-05-26,14:30,7511.71,7516.42,-4.71,44.11,7.986,37.99,85.94,0.001,-0.08,7509.17,7491.98,2.54,19.73,17.19
2026-05-26,14:45,7508.29,7515.64,-7.35,41.49,7.84,37.99,89.36,0.039,-3.5,7509.09,7492.62,-0.8,15.67,16.47
2026-05-26,15:00,7509.91,7515.1,-5.19,43.21,7.713,37.99,90.98,0.021,-1.88,7509.16,7493.29,0.75,16.62,15.87
2026-05-26,15:15,7513.15,7514.91,-1.76,46.6,7.43,37.99,94.22,0.014,1.36,7509.54,7494.07,3.61,19.08,15.47
2026-05-26,15:30,7522.61,7515.64,6.97,55.03,7.597,37.99,103.68,0.104,10.82,7510.79,7495.19,11.82,27.42,15.6
2026-05-26,15:45,7519.47,7516.01,3.46,52.09,7.649,37.99,106.82,0.072,7.68,7511.61,7496.14,7.86,23.33,15.47
2026-05-27,09:30,7510.77,,,,,22.76,0.0,,-15.24,7511.53,7496.72,-0.76,14.05,14.82
2026-05-27,09:45,7521.2,,,,,22.76,10.43,0.461,-4.81,7512.45,7497.68,8.75,23.52,14.78
2026-05-27,10:00,7525.07,,,,,22.76,14.3,0.066,-0.94,7513.66,7498.75,11.41,26.32,14.9
2026-05-27,10:15,7516.78,,,,,22.89,22.59,0.409,-9.23,7513.95,7499.46,2.83,17.32,14.49
2026-05-27,10:30,7521.03,,,,,22.89,26.84,0.186,-4.98,7514.63,7500.3,6.4,20.73,14.32
2026-05-27,10:45,7513.38,,,,,22.89,34.49,0.366,-12.63,7514.51,7500.82,-1.13,12.56,13.69
2026-05-27,11:00,7515.19,,,,,22.89,36.3,0.298,-10.82,7514.57,7501.38,0.62,13.81,13.19
2026-05-27,11:15,7511.81,,,,,24.48,39.68,0.358,-14.2,7514.31,7501.79,-2.5,10.02,12.52
2026-05-27,11:30,7503.71,,,,,27.51,47.78,0.467,-22.3,7513.3,7501.87,-9.59,1.84,11.44
2026-05-27,11:45,7507.72,,,,,29.86,51.79,0.353,-18.29,7512.77,7502.09,-5.05,5.63,10.67
2026-05-27,12:00,7512.89,,,,,29.86,56.96,0.23,-13.12,7512.78,7502.52,0.11,10.37,10.26
2026-05-27,12:15,7514.18,,,,,29.86,58.25,0.203,-11.83,7512.91,7502.98,1.27,11.2,9.94
2026-05-27,12:30,7520.06,,,,,29.86,64.13,0.093,-5.95,7513.59,7503.65,6.47,16.41,9.95
2026-05-27,12:45,7514.8,,,,,29.86,69.39,0.162,-11.21,7513.71,7504.08,1.09,10.72,9.63
2026-05-27,13:00,7505.26,,,46.51,11.7,31.0,78.93,0.263,-20.75,7512.9,7504.13,-7.64,1.13,8.78
2026-05-27,13:15,7509.09,,,49.17,11.393,31.0,82.76,0.204,-16.92,7512.54,7504.32,-3.45,4.77,8.22
2026-05-27,13:30,7510.68,,,50.27,11.097,31.0,84.35,0.182,-15.33,7512.36,7504.57,-1.68,6.11,7.79
2026-05-27,13:45,7514.0,,,52.59,10.906,31.0,87.67,0.137,-12.01,7512.52,7504.94,1.48,9.06,7.58
2026-05-27,14:00,7517.38,,,54.89,10.614,31.0,91.05,0.095,-8.63,7512.98,7505.43,4.4,11.95,7.55
2026-05-27,14:15,7524.1,7514.45,9.65,59.14,10.469,31.0,97.77,0.02,-1.91,7514.04,7506.16,10.06,17.94,7.88
2026-05-27,14:30,7525.17,7515.48,9.69,59.79,10.059,31.0,98.84,0.008,-0.84,7515.1,7506.91,10.07,18.26,8.19
2026-05-27,14:45,7525.57,7516.44,9.13,60.04,9.583,31.0,99.24,0.004,-0.44,7516.1,7507.64,9.47,17.93,8.46
2026-05-27,15:00,7526.34,7517.38,8.96,60.56,9.221,31.0,100.01,0.003,0.33,7517.07,7508.37,9.27,17.97,8.7
2026-05-27,15:15,7522.71,7517.89,4.82,56.81,9.02,31.0,103.64,0.032,-3.3,7517.61,7508.94,5.1,13.77,8.68
2026-05-27,15:30,7525.55,7518.62,6.93,58.95,8.714,31.0,106.48,0.004,-0.46,7518.37,7509.59,7.18,15.96,8.78
2026-05-27,15:45,7521.29,7518.87,2.42,54.58,8.638,31.0,110.74,0.043,-4.72,7518.65,7510.05,2.64,11.24,8.6
2026-05-28,09:30,7511.68,,,,,12.73,0.0,,-8.14,7517.98,7510.11,-6.3,1.57,7.87
2026-05-28,09:45,7518.49,,,,,12.73,6.81,0.195,-1.33,7518.03,7510.44,0.46,8.05,7.59
2026-05-28,10:00,7547.98,,,,,46.69,36.3,0.776,28.16,7520.88,7511.91,27.1,36.07,8.97
2026-05-28,10:15,7544.32,,,,,46.69,39.96,0.613,24.5,7523.11,7513.18,21.21,31.14,9.93
2026-05-28,10:30,7542.06,,,,,46.69,42.22,0.527,22.24,7524.92,7514.31,17.14,27.75,10.6
2026-05-28,10:45,7545.66,,,,,46.69,45.82,0.564,25.84,7526.89,7515.54,18.77,30.12,11.35
2026-05-28,11:00,7550.71,,,,,48.48,50.87,0.607,30.89,7529.16,7516.92,21.55,33.79,12.24
2026-05-28,11:15,7556.92,,,,,50.6,57.08,0.65,37.1,7531.81,7518.49,25.11,38.43,13.32
2026-05-28,11:30,7558.02,,,,,52.04,58.18,0.657,38.2,7534.3,7520.04,23.72,37.98,14.26
2026-05-28,11:45,7557.97,,,,,52.15,58.23,0.655,38.15,7536.56,7521.53,21.41,36.44,15.03
2026-05-28,12:00,7558.86,,,,,52.15,59.12,0.66,39.04,7538.68,7522.99,20.18,35.87,15.69
2026-05-28,12:15,7561.0,,,,,57.55,61.26,0.672,41.18,7540.81,7524.48,20.19,36.52,16.32
2026-05-28,12:30,7561.02,,,,,57.55,61.28,0.672,41.2,7542.73,7525.92,18.29,35.1,16.82
2026-05-28,12:45,7564.65,,,,,57.58,64.91,0.691,44.83,7544.82,7527.43,19.83,37.22,17.38
2026-05-28,13:00,7560.66,,,85.54,10.363,58.54,68.9,0.593,40.84,7546.33,7528.74,14.33,31.92,17.59
2026-05-28,13:15,7559.84,,,84.46,9.915,58.54,69.72,0.574,40.02,7547.61,7529.96,12.23,29.88,17.66
2026-05-28,13:30,7561.87,,,84.97,9.538,58.54,71.75,0.586,42.05,7548.97,7531.21,12.9,30.66,17.76
2026-05-28,13:45,7563.93,,,85.49,9.209,58.59,73.81,0.598,44.11,7550.4,7532.49,13.53,31.44,17.9
2026-05-28,14:00,7562.15,,,82.83,8.913,58.87,75.59,0.56,42.33,7551.52,7533.66,10.63,28.49,17.86
2026-05-28,14:15,7565.07,7552.64,12.43,83.72,8.566,58.87,78.51,0.576,45.25,7552.81,7534.89,12.26,30.18,17.92
2026-05-28,14:30,7561.13,7553.45,7.68,77.84,8.334,58.87,82.45,0.501,41.31,7553.6,7535.92,7.53,25.21,17.68
2026-05-28,14:45,7559.17,7554.0,5.17,75.02,8.033,58.87,84.41,0.466,39.35,7554.13,7536.83,5.04,22.34,17.3
2026-05-28,15:00,7559.46,7554.52,4.94,75.16,7.786,58.87,84.7,0.468,39.64,7554.64,7537.72,4.82,21.74,16.92
2026-05-28,15:15,7564.71,7555.49,9.22,77.66,7.646,58.87,89.95,0.499,44.89,7555.6,7538.77,9.11,25.94,16.82
2026-05-28,15:30,7564.32,7556.33,7.99,77.04,7.421,60.68,90.34,0.493,44.5,7556.43,7539.78,7.89,24.54,16.65
2026-05-28,15:45,7563.43,7557.0,6.43,75.56,7.238,60.68,91.23,0.478,43.61,7557.09,7540.7,6.34,22.73,16.39
2026-05-29,09:30,7593.39,,,,,19.25,0.0,,14.06,7560.55,7542.77,32.84,50.62,17.78
2026-05-29,09:45,7596.39,,,,,23.35,3.0,5.687,17.06,7563.96,7544.87,32.43,51.52,19.09
2026-05-29,10:00,7590.35,,,,,25.24,9.04,1.219,11.02,7566.48,7546.66,23.87,43.69,19.82
2026-05-29,10:15,7583.74,,,,,25.24,15.65,0.282,4.41,7568.12,7548.11,15.62,35.63,20.01
2026-05-29,10:30,7568.53,,,,,31.7,30.86,0.35,-10.8,7568.16,7548.91,0.37,19.62,19.25
2026-05-29,10:45,7577.66,,,,,35.83,39.99,0.042,-1.67,7569.07,7550.04,8.59,27.62,19.03
2026-05-29,11:00,7591.03,,,,,35.83,53.36,0.219,11.7,7571.16,7551.65,19.87,39.38,19.51
2026-05-29,11:15,7587.16,,,,,35.83,57.23,0.137,7.83,7572.68,7553.04,14.48,34.12,19.64
2026-05-29,11:30,7584.38,,,,,35.83,60.01,0.084,5.05,7573.8,7554.27,10.58,30.11,19.53
2026-05-29,11:45,7581.2,,,,,35.83,63.19,0.03,1.87,7574.5,7555.32,6.7,25.88,19.18
2026-05-29,12:00,7590.7,,,,,35.83,72.69,0.156,11.37,7576.04,7556.71,14.66,33.99,19.33
2026-05-29,12:15,7584.36,,,,,35.83,79.03,0.064,5.03,7576.84,7557.8,7.52,26.56,19.04
2026-05-29,12:30,7591.95,,,,,35.83,86.62,0.146,12.62,7578.27,7559.13,13.68,32.82,19.14
2026-05-29,12:45,7585.62,,,,,35.83,92.95,0.068,6.29,7578.97,7560.17,6.65,25.45,18.8
2026-05-29,13:00,7584.43,,,45.24,11.204,35.83,94.14,0.054,5.1,7579.49,7561.12,4.94,23.31,18.37
2026-05-29,13:15,7583.32,,,44.67,10.94,35.83,95.25,0.042,3.99,7579.86,7562.0,3.46,21.32,17.86
2026-05-29,13:30,7577.67,,,41.8,10.593,35.83,100.9,0.016,-1.66,7579.65,7562.61,-1.98,15.06,17.04
2026-05-29,13:45,7569.92,,,38.17,10.564,35.83,108.65,0.087,-9.41,7578.72,7562.9,-8.8,7.02,15.83
2026-05-29,14:00,7574.39,,,41.34,10.533,35.83,113.12,0.044,-4.94,7578.31,7563.35,-3.92,11.04,14.96
2026-05-29,14:15,7580.61,7583.84,-3.23,45.51,10.397,35.83,119.34,0.011,1.28,7578.53,7564.02,2.08,16.59,14.51
2026-05-29,14:30,7581.64,7583.63,-1.99,46.19,9.992,35.83,120.37,0.019,2.31,7578.83,7564.72,2.81,16.92,14.11
2026-05-29,14:45,7572.0,7582.52,-10.52,41.01,10.036,35.83,130.01,0.056,-7.33,7578.18,7565.0,-6.18,7.0,13.18
2026-05-29,15:00,7581.27,7582.4,-1.13,47.15,10.183,35.83,139.28,0.014,1.94,7578.47,7565.64,2.8,15.63,12.83
2026-05-29,15:15,7586.05,7582.75,3.3,50.04,10.086,35.83,144.06,0.047,6.72,7579.19,7566.44,6.86,19.61,12.75
2026-05-29,15:30,7589.95,7583.44,6.51,52.33,9.896,35.83,147.96,0.072,10.62,7580.22,7567.36,9.73,22.59,12.86
2026-05-29,15:45,7581.25,7583.23,-1.98,47.14,9.907,35.83,156.66,0.012,1.92,7580.32,7567.91,0.93,13.34,12.41
2026-06-01,09:30,7579.24,,,,,21.91,0.0,,-3.05,7580.21,7568.35,-0.97,10.89,11.86
2026-06-01,09:45,7572.26,,,,,22.88,6.98,1.437,-10.03,7579.46,7568.5,-7.2,3.76,10.95
2026-06-01,10:00,7576.58,,,,,22.88,11.3,0.505,-5.71,7579.18,7568.82,-2.6,7.76,10.36
2026-06-01,10:15,7575.56,,,,,22.88,12.32,0.546,-6.73,7578.84,7569.08,-3.28,6.48,9.75
2026-06-01,10:30,7575.3,,,,,22.88,12.58,0.556,-6.99,7578.5,7569.33,-3.2,5.97,9.17
2026-06-01,10:45,7573.58,,,,,22.88,14.3,0.609,-8.71,7578.03,7569.5,-4.45,4.08,8.54
2026-06-01,11:00,7576.38,,,,,22.88,17.1,0.346,-5.91,7577.87,7569.77,-1.49,6.61,8.11
2026-06-01,11:15,7579.04,,,,,22.88,19.76,0.164,-3.25,7577.99,7570.13,1.05,8.91,7.86
2026-06-01,11:30,7589.83,,,,,29.33,30.55,0.247,7.54,7579.11,7570.9,10.72,18.93,8.21
2026-06-01,11:45,7583.9,,,,,29.33,36.48,0.044,1.61,7579.57,7571.41,4.33,12.49,8.16
2026-06-01,12:00,7582.37,,,,,29.33,38.01,0.002,0.08,7579.84,7571.84,2.53,10.53,7.99
2026-06-01,12:15,7585.04,,,,,29.33,40.68,0.068,2.75,7580.33,7572.36,4.71,12.68,7.97
2026-06-01,12:30,7587.9,,,,,29.33,43.54,0.129,5.61,7581.05,7572.97,6.85,14.93,8.08
2026-06-01,12:45,7597.27,,,,,34.66,52.91,0.283,14.98,7582.6,7573.92,14.67,23.35,8.68
2026-06-01,13:00,7590.34,,,59.27,9.106,34.66,59.84,0.135,8.05,7583.33,7574.56,7.01,15.78,8.77
2026-06-01,13:15,7600.36,,,65.5,9.319,37.75,69.86,0.259,18.07,7584.96,7575.58,15.4,24.78,9.38
2026-06-01,13:30,7611.5,,,70.83,10.233,55.05,81.0,0.361,29.21,7587.48,7576.99,24.02,34.51,10.5
2026-06-01,13:45,7612.9,,,71.43,9.924,55.05,82.4,0.371,30.61,7589.9,7578.39,23.0,34.51,11.51
2026-06-01,14:00,7610.52,,,68.85,9.544,55.05,84.78,0.333,28.23,7591.87,7579.65,18.65,30.87,12.21
2026-06-01,14:15,7615.7,7588.78,26.92,71.28,9.281,55.05,89.96,0.371,33.41,7594.14,7581.07,21.56,34.63,13.07
2026-06-01,14:30,7615.74,7591.35,24.39,71.3,8.882,55.05,90.0,0.372,33.45,7596.19,7582.43,19.55,33.31,13.77
2026-06-01,14:45,7612.48,7593.36,19.12,67.45,8.559,55.05,93.26,0.324,30.19,7597.75,7583.61,14.73,28.87,14.14
2026-06-01,15:00,7611.83,7595.12,16.71,66.68,8.159,55.05,93.91,0.315,29.54,7599.09,7584.71,12.74,27.12,14.37
2026-06-01,15:15,7613.55,7596.87,16.68,67.73,7.83,55.05,95.63,0.327,31.26,7600.46,7585.84,13.09,27.71,14.62
2026-06-01,15:30,7606.95,7597.83,9.12,59.91,7.824,55.05,102.23,0.241,24.66,7601.08,7586.67,5.87,20.28,14.41
2026-06-01,15:45,7600.25,7598.06,2.19,53.2,7.988,55.05,108.93,0.165,17.96,7601.0,7587.2,-0.75,13.05,13.8
2026-06-02,09:30,7589.59,,,,,12.41,0.0,,-5.81,7599.92,7587.3,-10.33,2.29,12.62
2026-06-02,09:45,7593.06,,,,,12.41,3.47,0.674,-2.34,7599.26,7587.52,-6.2,5.54,11.74
2026-06-02,10:00,7599.15,,,,,18.22,9.56,0.392,3.75,7599.25,7587.98,-0.1,11.17,11.27
2026-06-02,10:15,7594.57,,,,,19.25,14.14,0.059,-0.83,7598.81,7588.24,-4.24,6.33,10.57
2026-06-02,10:30,7605.95,,,,,23.57,25.52,0.413,10.55,7599.49,7588.93,6.46,17.02,10.55
2026-06-02,10:45,7614.22,,,,,31.42,33.79,0.557,18.82,7600.89,7589.92,13.33,24.3,10.97
2026-06-02,11:00,7616.73,,,,,36.08,36.3,0.588,21.33,7602.4,7590.97,14.33,25.76,11.42
2026-06-02,11:15,7615.93,,,,,37.91,37.1,0.553,20.53,7603.69,7591.95,12.24,23.98,11.73
2026-06-02,11:30,7613.96,,,,,37.91,39.07,0.475,18.56,7604.67,7592.82,9.29,21.14,11.85
2026-06-02,11:45,7613.98,,,,,37.91,39.09,0.475,18.58,7605.55,7593.65,8.43,20.33,11.91
2026-06-02,12:00,7615.71,,,,,37.91,40.82,0.498,20.31,7606.52,7594.51,9.19,21.2,12.01
2026-06-02,12:15,7610.65,,,,,37.91,45.88,0.332,15.25,7606.91,7595.14,3.74,15.51,11.77
2026-06-02,12:30,7610.04,,,,,37.91,46.49,0.315,14.64,7607.21,7595.73,2.83,14.31,11.48
2026-06-02,12:45,7615.71,,,,,37.91,52.16,0.389,20.31,7608.02,7596.51,7.69,19.2,11.51
2026-06-02,13:00,7615.5,,,74.74,7.139,37.91,52.37,0.384,20.1,7608.73,7597.26,6.77,18.24,11.48
2026-06-02,13:15,7606.28,,,62.83,7.369,37.91,61.59,0.177,10.88,7608.5,7597.61,-2.22,8.67,10.89
2026-06-02,13:30,7607.16,,,63.42,7.205,37.91,62.47,0.188,11.76,7608.37,7597.99,-1.21,9.17,10.39
2026-06-02,13:45,7604.91,,,60.73,7.028,37.91,64.72,0.147,9.51,7608.04,7598.26,-3.13,6.65,9.79
2026-06-02,14:00,7606.89,,,62.25,6.908,37.91,66.7,0.172,11.49,7607.93,7598.6,-1.04,8.29,9.34
2026-06-02,14:15,7606.32,7607.82,-1.5,61.51,6.588,37.91,67.27,0.162,10.92,7607.78,7598.9,-1.46,7.42,8.88
2026-06-02,14:30,7604.85,7607.53,-2.68,59.55,6.559,37.91,68.74,0.137,9.45,7607.5,7599.13,-2.65,5.72,8.37
2026-06-02,14:45,7606.57,7607.44,-0.87,61.11,6.39,37.91,70.46,0.159,11.17,7607.41,7599.42,-0.84,7.15,7.99
2026-06-02,15:00,7608.46,7607.54,0.92,62.81,6.265,37.91,72.35,0.181,13.06,7607.51,7599.78,0.95,8.68,7.73
2026-06-02,15:15,7609.63,7607.74,1.89,63.87,6.101,37.91,73.52,0.194,14.23,7607.71,7600.16,1.92,9.47,7.55
2026-06-02,15:30,7608.33,7607.79,0.54,61.77,5.916,37.91,74.82,0.173,12.93,7607.77,7600.48,0.56,7.85,7.29
2026-06-02,15:45,7610.51,7608.05,2.46,63.91,5.906,37.91,77.0,0.196,15.11,7608.03,7600.88,2.48,9.63,7.15
2026-06-03,09:30,7579.09,,,,,26.26,0.0,,-26.22,7605.28,7600.02,-26.19,-20.93,5.25
2026-06-03,09:45,7574.43,,,,,42.9,4.66,6.627,-30.88,7602.34,7599.02,-27.91,-24.59,3.32
2026-06-03,10:00,7586.2,,,,,42.9,16.43,1.163,-19.11,7600.8,7598.52,-14.6,-12.32,2.28
2026-06-03,10:15,7584.43,,,,,42.9,18.2,1.147,-20.88,7599.24,7597.96,-14.81,-13.53,1.28
2026-06-03,10:30,7580.31,,,,,42.9,22.32,1.12,-25.0,7597.44,7597.27,-17.13,-16.96,0.17
2026-06-03,10:45,7577.21,,,,,42.9,25.42,1.105,-28.1,7595.51,7596.49,-18.3,-19.28,-0.97
2026-06-03,11:00,7576.17,,,,,42.9,26.46,1.101,-29.14,7593.67,7595.69,-17.5,-19.52,-2.02
2026-06-03,11:15,7576.6,,,,,42.9,26.89,1.068,-28.71,7592.04,7594.94,-15.44,-18.34,-2.9
2026-06-03,11:30,7568.44,,,,,42.9,35.05,1.052,-36.87,7589.8,7593.9,-21.36,-25.46,-4.1
2026-06-03,11:45,7567.88,,,,,42.9,35.61,1.051,-37.43,7587.71,7592.88,-19.83,-25.0,-5.17
2026-06-03,12:00,7568.38,,,,,42.9,36.11,1.023,-36.93,7585.87,7591.92,-17.49,-23.54,-6.05
2026-06-03,12:15,7558.64,,,,,50.19,45.85,1.018,-46.67,7583.28,7590.61,-24.64,-31.97,-7.34
2026-06-03,12:30,7556.0,,,,,54.13,48.49,1.017,-49.31,7580.68,7589.26,-24.68,-33.26,-8.58
2026-06-03,12:45,7567.1,,,,,54.13,59.59,0.641,-38.21,7579.38,7588.39,-12.28,-21.29,-9.0
2026-06-03,13:00,7558.29,,,34.8,10.185,54.13,68.4,0.687,-47.02,7577.38,7587.21,-19.09,-28.92,-9.83
2026-06-03,13:15,7562.42,,,38.78,9.935,54.13,72.53,0.591,-42.89,7575.95,7586.24,-13.53,-23.82,-10.28
2026-06-03,13:30,7568.51,,,44.19,10.076,54.13,78.62,0.468,-36.8,7575.24,7585.54,-6.73,-17.03,-10.3
2026-06-03,13:45,7571.82,,,46.93,9.845,54.13,81.93,0.409,-33.49,7574.92,7585.0,-3.1,-13.18,-10.09
2026-06-03,14:00,7568.53,,,44.59,9.469,54.13,85.22,0.432,-36.78,7574.31,7584.36,-5.78,-15.83,-10.05
2026-06-03,14:15,7575.7,7571.31,4.39,50.41,9.545,54.13,92.39,0.32,-29.61,7574.44,7584.02,1.26,-8.32,-9.58
2026-06-03,14:30,7573.04,7571.47,1.57,48.38,9.213,54.13,95.05,0.34,-32.27,7574.31,7583.59,-1.27,-10.55,-9.28
2026-06-03,14:45,7572.05,7571.53,0.52,47.61,8.856,54.13,96.04,0.346,-33.26,7574.09,7583.13,-2.04,-11.08,-9.04
2026-06-03,15:00,7566.2,7571.02,-4.82,43.24,8.84,54.13,101.89,0.384,-39.11,7573.34,7582.47,-7.14,-16.27,-9.13
2026-06-03,15:15,7564.38,7570.39,-6.01,41.95,8.796,54.13,103.71,0.395,-40.93,7572.49,7581.76,-8.11,-17.38,-9.27
2026-06-03,15:30,7568.85,7570.24,-1.39,46.19,8.759,54.13,108.18,0.337,-36.46,7572.14,7581.25,-3.29,-12.4,-9.11
2026-06-03,15:45,7556.82,7568.96,-12.14,38.11,9.319,54.13,120.21,0.403,-48.49,7570.68,7580.3,-13.86,-23.48,-9.61
2026-06-04,09:30,7534.5,,,,,32.75,0.0,,17.96,7567.24,7578.5,-32.74,-44.0,-11.26
2026-06-04,09:45,7545.65,,,,,34.7,11.15,2.611,29.11,7565.18,7577.21,-19.53,-31.56,-12.03
2026-06-04,10:00,7548.59,,,,,34.9,14.09,2.275,32.05,7563.6,7576.09,-15.01,-27.5,-12.49
2026-06-04,10:15,7554.49,,,,,41.19,19.99,1.898,37.95,7562.73,7575.24,-8.24,-20.75,-12.51
2026-06-04,10:30,7553.03,,,,,41.19,21.45,1.701,36.49,7561.81,7574.37,-8.78,-21.34,-12.56
2026-06-04,10:45,7556.73,,,,,41.19,25.15,1.598,40.19,7561.32,7573.68,-4.59,-16.95,-12.35
2026-06-04,11:00,7570.78,,,,,54.71,39.2,1.384,54.24,7562.23,7573.57,8.55,-2.79,-11.34
2026-06-04,11:15,7573.86,,,,,57.96,42.28,1.356,57.32,7563.33,7573.58,10.53,0.28,-10.24
2026-06-04,11:30,7567.23,,,,,58.17,48.91,1.036,50.69,7563.7,7573.33,3.53,-6.1,-9.62
2026-06-04,11:45,7567.59,,,,,58.17,49.27,1.036,51.05,7564.07,7573.1,3.52,-5.51,-9.03
2026-06-04,12:00,7576.77,,,,,61.65,58.45,1.03,60.23,7565.28,7573.25,11.49,3.52,-7.96
2026-06-04,12:15,7579.44,,,,,65.08,61.12,1.029,62.9,7566.63,7573.49,12.81,5.95,-6.86
2026-06-04,12:30,7582.83,,,,,67.42,64.51,1.028,66.29,7568.17,7573.86,14.66,8.97,-5.68
2026-06-04,12:45,7583.19,,,,,68.15,64.87,1.027,66.65,7569.6,7574.22,13.59,8.97,-4.62
2026-06-04,13:00,7583.6,,,87.61,9.533,68.91,65.28,1.027,67.06,7570.94,7574.59,12.66,9.01,-3.65
2026-06-04,13:15,7585.83,,,88.05,9.248,70.14,67.51,1.026,69.29,7572.36,7575.03,13.47,10.8,-2.68
2026-06-04,13:30,7588.05,,,88.49,8.936,73.45,69.73,1.026,71.51,7573.85,7575.54,14.2,12.51,-1.69
2026-06-04,13:45,7592.21,,,89.28,8.737,75.78,73.89,1.024,75.67,7575.6,7576.2,16.61,16.01,-0.6
2026-06-04,14:00,7592.06,,,89.04,8.309,77.44,74.04,1.02,75.52,7577.17,7576.82,14.89,15.24,0.35
2026-06-04,14:15,7593.57,7571.5,22.07,89.35,8.075,78.46,75.55,1.02,77.03,7578.73,7577.47,14.84,16.1,1.25
2026-06-04,14:30,7593.04,7573.55,19.49,88.41,7.752,78.46,76.08,1.006,76.5,7580.09,7578.08,12.95,14.96,2.01
2026-06-04,14:45,7591.11,7575.22,15.89,84.91,7.544,78.46,78.01,0.956,74.57,7581.14,7578.6,9.97,12.51,2.55
2026-06-04,15:00,7592.48,7576.87,15.61,85.35,7.383,79.67,79.38,0.957,75.94,7582.22,7579.14,10.26,13.34,3.08
2026-06-04,15:15,7597.78,7578.86,18.92,86.95,7.37,81.37,84.68,0.959,81.24,7583.7,7579.87,14.08,17.91,3.83
2026-06-04,15:30,7592.37,7580.15,12.22,77.64,7.26,81.65,90.09,0.842,75.83,7584.53,7580.36,7.84,12.01,4.17
2026-06-04,15:45,7584.82,7580.59,4.23,66.89,7.405,81.65,97.64,0.699,68.28,7584.56,7580.54,0.26,4.28,4.02
2026-06-05,09:30,7515.41,,,,,26.59,0.0,,-21.95,7577.97,7577.98,-62.56,-62.57,-0.01
2026-06-05,09:45,7498.82,,,,,42.99,16.59,2.323,-38.54,7570.43,7574.88,-71.61,-76.06,-4.45
2026-06-05,10:00,7513.81,,,,,47.03,31.58,0.746,-23.55,7565.04,7572.48,-51.23,-58.67,-7.44
2026-06-05,10:15,7505.18,,,,,47.03,40.21,0.8,-32.18,7559.34,7569.84,-54.16,-64.66,-10.5
2026-06-05,10:30,7508.59,,,,,47.03,43.62,0.66,-28.77,7554.51,7567.44,-45.92,-58.85,-12.94
2026-06-05,10:45,7512.15,,,,,47.03,47.18,0.534,-25.21,7550.47,7565.27,-38.32,-53.12,-14.8
2026-06-05,11:00,7496.47,,,,,47.03,62.86,0.65,-40.89,7545.33,7562.57,-48.86,-66.1,-17.25
2026-06-05,11:15,7494.93,,,,,53.02,64.4,0.659,-42.43,7540.53,7559.92,-45.6,-64.99,-19.39
2026-06-05,11:30,7477.98,,,,,65.2,81.35,0.73,-59.38,7534.57,7556.71,-56.59,-78.73,-22.14
2026-06-05,11:45,7478.48,,,,,66.73,81.85,0.719,-58.88,7529.23,7553.64,-50.75,-75.16,-24.41
2026-06-05,12:00,7467.59,,,,,78.66,92.74,0.752,-69.77,7523.36,7550.27,-55.77,-82.68,-26.91
2026-06-05,12:15,7460.05,,,,,82.85,100.28,0.771,-77.31,7517.33,7546.73,-57.28,-86.68,-29.4
2026-06-05,12:30,7444.83,,,,,99.69,115.5,0.801,-92.53,7510.43,7542.73,-65.6,-97.9,-32.31
2026-06-05,12:45,7458.03,,,,,104.54,128.7,0.616,-79.33,7505.44,7539.41,-47.41,-81.38,-33.98
2026-06-05,13:00,7446.62,,,25.45,16.045,104.54,140.11,0.648,-90.74,7499.83,7535.77,-53.21,-89.15,-35.94
2026-06-05,13:15,7452.64,,,28.75,15.829,104.54,146.13,0.58,-84.72,7495.34,7532.51,-42.7,-79.87,-37.17
2026-06-05,13:30,7450.43,,,28.25,15.915,104.54,148.34,0.586,-86.93,7491.06,7529.29,-40.63,-78.86,-38.23
2026-06-05,13:45,7459.22,,,33.17,15.479,104.54,157.13,0.497,-78.14,7488.03,7526.55,-28.81,-67.33,-38.52
2026-06-05,14:00,7434.53,,,27.48,16.259,107.79,181.82,0.566,-102.83,7482.93,7522.94,-48.4,-88.41,-40.0
2026-06-05,14:15,7421.47,7474.86,-53.39,25.03,16.281,123.84,194.88,0.595,-115.89,7477.08,7518.96,-55.61,-97.49,-41.88
2026-06-05,14:30,7413.76,7469.04,-55.28,23.68,16.069,131.57,202.59,0.61,-123.6,7471.05,7514.83,-57.29,-101.07,-43.78
2026-06-05,14:45,7405.92,7463.03,-57.11,22.37,16.009,143.28,210.43,0.625,-131.44,7464.85,7510.56,-58.93,-104.64,-45.71
2026-06-05,15:00,7384.24,7455.53,-71.29,19.2,16.624,159.82,232.11,0.66,-153.12,7457.17,7505.61,-72.93,-121.37,-48.44
2026-06-05,15:15,7397.09,7449.96,-52.87,25.9,17.469,173.18,244.96,0.573,-140.27,7451.45,7501.35,-54.36,-104.26,-49.9
2026-06-05,15:30,7390.89,7444.34,-53.45,24.83,17.464,173.18,251.16,0.583,-146.47,7445.68,7497.02,-54.79,-106.13,-51.34
2026-06-05,15:45,7384.67,7438.65,-53.98,23.77,18.118,173.18,257.38,0.593,-152.69,7439.87,7492.61,-55.2,-107.94,-52.74
2026-06-08,09:30,7439.58,,,,,30.12,0.0,,-0.99,7439.84,7490.53,-0.26,-50.95,-50.69
2026-06-08,09:45,7421.98,,,,,36.7,17.6,1.056,-18.59,7438.14,7487.85,-16.16,-65.87,-49.7
2026-06-08,10:00,7429.92,,,,,38.37,25.54,0.417,-10.65,7437.36,7485.57,-7.44,-55.65,-48.22
2026-06-08,10:15,7438.88,,,,,38.37,34.5,0.049,-1.69,7437.5,7483.74,1.38,-44.86,-46.24
2026-06-08,10:30,7439.52,,,,,38.37,35.14,0.03,-1.05,7437.7,7482.01,1.82,-42.49,-44.31
2026-06-08,10:45,7462.92,,,,,42.81,58.54,0.382,22.35,7440.1,7481.26,22.82,-18.34,-41.16
2026-06-08,11:00,7461.01,,,,,46.61,60.45,0.338,20.44,7442.09,7480.47,18.92,-19.46,-38.38
2026-06-08,11:15,7446.17,,,,,46.61,75.29,0.074,5.6,7442.48,7479.12,3.69,-32.95,-36.64
2026-06-08,11:30,7449.72,,,,,46.61,78.84,0.116,9.15,7443.17,7477.97,6.55,-28.25,-34.8
2026-06-08,11:45,7440.47,,,,,46.61,88.09,0.001,-0.1,7442.91,7476.5,-2.44,-36.03,-33.59
2026-06-08,12:00,7444.02,,,,,46.61,91.64,0.038,3.45,7443.02,7475.22,1.0,-31.2,-32.21
2026-06-08,12:15,7435.57,,,,,46.61,100.09,0.05,-5.0,7442.31,7473.67,-6.74,-38.1,-31.36
2026-06-08,12:30,7434.23,,,,,46.61,101.43,0.063,-6.34,7441.54,7472.12,-7.31,-37.89,-30.58
2026-06-08,12:45,7433.53,,,,,46.61,102.13,0.069,-7.04,7440.78,7470.61,-7.25,-37.08,-29.83
2026-06-08,13:00,7422.37,,,42.4,16.961,51.56,113.29,0.161,-18.2,7439.02,7468.72,-16.65,-46.35,-29.69
2026-06-08,13:15,7433.6,,,47.96,17.109,51.74,124.52,0.056,-6.97,7438.51,7467.34,-4.91,-33.74,-28.83
2026-06-08,13:30,7417.22,,,41.65,17.311,51.74,140.9,0.166,-23.35,7436.48,7465.37,-19.26,-48.15,-28.9
2026-06-08,13:45,7424.28,,,45.01,17.043,51.74,147.96,0.11,-16.29,7435.32,7463.76,-11.04,-39.48,-28.45
2026-06-08,14:00,7425.72,,,45.69,16.624,51.74,149.4,0.099,-14.85,7434.4,7462.27,-8.68,-36.55,-27.87
2026-06-08,14:15,7432.96,7436.68,-3.72,49.13,16.042,51.74,156.64,0.049,-7.61,7434.27,7461.12,-1.31,-28.16,-26.86
2026-06-08,14:30,7422.64,7435.35,-12.71,44.78,16.052,51.74,166.96,0.107,-17.93,7433.16,7459.61,-10.52,-36.97,-26.45
2026-06-08,14:45,7422.78,7434.15,-11.37,44.85,15.375,51.74,167.1,0.106,-17.79,7432.17,7458.17,-9.39,-35.39,-26.0
2026-06-08,15:00,7406.24,7431.49,-25.25,38.52,15.597,60.57,183.64,0.187,-34.33,7429.7,7456.13,-23.46,-49.89,-26.43
2026-06-08,15:15,7404.21,7428.89,-24.68,37.81,15.517,71.68,185.67,0.196,-36.36,7427.27,7454.1,-23.06,-49.89,-26.82
2026-06-08,15:30,7406.18,7426.73,-20.55,38.98,15.269,71.68,187.64,0.183,-34.39,7425.26,7452.22,-19.08,-46.04,-26.95
2026-06-08,15:45,7405.81,7424.74,-18.93,38.83,14.944,71.68,188.01,0.185,-34.76,7423.41,7450.4,-17.6,-44.59,-26.99
2026-06-09,09:30,7467.58,,,,,29.5,0.0,,28.92,7427.62,7451.07,39.96,16.51,-23.45
2026-06-09,09:45,7457.2,,,,,44.49,10.38,1.786,18.54,7430.44,7451.31,26.76,5.89,-20.88
2026-06-09,10:00,7429.22,,,,,54.74,38.36,0.246,-9.44,7430.32,7450.44,-1.1,-21.22,-20.13
2026-06-09,10:15,7424.73,,,,,75.48,42.85,0.325,-13.93,7429.79,7449.44,-5.06,-24.71,-19.65
2026-06-09,10:30,7399.06,,,,,85.99,68.52,0.578,-39.6,7426.86,7447.46,-27.8,-48.4,-20.6
2026-06-09,10:45,7390.29,,,,,123.05,77.29,0.626,-48.37,7423.38,7445.22,-33.09,-54.93,-21.84
2026-06-09,11:00,7388.07,,,,,123.05,79.51,0.636,-50.59,7420.02,7442.98,-31.95,-54.91,-22.96
2026-06-09,11:15,7321.48,,,,,163.16,146.1,0.802,-117.18,7410.63,7438.21,-89.15,-116.73,-27.58
2026-06-09,11:30,7329.91,,,,,165.61,154.53,0.704,-108.75,7402.94,7433.97,-73.03,-104.06,-31.02
2026-06-09,11:45,7302.78,,,,,181.27,181.66,0.748,-135.88,7393.4,7428.82,-90.62,-126.04,-35.42
2026-06-09,12:00,7295.82,,,,,193.96,188.62,0.757,-142.84,7384.11,7423.61,-88.29,-127.79,-39.5
2026-06-09,12:15,7285.49,,,,,218.09,198.95,0.77,-153.17,7374.72,7418.19,-89.23,-132.7,-43.47
2026-06-09,12:30,7257.99,,,,,245.3,226.45,0.798,-180.67,7363.6,7411.91,-105.61,-153.92,-48.31
2026-06-09,12:45,7277.48,,,,,245.3,245.94,0.655,-161.18,7355.4,7406.64,-77.92,-129.16,-51.24
2026-06-09,13:00,7297.8,,,18.12,34.366,245.3,266.26,0.529,-140.86,7349.91,7402.37,-52.11,-104.57,-52.45
2026-06-09,13:15,7319.95,,,24.85,34.232,245.3,288.41,0.412,-118.71,7347.06,7399.14,-27.11,-79.19,-52.08
2026-06-09,13:30,7343.27,,,31.26,34.391,245.3,311.73,0.306,-95.39,7346.7,7396.94,-3.43,-53.67,-50.25
2026-06-09,13:45,7338.55,,,30.69,33.487,245.3,316.45,0.316,-100.11,7345.92,7394.65,-7.37,-56.1,-48.73
2026-06-09,14:00,7345.52,,,32.64,32.088,245.3,323.42,0.288,-93.14,7345.88,7392.73,-0.36,-47.21,-46.84
2026-06-09,14:15,7363.32,7351.78,11.54,37.49,31.536,245.3,341.22,0.221,-75.34,7347.54,7391.57,15.78,-28.25,-44.03
2026-06-09,14:30,7357.22,7352.29,4.93,36.52,30.594,245.3,347.32,0.234,-81.44,7348.47,7390.23,8.75,-33.01,-41.76
2026-06-09,14:45,7380.7,7355.0,25.7,42.67,30.353,245.3,370.8,0.156,-57.96,7351.54,7389.85,29.16,-9.15,-38.32
2026-06-09,15:00,7365.33,7355.98,9.35,39.94,29.909,245.3,386.17,0.19,-73.33,7352.85,7388.89,12.48,-23.56,-36.04
2026-06-09,15:15,7358.45,7356.22,2.23,38.75,29.284,245.3,393.05,0.204,-80.21,7353.38,7387.7,5.07,-29.25,-34.31
2026-06-09,15:30,7346.61,7355.3,-8.69,36.71,28.884,245.3,404.89,0.227,-92.05,7352.74,7386.09,-6.13,-39.48,-33.35
2026-06-09,15:45,7386.31,7358.26,28.05,46.8,30.3,245.3,444.59,0.118,-52.35,7355.94,7386.1,30.37,0.21,-30.16
2026-06-10,09:30,7375.41,,,,,46.99,0.0,,24.87,7357.79,7385.68,17.62,-10.27,-27.89
2026-06-10,09:45,7370.49,,,,,53.97,4.92,4.055,19.95,7359.0,7385.08,11.49,-14.59,-26.08
2026-06-10,10:00,7379.7,,,,,60.18,14.13,2.064,29.16,7360.97,7384.87,18.73,-5.17,-23.9
2026-06-10,10:15,7385.89,,,,,68.14,20.32,1.74,35.35,7363.34,7384.91,22.55,0.98,-21.57
2026-06-10,10:30,7369.35,,,,,68.14,36.86,0.51,18.81,7363.92,7384.3,5.43,-14.95,-20.38
2026-06-10,10:45,7341.49,,,,,68.14,64.72,0.14,-9.05,7361.78,7382.62,-20.29,-41.13,-20.84
2026-06-10,11:00,7319.56,,,,,77.35,86.65,0.358,-30.98,7357.76,7380.15,-38.2,-60.59,-22.39
2026-06-10,11:15,7327.68,,,,,88.91,94.77,0.241,-22.86,7354.89,7378.09,-27.21,-50.41,-23.2
2026-06-10,11:30,7335.0,,,,,88.91,102.09,0.152,-15.54,7353.0,7376.4,-18.0,-41.4,-23.4
2026-06-10,11:45,7331.41,,,,,98.77,105.68,0.181,-19.13,7350.94,7374.64,-19.53,-43.23,-23.69
2026-06-10,12:00,7313.97,,,,,98.77,123.12,0.297,-36.57,7347.42,7372.26,-33.45,-58.29,-24.83
2026-06-10,12:15,7318.45,,,,,98.77,127.6,0.251,-32.09,7344.66,7370.15,-26.21,-51.7,-25.48
2026-06-10,12:30,7321.0,,,,,98.77,130.15,0.227,-29.54,7342.41,7368.22,-21.41,-47.22,-25.81
2026-06-10,12:45,7315.74,,,,,98.77,135.41,0.257,-34.8,7339.87,7366.16,-24.13,-50.42,-26.29
2026-06-10,13:00,7301.75,,,25.35,25.793,98.77,149.4,0.327,-48.79,7336.24,7363.64,-34.49,-61.89,-27.4
2026-06-10,13:15,7308.08,,,28.61,24.714,98.77,155.73,0.273,-42.46,7333.56,7361.46,-25.48,-53.38,-27.9
2026-06-10,13:30,7291.59,,,25.49,24.202,105.33,172.22,0.342,-58.95,7329.56,7358.72,-37.97,-67.13,-29.16
2026-06-10,13:45,7318.41,,,37.44,24.491,105.33,199.04,0.161,-32.13,7328.5,7357.14,-10.09,-38.73,-28.64
2026-06-10,14:00,7319.32,,,37.8,23.579,105.33,199.95,0.156,-31.22,7327.62,7355.65,-8.3,-36.33,-28.03
2026-06-10,14:15,7307.74,7332.6,-24.86,35.01,23.212,105.33,211.53,0.202,-42.8,7325.73,7353.77,-17.99,-46.03,-28.04
2026-06-10,14:30,7297.38,7329.25,-31.87,32.68,22.556,105.33,221.89,0.24,-53.16,7323.03,7351.56,-25.65,-54.18,-28.53
2026-06-10,14:45,7286.48,7325.17,-38.69,30.39,22.034,114.42,232.79,0.275,-64.06,7319.55,7349.01,-33.07,-62.53,-29.46
2026-06-10,15:00,7282.29,7321.09,-38.8,29.53,21.304,115.77,236.98,0.288,-68.25,7316.0,7346.39,-33.71,-64.1,-30.39
2026-06-10,15:15,7272.85,7316.5,-43.65,27.64,20.957,129.21,246.42,0.315,-77.69,7311.89,7343.51,-39.04,-70.66,-31.62
2026-06-10,15:30,7284.59,7313.46,-28.87,33.36,20.871,129.21,258.16,0.255,-65.95,7309.29,7341.2,-24.7,-56.61,-31.91
2026-06-10,15:45,7267.65,7309.09,-41.44,29.71,21.1,130.63,275.1,0.301,-82.89,7305.33,7338.32,-37.68,-70.67,-32.99
2026-06-11,09:30,7285.26,,,,,26.48,0.0,,-2.41,7303.41,7336.23,-18.15,-50.97,-32.82
2026-06-11,09:45,7309.01,,,,,50.98,23.75,0.899,21.34,7303.95,7335.17,5.06,-26.16,-31.22
2026-06-11,10:00,7291.05,,,,,50.98,41.71,0.081,3.38,7302.72,7333.44,-11.67,-42.39,-30.72
2026-06-11,10:15,7300.94,,,,,50.98,51.6,0.257,13.27,7302.55,7332.16,-1.61,-31.22,-29.61
2026-06-11,10:30,7299.05,,,,,50.98,53.49,0.213,11.38,7302.22,7330.86,-3.17,-31.81,-28.65
2026-06-11,10:45,7268.94,,,,,64.12,83.6,0.224,-18.73,7299.05,7328.44,-30.11,-59.5,-29.39
2026-06-11,11:00,7286.96,,,,,70.57,101.62,0.007,-0.71,7297.9,7326.81,-10.94,-39.85,-28.91
2026-06-11,11:15,7286.12,,,,,70.57,102.46,0.015,-1.55,7296.77,7325.21,-10.65,-39.09,-28.44
2026-06-11,11:30,7290.87,,,,,70.57,107.21,0.03,3.2,7296.21,7323.87,-5.34,-33.0,-27.65
2026-06-11,11:45,7293.54,,,,,70.57,109.88,0.053,5.87,7295.96,7322.68,-2.42,-29.14,-26.72
2026-06-11,12:00,7310.35,,,,,70.57,126.69,0.179,22.68,7297.33,7322.19,13.02,-11.84,-24.87
2026-06-11,12:15,7291.37,,,,,70.57,145.67,0.025,3.7,7296.76,7320.99,-5.39,-29.62,-24.22
2026-06-11,12:30,7298.4,,,,,70.57,152.7,0.07,10.73,7296.92,7320.1,1.48,-21.7,-23.18
2026-06-11,12:45,7277.37,,,,,70.57,173.73,0.059,-10.3,7295.06,7318.42,-17.69,-41.05,-23.37
2026-06-11,13:00,7275.34,,,47.18,26.868,70.57,175.76,0.07,-12.33,7293.18,7316.73,-17.84,-41.39,-23.56
2026-06-11,13:15,7337.15,,,61.69,30.102,79.82,237.57,0.208,49.48,7297.37,7317.53,39.78,19.62,-20.17
2026-06-11,13:30,7375.56,,,67.64,30.964,120.55,275.98,0.318,87.89,7304.81,7319.81,70.75,55.75,-15.0
2026-06-11,13:45,7362.4,,,63.97,30.919,120.55,289.14,0.258,74.73,7310.3,7321.48,52.1,40.92,-11.18
2026-06-11,14:00,7355.01,,,61.94,30.819,120.55,296.53,0.227,67.34,7314.56,7322.8,40.45,32.21,-8.24
2026-06-11,14:15,7356.84,7307.58,49.26,62.26,29.938,120.55,298.36,0.232,69.17,7318.58,7324.13,38.26,32.71,-5.55
2026-06-11,14:30,7362.08,7312.77,49.31,63.21,28.682,120.55,303.6,0.245,74.41,7322.73,7325.62,39.35,36.46,-2.89
2026-06-11,14:45,7370.09,7318.23,51.86,64.68,27.602,120.55,311.61,0.264,82.42,7327.24,7327.36,42.85,42.73,-0.13
2026-06-11,15:00,7382.16,7324.32,57.84,66.83,26.888,126.98,323.68,0.292,94.49,7332.47,7329.51,49.69,52.65,2.96
2026-06-11,15:15,7392.01,7330.76,61.25,68.51,25.996,137.81,333.53,0.313,104.34,7338.14,7331.96,53.87,60.05,6.18
2026-06-11,15:30,7407.1,7338.03,69.07,70.94,25.616,155.35,348.62,0.343,119.43,7344.71,7334.91,62.39,72.19,9.8
2026-06-11,15:45,7393.06,7343.27,49.79,65.85,25.228,155.35,362.66,0.291,105.39,7349.31,7337.19,43.75,55.87,12.12
2026-06-12,09:30,7370.76,,,,,46.67,0.0,,-40.09,7351.35,7338.51,19.41,32.25,12.85
2026-06-12,09:45,7379.22,,,,,54.37,8.46,3.739,-31.63,7354.01,7340.1,25.21,39.12,13.9
2026-06-12,10:00,7406.06,,,,,54.37,35.3,0.136,-4.79,7358.96,7342.69,47.1,63.37,16.28
2026-06-12,10:15,7408.57,,,,,59.66,37.81,0.06,-2.28,7363.69,7345.27,44.88,63.3,18.42
2026-06-12,10:30,7391.98,,,,,59.7,54.4,0.347,-18.87,7366.38,7347.1,25.6,44.88,19.28
2026-06-12,10:45,7436.26,,,,,74.14,98.68,0.257,25.41,7373.04,7350.6,63.22,85.66,22.44
2026-06-12,11:00,7443.27,,,,,82.26,105.69,0.307,32.42,7379.73,7354.23,63.54,89.04,25.49
2026-06-12,11:15,7452.96,,,,,93.39,115.38,0.365,42.11,7386.7,7358.11,66.26,94.85,28.6
2026-06-12,11:30,7422.04,,,,,93.39,146.3,0.076,11.19,7390.07,7360.61,31.97,61.43,29.45
2026-06-12,11:45,7401.25,,,,,93.39,167.09,0.057,-9.6,7391.13,7362.21,10.12,39.04,28.93
2026-06-12,12:00,7422.9,,,,,93.39,188.74,0.064,12.05,7394.16,7364.59,28.74,58.31,29.57
2026-06-12,12:15,7418.99,,,,,93.39,192.65,0.042,8.14,7396.52,7366.72,22.47,52.27,29.8
2026-06-12,12:30,7417.9,,,,,93.39,193.74,0.036,7.05,7398.56,7368.73,19.34,49.17,29.83
2026-06-12,12:45,7427.55,,,,,93.39,203.39,0.082,16.7,7401.32,7371.03,26.23,56.52,30.29
2026-06-12,13:00,7432.99,,,64.9,25.957,93.39,208.83,0.106,22.14,7404.34,7373.46,28.65,59.53,30.87
2026-06-12,13:15,7434.0,,,65.08,24.77,93.39,209.84,0.11,23.15,7407.16,7375.84,26.84,58.16,31.32
2026-06-12,13:30,7429.11,,,63.37,23.609,93.39,214.73,0.085,18.26,7409.25,7377.93,19.86,51.18,31.32
2026-06-12,13:45,7425.49,,,62.07,22.748,93.39,218.35,0.067,14.64,7410.8,7379.79,14.69,45.7,31.01
2026-06-12,14:00,7422.97,,,61.13,22.128,93.39,220.87,0.055,12.12,7411.96,7381.49,11.01,41.48,30.47
2026-06-12,14:15,7424.66,7418.45,6.21,61.55,21.151,93.39,222.56,0.062,13.81,7413.17,7383.18,11.49,41.48,29.99
2026-06-12,14:30,7434.38,7419.96,14.42,63.97,20.401,93.39,232.28,0.101,23.53,7415.19,7385.19,19.19,49.19,30.0
2026-06-12,14:45,7422.69,7420.22,2.47,59.15,19.85,93.39,243.97,0.049,11.84,7415.9,7386.66,6.79,36.03,29.24
2026-06-12,15:00,7427.12,7420.88,6.24,60.37,19.302,93.39,248.4,0.065,16.27,7416.97,7388.24,10.15,38.88,28.73
2026-06-12,15:15,7426.79,7421.44,5.35,60.22,18.55,93.39,248.73,0.064,15.94,7417.91,7389.76,8.88,37.03,28.15
2026-06-12,15:30,7420.99,7421.4,-0.41,57.62,18.332,93.39,254.53,0.04,10.14,7418.2,7390.98,2.79,30.01,27.22
2026-06-12,15:45,7430.86,7422.3,8.56,60.73,18.097,93.39,264.4,0.076,20.01,7419.41,7392.54,11.45,38.32,26.86
2026-06-15,09:30,7539.72,,,,,29.97,0.0,,22.97,7430.86,7398.32,108.86,141.4,32.55
2026-06-15,09:45,7543.45,,,,,35.92,3.73,7.158,26.7,7441.59,7404.01,101.86,139.44,37.58
2026-06-15,10:00,7541.16,,,,,35.92,6.02,4.055,24.41,7451.07,7409.39,90.09,131.77,41.68
2026-06-15,10:15,7548.06,,,,,35.92,12.92,2.423,31.31,7460.31,7414.82,87.75,133.24,45.48
2026-06-15,10:30,7543.92,,,,,35.92,17.06,1.593,27.17,7468.27,7419.89,75.65,124.03,48.38
2026-06-15,10:45,7552.89,,,,,38.24,26.03,1.388,36.14,7476.33,7425.1,76.56,127.79,51.23
2026-06-15,11:00,7558.41,,,,,42.67,31.55,1.32,41.66,7484.15,7430.33,74.26,128.08,53.82
2026-06-15,11:15,7562.71,,,,,47.0,35.85,1.282,45.96,7491.63,7435.52,71.08,127.19,56.11
2026-06-15,11:30,7565.65,,,,,49.56,38.79,1.261,48.9,7498.68,7440.62,66.97,125.03,58.05
2026-06-15,11:45,7572.72,,,,,57.44,45.86,1.22,55.97,7505.73,7445.81,66.99,126.91,59.92
2026-06-15,12:00,7573.2,,,,,61.17,46.34,1.218,56.45,7512.16,7450.8,61.04,122.4,61.35
2026-06-15,12:15,7575.86,,,,,61.17,49.0,1.206,59.11,7518.22,7455.71,57.64,120.15,62.52
2026-06-15,12:30,7571.03,,,,,61.17,53.83,1.008,54.28,7523.25,7460.23,47.78,110.8,63.02
2026-06-15,12:45,7570.08,,,,,61.17,54.78,0.974,53.33,7527.71,7464.54,42.37,105.54,63.18
2026-06-15,13:00,7569.19,,,76.47,8.494,61.17,55.67,0.942,52.44,7531.66,7468.64,37.53,100.55,63.02
2026-06-15,13:15,7572.53,,,77.9,8.341,61.17,59.01,0.945,55.78,7535.55,7472.71,36.98,99.82,62.84
2026-06-15,13:30,7568.9,,,72.73,8.143,61.17,62.64,0.833,52.15,7538.73,7476.49,30.17,92.41,62.24
2026-06-15,13:45,7563.31,,,65.52,8.09,61.17,68.23,0.682,46.56,7541.07,7479.89,22.24,83.42,61.18
2026-06-15,14:00,7563.34,,,65.54,7.968,61.17,68.26,0.683,46.59,7543.19,7483.16,20.15,80.18,60.03
2026-06-15,14:15,7558.54,7560.73,-2.19,59.66,7.847,61.17,73.06,0.572,41.79,7544.65,7486.12,13.89,72.42,58.53
2026-06-15,14:30,7564.21,7561.06,3.15,63.79,7.875,61.17,78.73,0.603,47.46,7546.52,7489.18,17.69,75.03,57.33
2026-06-15,14:45,7560.93,7561.05,-0.12,59.97,7.734,61.17,82.01,0.539,44.18,7547.89,7492.0,13.04,68.93,55.89
2026-06-15,15:00,7561.11,7561.06,0.05,60.11,7.449,61.17,82.19,0.54,44.36,7549.15,7494.71,11.96,66.4,54.44
2026-06-15,15:15,7554.8,7560.46,-5.66,53.03,7.562,61.17,88.5,0.43,38.05,7549.69,7497.06,5.11,57.74,52.62
2026-06-15,15:30,7555.09,7559.95,-4.86,53.3,7.378,61.17,88.79,0.432,38.34,7550.2,7499.34,4.89,55.75,50.86
2026-06-15,15:45,7555.26,7559.5,-4.24,53.47,7.889,61.17,88.96,0.433,38.51,7550.68,7501.53,4.58,53.73,49.15
2026-06-16,09:30,7558.88,,,,,15.64,0.0,,10.1,7551.46,7503.78,7.42,55.1,47.68
2026-06-16,09:45,7550.56,,,,,16.18,8.32,0.214,1.78,7551.38,7505.61,-0.82,44.95,45.76
2026-06-16,10:00,7558.2,,,,,16.18,15.96,0.59,9.42,7552.03,7507.68,6.17,50.52,44.35
2026-06-16,10:15,7541.81,,,,,23.3,32.35,0.215,-6.97,7551.05,7509.02,-9.24,32.79,42.04
2026-06-16,10:30,7544.37,,,,,31.93,34.91,0.126,-4.41,7550.42,7510.4,-6.05,33.97,40.02
2026-06-16,10:45,7539.49,,,,,31.93,39.79,0.233,-9.29,7549.38,7511.54,-9.89,27.95,37.83
2026-06-16,11:00,7544.7,,,,,31.93,45.0,0.091,-4.08,7548.93,7512.84,-4.23,31.86,36.09
2026-06-16,11:15,7536.66,,,,,31.93,53.04,0.229,-12.12,7547.76,7513.78,-11.1,22.88,33.99
2026-06-16,11:30,7534.81,,,,,31.93,54.89,0.255,-13.97,7546.53,7514.6,-11.72,20.21,31.93
2026-06-16,11:45,7537.98,,,,,37.56,58.06,0.186,-10.8,7545.71,7515.52,-7.73,22.46,30.2
2026-06-16,12:00,7547.14,,,,,37.56,67.22,0.024,-1.64,7545.85,7516.76,1.29,30.38,29.09
2026-06-16,12:15,7544.07,,,,,37.56,70.29,0.067,-4.71,7545.68,7517.83,-1.61,26.24,27.85
2026-06-16,12:30,7540.76,,,,,37.56,73.6,0.109,-8.02,7545.21,7518.73,-4.45,22.03,26.48
2026-06-16,12:45,7537.44,,,,,37.56,76.92,0.147,-11.34,7544.47,7519.46,-7.03,17.98,25.01
2026-06-16,13:00,7536.16,,,35.47,12.079,37.56,78.2,0.161,-12.62,7543.68,7520.12,-7.52,16.04,23.56
2026-06-16,13:15,7532.48,,,33.76,11.786,37.56,81.88,0.199,-16.3,7542.61,7520.6,-10.13,11.88,22.01
2026-06-16,13:30,7529.67,,,32.47,11.475,39.68,84.69,0.226,-19.11,7541.38,7520.96,-11.71,8.71,20.42
2026-06-16,13:45,7531.54,,,34.27,11.316,39.68,86.56,0.199,-17.24,7540.44,7521.37,-8.9,10.17,19.07
2026-06-16,14:00,7530.55,,,33.76,10.77,39.68,87.55,0.208,-18.23,7539.5,7521.73,-8.95,8.82,17.77
2026-06-16,14:15,7531.81,7540.45,-8.64,35.09,10.429,39.68,88.81,0.191,-16.97,7538.77,7522.13,-6.96,9.68,16.64
2026-06-16,14:30,7531.26,7539.58,-8.32,34.76,10.013,39.68,89.36,0.196,-17.52,7538.05,7522.49,-6.79,8.77,15.57
2026-06-16,14:45,7527.8,7538.46,-10.66,32.69,9.74,39.68,92.82,0.226,-20.98,7537.08,7522.69,-9.28,5.11,14.38
2026-06-16,15:00,7519.94,7536.69,-16.75,28.53,9.773,46.15,100.68,0.286,-28.84,7535.45,7522.59,-15.51,-2.65,12.86
2026-06-16,15:15,7522.17,7535.31,-13.14,31.21,10.094,53.33,102.91,0.259,-26.61,7534.18,7522.57,-12.01,-0.4,11.61
2026-06-16,15:30,7520.1,7533.86,-13.76,30.08,10.055,53.33,104.98,0.273,-28.68,7532.84,7522.47,-12.74,-2.37,10.37
2026-06-16,15:45,7512.99,7531.87,-18.88,26.54,10.284,56.28,112.09,0.319,-35.79,7530.95,7522.1,-17.96,-9.11,8.85
2026-06-17,09:30,7526.56,,,,,13.74,0.0,,2.06,7530.53,7522.28,-3.97,4.28,8.26
2026-06-17,09:45,7509.68,,,,,19.5,16.88,0.878,-14.82,7528.55,7521.78,-18.87,-12.1,6.76
2026-06-17,10:00,7522.76,,,,,21.85,29.96,0.058,-1.74,7527.99,7521.82,-5.23,0.94,6.17
2026-06-17,10:15,7527.8,,,,,24.84,35.0,0.094,3.3,7527.98,7522.05,-0.18,5.75,5.92
2026-06-17,10:30,7513.31,,,,,28.8,49.49,0.226,-11.19,7526.58,7521.71,-13.27,-8.4,4.87
2026-06-17,10:45,7501.51,,,,,42.23,61.29,0.375,-22.99,7524.19,7520.92,-22.68,-19.41,3.27
2026-06-17,11:00,7507.13,,,,,42.23,66.91,0.26,-17.37,7522.57,7520.38,-15.44,-13.25,2.19
2026-06-17,11:15,7510.64,,,,,42.23,70.42,0.197,-13.86,7521.43,7520.0,-10.79,-9.36,1.43
2026-06-17,11:30,7514.31,,,,,42.23,74.09,0.138,-10.19,7520.75,7519.77,-6.44,-5.46,0.98
2026-06-17,11:45,7517.35,,,,,42.23,77.13,0.093,-7.15,7520.43,7519.68,-3.08,-2.33,0.75
2026-06-17,12:00,7517.17,,,,,42.23,77.31,0.095,-7.33,7520.12,7519.58,-2.95,-2.41,0.54
2026-06-17,12:15,7518.97,,,,,42.23,79.11,0.07,-5.53,7520.01,7519.56,-1.04,-0.59,0.45
2026-06-17,12:30,7513.15,,,,,42.23,84.93,0.134,-11.35,7519.36,7519.31,-6.21,-6.16,0.05
2026-06-17,12:45,7510.79,,,,,42.23,87.29,0.157,-13.71,7518.54,7518.97,-7.75,-8.18,-0.43
2026-06-17,13:00,7504.21,,,38.1,12.043,42.23,93.87,0.216,-20.29,7517.18,7518.39,-12.97,-14.18,-1.22
2026-06-17,13:15,7507.22,,,40.16,11.706,42.23,96.88,0.178,-17.28,7516.23,7517.95,-9.01,-10.73,-1.73
2026-06-17,13:30,7503.38,,,38.4,11.292,42.23,100.72,0.21,-21.12,7515.0,7517.38,-11.62,-14.0,-2.38
2026-06-17,13:45,7517.49,,,47.51,11.519,42.23,114.83,0.061,-7.01,7515.24,7517.39,2.25,0.1,-2.15
2026-06-17,14:00,7476.55,,,32.5,15.934,86.64,155.77,0.308,-47.95,7511.56,7515.79,-35.01,-39.24,-4.23
2026-06-17,14:15,7473.42,7509.67,-36.25,31.67,16.606,86.64,158.9,0.321,-51.08,7507.92,7514.12,-34.5,-40.7,-6.2
2026-06-17,14:30,7510.98,7509.79,1.19,48.54,18.655,86.64,196.46,0.069,-13.52,7508.21,7514.0,2.77,-3.02,-5.79
2026-06-17,14:45,7471.74,7506.17,-34.43,37.99,20.767,86.64,235.7,0.224,-52.76,7504.74,7512.34,-33.0,-40.6,-7.6
2026-06-17,15:00,7476.82,7503.38,-26.56,39.81,21.195,86.64,240.78,0.198,-47.68,7502.08,7510.95,-25.26,-34.13,-8.87
2026-06-17,15:15,7431.97,7496.57,-64.6,31.11,23.159,102.97,285.63,0.324,-92.53,7495.4,7507.85,-63.43,-75.88,-12.45
2026-06-17,15:30,7409.27,7488.26,-78.99,27.8,23.705,129.56,308.33,0.374,-115.23,7487.2,7503.99,-77.93,-94.72,-16.79
2026-06-17,15:45,7421.76,7481.93,-60.17,32.08,23.487,129.56,320.82,0.32,-102.74,7480.97,7500.76,-59.21,-79.0,-19.79
2026-06-18,09:30,7469.78,,,,,39.92,0.0,,-17.58,7479.9,7499.55,-10.12,-29.77,-19.64
2026-06-18,09:45,7476.65,,,,,41.12,6.87,1.559,-10.71,7479.59,7498.65,-2.94,-22.0,-19.06
2026-06-18,10:00,7478.15,,,,,41.12,8.37,1.1,-9.21,7479.46,7497.85,-1.31,-19.7,-18.39
2026-06-18,10:15,7482.17,,,,,41.12,12.39,0.419,-5.19,7479.71,7497.23,2.46,-15.06,-17.52
2026-06-18,10:30,7491.27,,,,,41.12,21.49,0.182,3.91,7480.81,7497.0,10.46,-5.73,-16.18
2026-06-18,10:45,7498.11,,,,,41.12,28.33,0.379,10.75,7482.46,7497.04,15.65,1.07,-14.58
2026-06-18,11:00,7491.8,,,,,41.12,34.64,0.128,4.44,7483.35,7496.84,8.45,-5.04,-13.48
2026-06-18,11:15,7482.77,,,,,41.12,43.67,0.105,-4.59,7483.3,7496.28,-0.53,-13.51,-12.99
2026-06-18,11:30,7478.47,,,,,41.12,47.97,0.185,-8.89,7482.84,7495.59,-4.37,-17.12,-12.75
2026-06-18,11:45,7492.48,,,,,41.12,61.98,0.083,5.12,7483.75,7495.46,8.73,-2.98,-11.71
2026-06-18,12:00,7491.62,,,,,41.12,62.84,0.068,4.26,7484.5,7495.31,7.12,-3.69,-10.81
2026-06-18,12:15,7496.19,,,,,41.12,67.41,0.131,8.83,7485.62,7495.35,10.57,0.84,-9.73
2026-06-18,12:30,7499.63,,,,,41.12,70.85,0.173,12.27,7486.95,7495.52,12.68,4.11,-8.56
2026-06-18,12:45,7496.12,,,,,41.12,74.36,0.118,8.76,7487.82,7495.54,8.3,0.58,-7.71
2026-06-18,13:00,7505.94,,,71.48,14.21,41.12,84.18,0.221,18.58,7489.55,7495.95,16.39,9.99,-6.4
2026-06-18,13:15,7505.53,,,71.1,13.71,42.75,84.59,0.215,18.17,7491.07,7496.32,14.46,9.21,-5.25
2026-06-18,13:30,7503.93,,,69.58,13.205,42.75,86.19,0.192,16.57,7492.3,7496.62,11.63,7.31,-4.32
2026-06-18,13:45,7500.36,,,66.17,12.625,42.75,89.76,0.145,13.0,7493.06,7496.77,7.3,3.59,-3.7
2026-06-18,14:00,7496.68,,,62.75,12.117,42.75,93.44,0.1,9.32,7493.41,7496.76,3.27,-0.08,-3.36
2026-06-18,14:15,7494.93,7491.63,3.3,61.14,11.613,42.75,95.19,0.08,7.57,7493.55,7496.69,1.38,-1.76,-3.14
2026-06-18,14:30,7494.57,7491.91,2.66,60.79,11.069,42.75,95.55,0.075,7.21,7493.65,7496.61,0.92,-2.04,-2.96
2026-06-18,14:45,7493.74,7492.08,1.66,59.94,10.717,42.75,96.38,0.066,6.38,7493.66,7496.5,0.08,-2.76,-2.84
2026-06-18,15:00,7484.84,7491.39,-6.55,51.66,10.802,42.75,105.28,0.024,-2.52,7492.82,7496.04,-7.98,-11.2,-3.22
2026-06-18,15:15,7489.88,7491.25,-1.37,55.42,10.668,42.75,110.32,0.023,2.52,7492.54,7495.8,-2.66,-5.92,-3.26
2026-06-18,15:30,7502.24,7492.3,9.94,63.01,11.124,42.75,122.68,0.121,14.88,7493.46,7496.05,8.78,6.19,-2.59
2026-06-18,15:45,7497.86,7492.83,5.03,59.16,11.324,42.75,127.06,0.083,10.5,7493.88,7496.12,3.98,1.74,-2.24
2026-06-22,09:30,7510.68,,,,,29.06,0.0,,10.24,7495.48,7496.69,15.2,13.99,-1.21
2026-06-22,09:45,7528.13,,,,,29.31,17.45,1.587,27.69,7498.59,7497.93,29.54,30.2,0.67
2026-06-22,10:00,7521.87,,,,,31.13,23.71,0.904,21.43,7500.81,7498.86,21.06,23.01,1.94
2026-06-22,10:15,7495.25,,,,,35.08,50.33,0.103,-5.19,7500.28,7498.72,-5.03,-3.47,1.56
2026-06-22,10:30,7474.43,,,,,56.18,71.15,0.366,-26.01,7497.82,7497.77,-23.39,-23.34,0.05
2026-06-22,10:45,7475.83,,,,,68.97,72.55,0.339,-24.61,7495.72,7496.91,-19.89,-21.08,-1.19
2026-06-22,11:00,7473.15,,,,,68.97,75.23,0.363,-27.29,7493.57,7495.98,-20.42,-22.83,-2.4
2026-06-22,11:15,7472.26,,,,,68.97,76.12,0.37,-28.18,7491.54,7495.05,-19.28,-22.79,-3.5
2026-06-22,11:30,7487.97,,,,,68.97,91.83,0.136,-12.47,7491.2,7494.77,-3.23,-6.8,-3.57
2026-06-22,11:45,7474.47,,,,,68.97,105.33,0.247,-25.97,7489.61,7493.97,-15.14,-19.5,-4.36
2026-06-22,12:00,7477.91,,,,,68.97,108.77,0.207,-22.53,7488.5,7493.34,-10.59,-15.43,-4.85
2026-06-22,12:15,7476.54,,,,,68.97,110.14,0.217,-23.9,7487.36,7492.68,-10.82,-16.14,-5.33
2026-06-22,12:30,7472.62,,,,,68.97,114.06,0.244,-27.82,7485.95,7491.9,-13.33,-19.28,-5.95
2026-06-22,12:45,7478.09,,,,,68.97,119.53,0.187,-22.35,7485.2,7491.36,-7.11,-13.27,-6.15
2026-06-22,13:00,7474.06,,,35.18,15.064,68.97,123.56,0.213,-26.38,7484.14,7490.68,-10.08,-16.62,-6.54
2026-06-22,13:15,7475.81,,,36.16,14.497,68.97,125.31,0.197,-24.63,7483.35,7490.1,-7.54,-14.29,-6.75
2026-06-22,13:30,7472.48,,,35.08,14.068,68.97,128.64,0.217,-27.96,7482.31,7489.4,-9.83,-16.92,-7.09
2026-06-22,13:45,7475.77,,,37.07,13.849,68.97,131.93,0.187,-24.67,7481.69,7488.87,-5.92,-13.1,-7.18
2026-06-22,14:00,7478.39,,,38.69,13.362,68.97,134.55,0.164,-22.05,7481.38,7488.46,-2.99,-10.07,-7.08
2026-06-22,14:15,7479.85,7483.78,-3.93,39.63,12.965,68.97,136.01,0.151,-20.59,7481.23,7488.12,-1.38,-8.27,-6.89
2026-06-22,14:30,7473.34,7482.78,-9.44,36.93,12.785,68.97,142.52,0.19,-27.1,7480.48,7487.54,-7.14,-14.2,-7.06
2026-06-22,14:45,7465.85,7481.17,-15.32,34.06,12.715,68.97,150.01,0.231,-34.59,7479.09,7486.69,-13.24,-20.84,-7.6
2026-06-22,15:00,7467.58,7479.88,-12.3,35.31,12.552,68.97,151.74,0.217,-32.86,7477.99,7485.94,-10.41,-18.36,-7.95
2026-06-22,15:15,7462.87,7478.26,-15.39,33.45,12.173,68.97,156.45,0.24,-37.57,7476.55,7485.04,-13.68,-22.17,-8.49
2026-06-22,15:30,7460.77,7476.59,-15.82,32.62,11.881,70.0,158.55,0.25,-39.67,7475.05,7484.09,-14.28,-23.32,-9.04
2026-06-22,15:45,7475.46,7476.48,-1.02,43.19,12.153,70.0,173.24,0.144,-24.98,7475.09,7483.75,0.37,-8.29,-8.66
2026-06-23,09:30,7376.63,,,,,33.88,0.0,,10.12,7465.71,7479.55,-89.08,-102.92,-13.84
2026-06-23,09:45,7399.45,,,,,51.85,22.82,1.443,32.94,7459.4,7476.41,-59.95,-76.96,-17.01
2026-06-23,10:00,7417.6,,,,,70.52,40.97,1.247,51.09,7455.42,7474.1,-37.82,-56.5,-18.68
2026-06-23,10:15,7417.41,,,,,76.57,41.16,1.237,50.9,7451.8,7471.88,-34.39,-54.47,-20.08
2026-06-23,10:30,7401.2,,,,,76.57,57.37,0.605,34.69,7446.98,7469.1,-45.78,-67.9,-22.12
2026-06-23,10:45,7397.47,,,,,76.57,61.1,0.507,30.96,7442.26,7466.3,-44.79,-68.83,-24.03
2026-06-23,11:00,7388.71,,,,,76.57,69.86,0.318,22.2,7437.16,7463.25,-48.45,-74.54,-26.09
2026-06-23,11:15,7373.18,,,,,76.57,85.39,0.078,6.67,7431.07,7459.72,-57.89,-86.54,-28.65
2026-06-23,11:30,7377.49,,,,,76.57,89.7,0.122,10.98,7425.97,7456.5,-48.48,-79.01,-30.53
2026-06-23,11:45,7387.8,,,,,76.57,100.01,0.213,21.29,7422.33,7453.8,-34.53,-66.0,-31.47
2026-06-23,12:00,7402.68,,,,,76.57,114.89,0.315,36.17,7420.46,7451.8,-17.78,-49.12,-31.34
2026-06-23,12:15,7402.1,,,,,76.57,115.47,0.308,35.59,7418.71,7449.85,-16.61,-47.75,-31.14
2026-06-23,12:30,7406.53,,,,,76.57,119.9,0.334,40.02,7417.55,7448.15,-11.02,-41.62,-30.6
2026-06-23,12:45,7402.33,,,,,76.57,124.1,0.289,35.82,7416.1,7446.35,-13.77,-44.02,-30.25
2026-06-23,13:00,7401.66,,,60.03,15.327,76.57,124.77,0.282,35.15,7414.73,7444.6,-13.07,-42.94,-29.87
2026-06-23,13:15,7403.65,,,60.71,15.017,76.57,126.76,0.293,37.14,7413.67,7442.99,-10.02,-39.34,-29.32
2026-06-23,13:30,7399.87,,,58.68,14.6,76.57,130.54,0.256,33.36,7412.36,7441.3,-12.49,-41.43,-28.95
2026-06-23,13:45,7386.36,,,52.0,14.739,76.57,144.05,0.138,19.85,7409.88,7439.15,-23.52,-52.79,-29.27
2026-06-23,14:00,7386.45,,,52.04,14.491,76.57,144.14,0.138,19.94,7407.65,7437.08,-21.2,-50.63,-29.43
2026-06-23,14:15,7382.2,7395.54,-13.34,49.96,13.985,76.57,148.39,0.106,15.69,7405.23,7434.93,-23.03,-52.73,-29.7
2026-06-23,14:30,7365.99,7392.72,-26.73,42.93,14.207,76.57,164.6,0.003,-0.52,7401.49,7432.23,-35.5,-66.24,-30.74
2026-06-23,14:45,7368.39,7390.41,-22.02,44.18,14.017,76.57,167.0,0.011,1.88,7398.34,7429.72,-29.95,-61.33,-31.39
2026-06-23,15:00,7372.21,7388.67,-16.46,46.21,14.299,76.57,170.82,0.033,5.7,7395.85,7427.47,-23.64,-55.26,-31.62
2026-06-23,15:15,7378.27,7387.68,-9.41,49.34,14.381,76.57,176.88,0.066,11.76,7394.17,7425.54,-15.9,-47.27,-31.36
2026-06-23,15:30,7372.52,7386.24,-13.72,46.57,14.139,76.57,182.63,0.033,6.01,7392.11,7423.46,-19.59,-50.94,-31.35
2026-06-23,15:45,7365.92,7384.3,-18.38,43.54,14.356,76.57,189.23,0.003,-0.59,7389.62,7421.2,-23.7,-55.28,-31.58
2026-06-24,09:30,7386.25,,,,,31.4,0.0,,15.37,7389.3,7419.83,-3.05,-33.58,-30.53
2026-06-24,09:45,7387.85,,,,,34.6,1.6,10.606,16.97,7389.16,7418.58,-1.31,-30.73,-29.42
2026-06-24,10:00,7384.21,,,,,34.6,5.24,2.544,13.33,7388.69,7417.23,-4.48,-33.02,-28.54
2026-06-24,10:15,7393.15,,,,,36.05,14.18,1.571,22.27,7389.11,7416.29,4.04,-23.14,-27.17
2026-06-24,10:30,7404.3,,,,,36.05,25.33,1.319,33.42,7390.56,7415.82,13.74,-11.52,-25.26
2026-06-24,10:45,7424.92,,,,,56.09,45.95,1.176,54.04,7393.83,7416.17,31.09,8.75,-22.34
2026-06-24,11:00,7412.88,,,,,58.4,57.99,0.724,42.0,7395.65,7416.04,17.23,-3.16,-20.4
2026-06-24,11:15,7424.61,,,,,58.4,69.72,0.771,53.73,7398.4,7416.38,26.21,8.23,-17.97
2026-06-24,11:30,7412.71,,,,,59.06,81.62,0.512,41.83,7399.77,7416.24,12.94,-3.53,-16.47
2026-06-24,11:45,7412.15,,,,,59.06,82.18,0.502,41.27,7400.95,7416.08,11.2,-3.93,-15.13
2026-06-24,12:00,7413.22,,,,,59.06,83.25,0.509,42.34,7402.12,7415.96,11.1,-2.74,-13.85
2026-06-24,12:15,7409.55,,,,,59.06,86.92,0.445,38.67,7402.82,7415.71,6.73,-6.16,-12.89
2026-06-24,12:30,7391.55,,,,,59.06,104.92,0.197,20.67,7401.75,7414.76,-10.2,-23.21,-13.01
2026-06-24,12:45,7385.19,,,,,59.06,111.28,0.129,14.31,7400.17,7413.6,-14.98,-28.41,-13.43
2026-06-24,13:00,7376.26,,,45.84,17.324,59.06,120.21,0.045,5.38,7397.9,7412.14,-21.64,-35.88,-14.24
2026-06-24,13:15,7350.28,,,37.19,18.229,78.53,146.19,0.141,-20.6,7393.36,7409.71,-43.08,-59.43,-16.35
2026-06-24,13:30,7347.66,,,36.44,18.047,86.35,148.81,0.156,-23.22,7389.01,7407.28,-41.35,-59.62,-18.27
2026-06-24,13:45,7346.89,,,36.21,17.832,86.35,149.58,0.16,-23.99,7385.0,7404.91,-38.11,-58.02,-19.92
2026-06-24,14:00,7357.17,,,41.52,17.653,86.35,159.86,0.086,-13.71,7382.35,7403.04,-25.18,-45.87,-20.69
2026-06-24,14:15,7371.24,7389.6,-18.36,47.92,17.623,86.35,173.93,0.002,0.36,7381.29,7401.79,-10.05,-30.55,-20.5
2026-06-24,14:30,7360.39,7386.82,-26.43,43.93,17.551,86.35,184.78,0.057,-10.49,7379.3,7400.17,-18.91,-39.78,-20.87
2026-06-24,14:45,7347.04,7383.03,-35.99,39.57,17.695,87.22,198.13,0.12,-23.84,7376.23,7398.09,-29.19,-51.05,-21.86
2026-06-24,15:00,7344.27,7379.34,-35.07,38.71,17.843,91.24,200.9,0.132,-26.61,7373.18,7395.98,-28.91,-51.71,-22.79
2026-06-24,15:15,7348.06,7376.36,-28.3,40.61,17.311,91.24,204.69,0.111,-22.82,7370.79,7394.1,-22.73,-46.04,-23.31
2026-06-24,15:30,7343.19,7373.2,-30.01,38.94,16.962,91.24,209.56,0.132,-27.69,7368.16,7392.1,-24.97,-48.91,-23.94
2026-06-24,15:45,7359.9,7371.93,-12.03,46.99,16.982,91.24,226.27,0.049,-10.98,7367.37,7390.84,-7.47,-30.94,-23.46
2026-06-25,09:30,7370.57,,,,,50.91,0.0,,-34.34,7367.68,7390.04,2.89,-19.47,-22.36
2026-06-25,09:45,7325.84,,,,,95.58,44.73,1.768,-79.07,7363.69,7387.52,-37.85,-61.68,-23.83
2026-06-25,10:00,7369.31,,,,,95.58,88.2,0.404,-35.6,7364.23,7386.81,5.08,-17.5,-22.58
2026-06-25,10:15,7382.93,,,,,95.58,101.82,0.216,-21.98,7366.01,7386.66,16.92,-3.73,-20.65
2026-06-25,10:30,7381.3,,,,,95.58,103.45,0.228,-23.61,7367.47,7386.45,13.83,-5.15,-18.98
2026-06-25,10:45,7379.92,,,,,95.58,104.83,0.238,-24.99,7368.65,7386.19,11.27,-6.27,-17.54
2026-06-25,11:00,7357.35,,,,,95.58,127.4,0.373,-47.56,7367.58,7385.06,-10.23,-27.71,-17.49
2026-06-25,11:15,7369.73,,,,,95.58,139.78,0.252,-35.18,7367.78,7384.46,1.95,-14.73,-16.68
2026-06-25,11:30,7376.14,,,,,95.58,146.19,0.197,-28.77,7368.58,7384.13,7.56,-7.99,-15.56
2026-06-25,11:45,7369.29,,,,,95.58,153.04,0.233,-35.62,7368.65,7383.55,0.64,-14.26,-14.91
2026-06-25,12:00,7384.77,,,,,95.58,168.52,0.12,-20.14,7370.18,7383.6,14.59,1.17,-13.42
2026-06-25,12:15,7370.2,,,,,95.58,183.09,0.19,-34.71,7370.18,7383.07,0.02,-12.87,-12.89
2026-06-25,12:30,7350.21,,,,,95.58,203.08,0.269,-54.7,7368.28,7381.79,-18.07,-31.58,-13.5
2026-06-25,12:45,7353.31,,,,,95.58,206.18,0.25,-51.6,7366.85,7380.67,-13.54,-27.36,-13.81
2026-06-25,13:00,7360.49,,,47.64,28.304,95.58,213.36,0.208,-44.42,7366.25,7379.88,-5.76,-19.39,-13.63
2026-06-25,13:15,7360.66,,,47.68,27.692,95.58,213.53,0.207,-44.25,7365.72,7379.12,-5.06,-18.46,-13.41
2026-06-25,13:30,7354.18,,,46.06,26.54,95.58,220.01,0.231,-50.73,7364.62,7378.15,-10.44,-23.97,-13.53
2026-06-25,13:45,7363.0,,,48.62,25.98,95.58,228.83,0.183,-41.91,7364.46,7377.55,-1.46,-14.55,-13.09
2026-06-25,14:00,7360.53,,,47.94,25.863,95.58,231.3,0.192,-44.38,7364.09,7376.88,-3.56,-16.35,-12.79
2026-06-25,14:15,7386.58,7366.32,20.26,55.13,26.166,95.58,257.35,0.071,-18.33,7366.23,7377.26,20.35,9.32,-11.03
2026-06-25,14:30,7367.7,7366.45,1.25,49.76,25.88,95.58,276.23,0.135,-37.21,7366.37,7376.89,1.33,-9.19,-10.52
2026-06-25,14:45,7366.14,7366.42,-0.28,49.34,25.148,95.58,277.79,0.14,-38.77,7366.35,7376.47,-0.21,-10.33,-10.12
2026-06-25,15:00,7352.3,7365.07,-12.77,45.59,24.458,95.58,291.63,0.18,-52.61,7365.01,7375.52,-12.71,-23.22,-10.51
2026-06-25,15:15,7352.54,7363.88,-11.34,45.67,23.409,95.58,291.87,0.179,-52.37,7363.82,7374.62,-11.28,-22.08,-10.8
2026-06-25,15:30,7347.61,7362.33,-14.72,44.29,22.298,95.58,296.8,0.193,-57.3,7362.28,7373.56,-14.67,-25.95,-11.28
2026-06-25,15:45,7357.17,7361.84,-4.67,47.61,21.811,95.58,306.36,0.156,-47.74,7361.79,7372.92,-4.62,-15.75,-11.12
2026-06-26,09:30,7318.61,,,,,27.21,0.0,,5.87,7357.68,7370.79,-39.07,-52.18,-13.11
2026-06-26,09:45,7335.27,,,,,45.7,16.66,1.352,22.53,7355.55,7369.39,-20.28,-34.12,-13.85
2026-06-26,10:00,7359.93,,,,,67.16,41.32,1.142,47.19,7355.96,7369.02,3.97,-9.09,-13.06
2026-06-26,10:15,7361.98,,,,,75.73,43.37,1.135,49.24,7356.54,7368.75,5.44,-6.77,-12.21
2026-06-26,10:30,7348.68,,,,,75.73,56.67,0.634,35.94,7355.79,7367.96,-7.11,-19.28,-12.17
2026-06-26,10:45,7352.13,,,,,75.73,60.12,0.655,39.39,7355.44,7367.34,-3.31,-15.21,-11.9
2026-06-26,11:00,7348.2,,,,,75.73,64.05,0.554,35.46,7354.75,7366.59,-6.55,-18.39,-11.84
2026-06-26,11:15,7374.04,,,,,79.86,89.89,0.682,61.3,7356.59,7366.88,17.45,7.16,-10.29
2026-06-26,11:30,7390.11,,,,,98.77,105.96,0.73,77.37,7359.78,7367.79,30.33,22.32,-8.01
2026-06-26,11:45,7381.63,,,,,98.77,114.44,0.602,68.89,7361.86,7368.33,19.77,13.3,-6.47
2026-06-26,12:00,7369.26,,,,,98.77,126.81,0.446,56.52,7362.57,7368.37,6.69,0.89,-5.81
2026-06-26,12:15,7361.52,,,,,98.77,134.55,0.363,48.78,7362.47,7368.1,-0.95,-6.58,-5.64
2026-06-26,12:30,7368.42,,,,,98.77,141.45,0.394,55.68,7363.03,7368.11,5.39,0.31,-5.08
2026-06-26,12:45,7372.26,,,,,98.77,145.29,0.41,59.52,7363.91,7368.28,8.35,3.98,-4.37
2026-06-26,13:00,7378.43,,,69.75,19.755,98.77,151.46,0.434,65.69,7365.29,7368.68,13.14,9.75,-3.38
2026-06-26,13:15,7375.14,,,68.15,19.288,98.77,154.75,0.403,62.4,7366.23,7368.93,8.91,6.21,-2.7
2026-06-26,13:30,7370.32,,,65.78,19.108,98.77,159.57,0.361,57.58,7366.62,7368.98,3.7,1.34,-2.36
2026-06-26,13:45,7364.51,,,62.94,18.401,98.77,165.38,0.313,51.77,7366.42,7368.81,-1.91,-4.3,-2.39
2026-06-26,14:00,7367.65,,,63.85,17.743,98.77,168.52,0.326,54.91,7366.54,7368.76,1.11,-1.11,-2.23
2026-06-26,14:15,7355.99,7362.7,-6.71,58.14,17.53,98.77,180.18,0.24,43.25,7365.53,7368.26,-9.54,-12.27,-2.73
2026-06-26,14:30,7356.38,7362.1,-5.72,58.27,16.916,98.77,180.57,0.242,43.64,7364.66,7367.8,-8.28,-11.42,-3.13
2026-06-26,14:45,7343.76,7360.35,-16.59,52.41,16.871,98.77,193.19,0.161,31.02,7362.67,7366.85,-18.91,-23.09,-4.18
2026-06-26,15:00,7355.98,7359.94,-3.96,56.93,16.673,98.77,205.41,0.211,43.24,7362.03,7366.43,-6.05,-10.45,-4.39
2026-06-26,15:15,7349.41,7358.94,-9.53,53.96,16.33,98.77,211.98,0.173,36.67,7360.83,7365.76,-11.42,-16.35,-4.93
2026-06-26,15:30,7360.16,7359.05,1.11,57.84,16.255,98.77,222.73,0.213,47.42,7360.77,7365.54,-0.61,-5.38,-4.77
2026-06-26,15:45,7337.81,7357.03,-19.22,48.67,17.119,98.77,245.08,0.102,25.07,7358.58,7364.45,-20.77,-26.64,-5.87
2026-06-29,09:30,7420.88,,,,,36.61,0.0,,29.0,7364.51,7366.67,56.37,54.21,-2.15
2026-06-29,09:45,7397.32,,,,,42.99,23.56,0.231,5.44,7367.64,7367.87,29.68,29.45,-0.23
2026-06-29,10:00,7355.44,,,,,72.36,65.44,0.557,-36.44,7366.48,7367.38,-11.04,-11.94,-0.9
2026-06-29,10:15,7390.62,,,,,78.92,100.62,0.013,-1.26,7368.78,7368.29,21.84,22.33,0.48
2026-06-29,10:30,7400.36,,,,,78.92,110.36,0.077,8.48,7371.78,7369.55,28.58,30.81,2.24
2026-06-29,10:45,7407.84,,,,,78.92,117.84,0.135,15.96,7375.22,7371.05,32.62,36.79,4.17
2026-06-29,11:00,7403.59,,,,,78.92,122.09,0.096,11.71,7377.92,7372.33,25.67,31.26,5.59
2026-06-29,11:15,7406.85,,,,,78.92,125.35,0.119,14.97,7380.68,7373.68,26.17,33.17,6.99
2026-06-29,11:30,7412.72,,,,,78.92,131.22,0.159,20.84,7383.73,7375.21,28.99,37.51,8.52
2026-06-29,11:45,7413.38,,,,,78.92,131.88,0.163,21.5,7386.55,7376.71,26.83,36.67,9.84
2026-06-29,12:00,7413.57,,,,,78.92,132.07,0.164,21.69,7389.12,7378.15,24.45,35.42,10.97
2026-06-29,12:15,7412.32,,,,,78.92,133.32,0.153,20.44,7391.33,7379.49,20.99,32.83,11.84
2026-06-29,12:30,7413.8,,,,,78.92,134.8,0.163,21.92,7393.47,7380.84,20.33,32.96,12.63
2026-06-29,12:45,7416.1,,,,,78.92,137.1,0.177,24.22,7395.63,7382.22,20.47,33.88,13.41
2026-06-29,13:00,7428.75,,,52.63,17.87,81.59,149.75,0.246,36.87,7398.78,7384.05,29.97,44.7,14.74
2026-06-29,13:15,7430.68,,,53.28,17.194,83.17,151.68,0.256,38.8,7401.82,7385.88,28.86,44.8,15.95
2026-06-29,13:30,7432.19,,,53.81,16.413,86.38,153.19,0.263,40.31,7404.71,7387.69,27.48,44.5,17.02
2026-06-29,13:45,7433.15,,,54.17,15.693,87.93,154.15,0.268,41.27,7407.42,7389.47,25.73,43.68,17.95
2026-06-29,14:00,7435.12,,,54.94,14.939,87.93,156.12,0.277,43.24,7410.06,7391.26,25.06,43.86,18.79
2026-06-29,14:15,7430.54,7412.76,17.78,52.72,14.244,87.93,160.7,0.241,38.66,7412.01,7392.8,18.53,37.74,19.21
2026-06-29,14:30,7438.75,7415.24,23.51,56.14,13.87,90.61,168.91,0.277,46.87,7414.56,7394.61,24.19,44.14,19.95
2026-06-29,14:45,7436.11,7417.22,18.89,54.77,13.282,91.76,171.55,0.258,44.23,7416.61,7396.23,19.5,39.88,20.38
2026-06-29,15:00,7435.11,7418.93,16.18,54.23,12.715,91.76,172.55,0.251,43.23,7418.37,7397.76,16.74,37.35,20.61
2026-06-29,15:15,7437.76,7420.72,17.04,55.48,12.331,91.76,175.2,0.262,45.88,7420.22,7399.33,17.54,38.43,20.89
2026-06-29,15:30,7435.22,7422.1,13.12,53.95,11.846,91.76,177.74,0.244,43.34,7421.65,7400.73,13.57,34.49,20.91
2026-06-29,15:45,7439.26,7423.74,15.52,56.03,11.902,95.44,181.78,0.261,47.38,7423.32,7402.25,15.94,37.01,21.08
2026-06-30,09:30,7447.56,,,,,12.31,0.0,,6.29,7425.63,7404.02,21.93,43.54,21.61
2026-06-30,09:45,7467.55,,,,,29.55,19.99,1.315,26.28,7429.62,7406.51,37.93,61.04,23.11
2026-06-30,10:00,7463.45,,,,,35.37,24.09,0.921,22.18,7432.85,7408.75,30.6,54.7,24.1
2026-06-30,10:15,7472.21,,,,,35.37,32.85,0.942,30.94,7436.59,7411.24,35.62,60.97,25.36
2026-06-30,10:30,7476.0,,,,,42.67,36.64,0.948,34.73,7440.35,7413.78,35.65,62.22,26.57
2026-06-30,10:45,7461.44,,,,,42.67,51.2,0.394,20.17,7442.36,7415.64,19.08,45.8,26.71
2026-06-30,11:00,7476.19,,,,,42.67,65.95,0.529,34.92,7445.58,7418.02,30.61,58.17,27.56
2026-06-30,11:15,7480.84,,,,,43.53,70.6,0.56,39.57,7448.94,7420.48,31.9,60.36,28.45
2026-06-30,11:30,7478.61,,,,,44.6,72.83,0.513,37.34,7451.76,7422.76,26.85,55.85,29.0
2026-06-30,11:45,7486.05,,,,,49.85,80.27,0.558,44.78,7455.03,7425.24,31.02,60.81,29.78
2026-06-30,12:00,7490.93,,,,,53.73,85.15,0.583,49.66,7458.45,7427.82,32.48,63.11,30.63
2026-06-30,12:15,7491.12,,,,,55.66,85.34,0.584,49.85,7461.56,7430.3,29.56,60.82,31.26
2026-06-30,12:30,7493.2,,,,,56.09,87.42,0.594,51.93,7464.57,7432.77,28.63,60.43,31.8
2026-06-30,12:45,7495.93,,,,,60.83,90.15,0.606,54.66,7467.56,7435.25,28.37,60.68,32.31
2026-06-30,13:00,7494.48,,,75.61,10.554,61.56,91.6,0.581,53.21,7470.12,7437.57,24.36,56.91,32.55
2026-06-30,13:15,7493.2,,,74.49,10.146,61.56,92.88,0.559,51.93,7472.32,7439.75,20.88,53.45,32.57
2026-06-30,13:30,7494.11,,,74.78,9.806,61.56,93.79,0.563,52.84,7474.4,7441.88,19.71,52.23,32.51
2026-06-30,13:45,7492.68,,,73.38,9.34,61.56,95.22,0.54,51.41,7476.14,7443.87,16.54,48.81,32.26
2026-06-30,14:00,7495.89,,,74.53,9.061,61.56,98.43,0.555,54.62,7478.02,7445.91,17.87,49.98,32.1
2026-06-30,14:15,7495.77,7482.36,13.41,74.4,8.723,61.56,98.55,0.553,54.5,7479.71,7447.87,16.06,47.9,31.84
2026-06-30,14:30,7498.21,7483.87,14.34,75.34,8.459,61.56,100.99,0.564,56.94,7481.47,7449.84,16.74,48.37,31.63
2026-06-30,14:45,7499.85,7485.39,14.46,75.97,8.276,64.61,102.63,0.571,58.58,7483.22,7451.8,16.63,48.05,31.42
2026-06-30,15:00,7505.34,7487.29,18.05,78.02,8.097,67.52,108.12,0.593,64.07,7485.33,7453.9,20.01,51.44,31.42
2026-06-30,15:15,7502.52,7488.74,13.78,74.51,7.975,70.25,110.94,0.552,61.25,7486.97,7455.81,15.55,46.71,31.16
2026-06-30,15:30,7499.56,7489.77,9.79,70.91,7.892,70.25,113.9,0.512,58.29,7488.16,7457.53,11.4,42.03,30.64
2026-06-30,15:45,7496.31,7490.39,5.92,67.08,8.221,70.25,117.15,0.47,55.04,7488.94,7459.05,7.37,37.26,29.89
2026-07-01,09:30,7458.75,,,,,29.61,0.0,,-20.09,7486.07,7459.04,-27.32,-0.29,27.03
2026-07-01,09:45,7480.52,,,,,31.14,21.77,0.077,1.68,7485.54,7459.88,-5.02,20.64,25.66
2026-07-01,10:00,7493.52,,,,,46.91,34.77,0.422,14.68,7486.3,7461.2,7.22,32.32,25.1
2026-07-01,10:15,7496.12,,,,,48.58,37.37,0.462,17.28,7487.23,7462.57,8.89,33.55,24.67
2026-07-01,10:30,7493.86,,,,,48.58,39.63,0.379,15.02,7487.86,7463.79,6.0,30.07,24.07
2026-07-01,10:45,7497.07,,,,,49.04,42.84,0.426,18.23,7488.74,7465.1,8.33,31.97,23.64
2026-07-01,11:00,7508.32,,,,,58.79,54.09,0.545,29.48,7490.61,7466.79,17.71,41.53,23.81
2026-07-01,11:15,7520.64,,,,,71.48,66.41,0.629,41.8,7493.47,7468.91,27.17,51.73,24.56
2026-07-01,11:30,7514.96,,,,,71.48,72.09,0.501,36.12,7495.51,7470.71,19.45,44.25,24.8
2026-07-01,11:45,7515.41,,,,,71.48,72.54,0.504,36.57,7497.41,7472.46,18.0,42.95,24.94
2026-07-01,12:00,7518.26,,,,,71.48,75.39,0.523,39.42,7499.39,7474.26,18.87,44.0,25.13
2026-07-01,12:15,7517.08,,,,,72.18,76.57,0.499,38.24,7501.08,7475.94,16.0,41.14,25.14
2026-07-01,12:30,7513.81,,,,,72.18,79.84,0.438,34.97,7502.29,7477.42,11.52,36.39,24.87
2026-07-01,12:45,7503.24,,,,,72.18,90.41,0.27,24.4,7502.38,7478.44,0.86,24.8,23.94
2026-07-01,13:00,7505.66,,,75.27,11.361,72.18,92.83,0.289,26.82,7502.69,7479.5,2.97,26.16,23.19
2026-07-01,13:15,7506.71,,,75.56,11.042,72.18,93.88,0.297,27.87,7503.08,7480.57,3.63,26.14,22.5
2026-07-01,13:30,7502.61,,,71.92,10.738,72.18,97.98,0.243,23.77,7503.03,7481.44,-0.42,21.17,21.6
2026-07-01,13:45,7499.26,,,69.0,10.371,72.18,101.33,0.202,20.42,7502.67,7482.13,-3.41,17.13,20.54
2026-07-01,14:00,7498.14,,,68.0,10.103,72.18,102.45,0.188,19.3,7502.24,7482.76,-4.1,15.38,19.48
2026-07-01,14:15,7498.8,7502.14,-3.34,68.29,9.932,72.18,103.11,0.194,19.96,7501.91,7483.39,-3.11,15.41,18.52
2026-07-01,14:30,7498.9,7501.83,-2.93,68.34,9.517,72.18,103.21,0.194,20.06,7501.63,7484.0,-2.73,14.9,17.63
2026-07-01,14:45,7495.92,7501.27,-5.35,65.25,9.372,72.18,106.19,0.161,17.08,7501.08,7484.47,-5.16,11.45,16.62
2026-07-01,15:00,7501.02,7501.24,-0.22,67.92,9.364,72.18,111.29,0.199,22.18,7501.08,7485.12,-0.06,15.9,15.96
2026-07-01,15:15,7497.54,7500.89,-3.35,64.28,9.156,72.18,114.77,0.163,18.7,7500.74,7485.6,-3.2,11.94,15.14
2026-07-01,15:30,7494.24,7500.26,-6.02,60.95,9.1,72.18,118.07,0.13,15.4,7500.12,7485.94,-5.88,8.3,14.18
2026-07-01,15:45,7485.02,7498.81,-13.79,52.72,9.593,72.18,127.29,0.049,6.18,7498.68,7485.91,-13.66,-0.89,12.78
2026-07-02,09:30,7526.21,,,,,35.17,0.0,,31.07,7501.3,7487.49,24.91,38.72,13.82
2026-07-02,09:45,7534.99,,,,,45.31,8.78,4.539,39.85,7504.51,7489.35,30.48,45.64,15.16
2026-07-02,10:00,7537.47,,,,,45.61,11.26,3.759,42.33,7507.65,7491.24,29.82,46.23,16.42
2026-07-02,10:15,7507.54,,,,,45.61,41.19,0.301,12.4,7507.64,7491.88,-0.1,15.66,15.77
2026-07-02,10:30,7495.35,,,,,49.86,53.38,0.004,0.21,7506.47,7492.01,-11.12,3.34,14.46
2026-07-02,10:45,7503.85,,,,,53.38,61.88,0.141,8.71,7506.22,7492.48,-2.37,11.37,13.74
2026-07-02,11:00,7487.84,,,,,71.77,77.89,0.094,-7.3,7504.47,7492.29,-16.63,-4.45,12.18
2026-07-02,11:15,7476.63,,,,,71.77,89.1,0.208,-18.51,7501.82,7491.68,-25.19,-15.05,10.14
2026-07-02,11:30,7480.92,,,,,71.77,93.39,0.152,-14.22,7499.83,7491.26,-18.91,-10.34,8.57
2026-07-02,11:45,7473.75,,,,,73.17,100.56,0.213,-21.39,7497.34,7490.57,-23.59,-16.82,6.77
2026-07-02,12:00,7472.35,,,,,76.48,101.96,0.224,-22.79,7494.96,7489.86,-22.61,-17.51,5.11
2026-07-02,12:15,7462.04,,,,,79.63,112.27,0.295,-33.1,7491.83,7488.77,-29.79,-26.73,3.06
2026-07-02,12:30,7459.71,,,,,91.94,114.6,0.309,-35.43,7488.77,7487.63,-29.06,-27.92,1.14
2026-07-02,12:45,7448.71,,,,,95.49,125.6,0.37,-46.43,7484.95,7486.1,-36.24,-37.39,-1.15
2026-07-02,13:00,7444.21,,,18.49,19.811,109.05,130.1,0.391,-50.93,7481.07,7484.46,-36.86,-40.25,-3.38
2026-07-02,13:15,7442.72,,,18.26,19.088,109.05,131.59,0.398,-52.42,7477.42,7482.82,-34.7,-40.1,-5.4
2026-07-02,13:30,7437.28,,,17.43,18.894,109.28,137.03,0.422,-57.86,7473.6,7481.03,-36.32,-43.75,-7.44
2026-07-02,13:45,7429.32,,,16.25,18.293,113.19,144.99,0.454,-65.82,7469.38,7479.01,-40.06,-49.69,-9.63
2026-07-02,14:00,7449.58,,,29.28,19.004,113.2,165.25,0.276,-45.56,7467.5,7477.85,-17.92,-28.27,-10.36
2026-07-02,14:15,7454.4,7476.24,-21.84,31.99,18.584,113.2,170.07,0.24,-40.74,7466.25,7476.93,-11.85,-22.53,-10.68
2026-07-02,14:30,7457.6,7474.47,-16.87,33.8,17.768,113.2,173.27,0.217,-37.54,7465.42,7476.18,-7.82,-18.58,-10.75
2026-07-02,14:45,7456.82,7472.79,-15.97,33.57,17.228,113.2,174.05,0.22,-38.32,7464.61,7475.42,-7.79,-18.6,-10.81
2026-07-02,15:00,7447.68,7470.4,-22.72,30.86,17.265,113.2,183.19,0.259,-47.46,7462.99,7474.33,-15.31,-26.65,-11.34
2026-07-02,15:15,7450.43,7468.49,-18.06,32.62,16.897,113.2,185.94,0.24,-44.71,7461.8,7473.39,-11.37,-22.96,-11.59
2026-07-02,15:30,7459.95,7467.68,-7.73,38.46,16.518,113.2,195.46,0.18,-35.19,7461.62,7472.86,-1.67,-12.91,-11.24
2026-07-02,15:45,7477.63,7468.63,9.0,47.56,17.219,113.2,213.14,0.082,-17.51,7463.15,7473.05,14.48,4.58,-9.91
2026-07-06,09:30,7512.88,,,,,21.45,0.0,,5.92,7467.88,7474.61,45.0,38.27,-6.73
2026-07-06,09:45,7510.97,,,,,21.45,1.91,2.099,4.01,7471.99,7476.04,38.98,34.93,-4.05
2026-07-06,10:00,7521.76,,,,,21.45,12.7,1.165,14.8,7476.73,7477.83,45.03,43.93,-1.11
2026-07-06,10:15,7526.31,,,,,26.5,17.25,1.122,19.35,7481.45,7479.73,44.86,46.58,1.72
2026-07-06,10:30,7524.29,,,,,28.2,19.27,0.899,17.33,7485.53,7481.48,38.76,42.81,4.05
2026-07-06,10:45,7529.38,,,,,28.41,24.36,0.92,22.42,7489.7,7483.36,39.68,46.02,6.35
2026-07-06,11:00,7528.26,,,,,30.64,25.48,0.836,21.3,7493.38,7485.12,34.88,43.14,8.26
2026-07-06,11:15,7535.19,,,,,34.65,32.41,0.871,28.23,7497.36,7487.08,37.83,48.11,10.28
2026-07-06,11:30,7535.59,,,,,36.16,32.81,0.873,28.63,7501.0,7488.99,34.59,46.6,12.01
2026-07-06,11:45,7536.03,,,,,36.43,33.25,0.874,29.07,7504.34,7490.83,31.69,45.2,13.51
2026-07-06,12:00,7537.68,,,,,37.87,34.9,0.88,30.72,7507.51,7492.67,30.17,45.01,14.84
2026-07-06,12:15,7533.77,,,,,37.87,38.81,0.691,26.81,7510.01,7494.28,23.76,39.49,15.73
2026-07-06,12:30,7534.56,,,,,37.87,39.6,0.697,27.6,7512.35,7495.86,22.21,38.7,16.49
2026-07-06,12:45,7532.17,,,,,37.87,41.99,0.6,25.21,7514.24,7497.28,17.93,34.89,16.96
2026-07-06,13:00,7540.52,,,77.45,7.821,41.4,50.34,0.667,33.56,7516.74,7498.98,23.78,41.54,17.76
2026-07-06,13:15,7534.5,,,68.62,7.8,41.4,56.36,0.489,27.54,7518.43,7500.37,16.07,34.13,18.06
2026-07-06,13:30,7528.13,,,60.72,8.016,41.4,62.73,0.337,21.17,7519.36,7501.46,8.77,26.67,17.9
2026-07-06,13:45,7528.52,,,61.02,7.952,41.4,63.12,0.342,21.56,7520.23,7502.52,8.29,26.0,17.71
2026-07-06,14:00,7537.26,,,67.01,8.117,41.4,71.86,0.422,30.3,7521.85,7503.88,15.41,33.38,17.97
2026-07-06,14:15,7540.77,7530.43,10.34,69.07,7.991,42.61,75.37,0.449,33.81,7523.65,7505.33,17.12,35.44,18.32
2026-07-06,14:30,7540.34,7531.37,8.97,68.51,7.767,42.61,75.8,0.44,33.38,7525.24,7506.7,15.1,33.64,18.54
2026-07-06,14:45,7546.68,7532.83,13.85,72.12,7.777,46.81,82.14,0.484,39.72,7527.28,7508.27,19.4,38.41,19.01
2026-07-06,15:00,7545.81,7534.07,11.74,70.92,7.54,48.03,83.01,0.468,38.85,7529.05,7509.74,16.76,36.07,19.31
2026-07-06,15:15,7550.4,7535.62,14.78,73.43,7.485,50.34,87.6,0.496,43.44,7531.08,7511.34,19.32,39.06,19.74
2026-07-06,15:30,7547.69,7536.77,10.92,69.6,7.337,50.34,90.31,0.451,40.73,7532.66,7512.76,15.03,34.93,19.9
2026-07-06,15:45,7538.34,7536.92,1.42,58.31,7.813,50.34,99.66,0.315,31.38,7533.2,7513.77,5.14,24.57,19.44
2026-07-07,09:30,7528.26,,,,,19.43,0.0,,11.63,7532.73,7514.33,-4.47,13.93,18.4
2026-07-07,09:45,7514.93,,,,,27.31,13.33,0.128,-1.7,7531.04,7514.36,-16.11,0.57,16.68
2026-07-07,10:00,7496.62,,,,,39.44,31.64,0.632,-20.01,7527.76,7513.66,-31.14,-17.04,14.1
2026-07-07,10:15,7493.0,,,,,49.35,35.26,0.67,-23.63,7524.45,7512.85,-31.45,-19.85,11.6
2026-07-07,10:30,7483.41,,,,,57.43,44.85,0.741,-33.22,7520.54,7511.7,-37.13,-28.29,8.84
2026-07-07,10:45,7490.99,,,,,57.43,52.43,0.489,-25.64,7517.73,7510.89,-26.74,-19.9,6.84
2026-07-07,11:00,7487.07,,,,,57.43,56.35,0.525,-29.56,7514.81,7509.95,-27.74,-22.88,4.86
2026-07-07,11:15,7489.4,,,,,57.43,58.68,0.464,-27.23,7512.39,7509.15,-22.99,-19.75,3.24
2026-07-07,11:30,7490.53,,,,,57.43,59.81,0.436,-26.1,7510.31,7508.42,-19.78,-17.89,1.89
2026-07-07,11:45,7500.44,,,,,57.43,69.72,0.232,-16.19,7509.37,7508.1,-8.93,-7.66,1.26
2026-07-07,12:00,7507.81,,,,,57.43,77.09,0.114,-8.82,7509.22,7508.09,-1.41,-0.28,1.13
2026-07-07,12:15,7516.01,,,,,57.43,85.29,0.007,-0.62,7509.86,7508.4,6.15,7.61,1.46
2026-07-07,12:30,7515.97,,,,,57.43,85.33,0.008,-0.66,7510.45,7508.7,5.52,7.27,1.75
2026-07-07,12:45,7516.82,,,,,57.43,86.18,0.002,0.19,7511.05,7509.02,5.77,7.8,2.04
2026-07-07,13:00,7515.75,,,42.83,11.504,57.43,87.25,0.01,-0.88,7511.5,7509.28,4.25,6.47,2.22
2026-07-07,13:15,7516.01,,,43.01,11.208,57.43,87.51,0.007,-0.62,7511.93,7509.54,4.08,6.47,2.39
2026-07-07,13:30,7518.36,,,44.73,10.721,57.43,89.86,0.019,1.73,7512.54,7509.89,5.82,8.47,2.65
2026-07-07,13:45,7518.94,,,45.17,10.311,57.43,90.44,0.026,2.31,7513.15,7510.25,5.79,8.69,2.91
2026-07-07,14:00,7517.04,,,43.94,9.872,57.43,92.34,0.004,0.41,7513.52,7510.51,3.52,6.53,3.01
2026-07-07,14:15,7516.66,7506.7,9.96,43.68,9.505,57.43,92.72,0.0,0.03,7513.82,7510.75,2.84,5.91,3.07
2026-07-07,14:30,7513.8,7507.38,6.42,41.71,9.3,57.43,95.58,0.03,-2.83,7513.82,7510.87,-0.02,2.93,2.95
2026-07-07,14:45,7501.7,7506.84,-5.14,34.57,9.623,57.43,107.68,0.139,-14.93,7512.66,7510.51,-10.96,-8.81,2.15
2026-07-07,15:00,7494.48,7505.66,-11.18,31.15,9.726,57.43,114.9,0.193,-22.15,7510.93,7509.88,-16.45,-15.4,1.05
2026-07-07,15:15,7493.26,7504.48,-11.22,30.6,9.726,57.43,116.12,0.201,-23.37,7509.25,7509.23,-15.99,-15.97,0.02
2026-07-07,15:30,7491.46,7503.24,-11.78,29.76,9.673,57.43,117.92,0.213,-25.17,7507.56,7508.54,-16.1,-17.08,-0.98
2026-07-07,15:45,7503.36,7503.25,0.11,41.21,10.039,57.43,129.82,0.102,-13.27,7507.16,7508.33,-3.8,-4.97,-1.18
2026-07-08,09:30,7471.17,,,,,23.94,0.0,,-5.37,7503.73,7506.87,-32.56,-35.7,-3.15
2026-07-08,09:45,7467.45,,,,,23.94,3.72,2.444,-9.09,7500.27,7505.33,-32.82,-37.88,-5.06
2026-07-08,10:00,7459.12,,,,,23.94,12.05,1.446,-17.42,7496.35,7503.52,-37.23,-44.4,-7.16
2026-07-08,10:15,7458.46,,,,,23.94,12.71,1.423,-18.08,7492.75,7501.75,-34.29,-43.29,-9.0
2026-07-08,10:30,7451.34,,,,,30.53,19.83,1.271,-25.2,7488.8,7499.77,-37.46,-48.43,-10.97
2026-07-08,10:45,7445.32,,,,,40.9,25.85,1.208,-31.22,7484.66,7497.64,-39.34,-52.32,-12.98
2026-07-08,11:00,7437.32,,,,,40.9,33.85,1.159,-39.22,7480.15,7495.27,-42.83,-57.95,-15.12
2026-07-08,11:15,7425.97,,,,,54.48,45.2,1.119,-50.57,7474.99,7492.55,-49.02,-66.58,-17.56
2026-07-08,11:30,7433.21,,,,,54.72,52.44,0.826,-43.33,7471.01,7490.23,-37.8,-57.02,-19.21
2026-07-08,11:45,7432.8,,,,,54.72,52.85,0.828,-43.74,7467.37,7487.98,-34.57,-55.18,-20.6
2026-07-08,12:00,7449.01,,,,,54.72,69.06,0.399,-27.53,7465.62,7486.45,-16.61,-37.44,-20.82
2026-07-08,12:15,7457.82,,,,,54.72,77.87,0.24,-18.72,7464.88,7485.32,-7.06,-27.5,-20.44
2026-07-08,12:30,7466.52,,,,,54.72,86.57,0.116,-10.02,7465.04,7484.59,1.48,-18.07,-19.55
2026-07-08,12:45,7474.3,,,,,54.72,94.35,0.024,-2.24,7465.92,7484.18,8.38,-9.88,-18.26
2026-07-08,13:00,7469.81,,,49.31,14.84,54.72,98.84,0.068,-6.73,7466.29,7483.62,3.52,-13.81,-17.33
2026-07-08,13:15,7484.45,,,56.29,14.838,62.8,113.48,0.07,7.91,7468.02,7483.65,16.43,0.8,-15.63
2026-07-08,13:30,7476.54,,,52.11,14.621,65.59,121.39,0.0,0.0,7468.83,7483.37,7.71,-6.83,-14.54
2026-07-08,13:45,7470.63,,,49.18,14.326,65.59,127.3,0.046,-5.91,7469.0,7482.87,1.63,-12.24,-13.87
2026-07-08,14:00,7480.16,,,53.71,14.337,65.59,136.83,0.026,3.62,7470.06,7482.77,10.1,-2.61,-12.7
2026-07-08,14:15,7474.17,7459.28,14.89,50.65,13.812,65.59,142.82,0.017,-2.37,7470.46,7482.43,3.71,-8.26,-11.97
2026-07-08,14:30,7477.8,7461.04,16.76,52.42,13.51,65.59,146.45,0.009,1.26,7471.16,7482.25,6.64,-4.45,-11.09
2026-07-08,14:45,7480.28,7462.87,17.41,53.64,13.02,65.59,148.93,0.025,3.74,7472.02,7482.17,8.26,-1.89,-10.15
2026-07-08,15:00,7476.11,7464.14,11.97,51.26,12.718,65.59,153.1,0.003,-0.43,7472.41,7481.93,3.7,-5.82,-9.52
2026-07-08,15:15,7479.0,7465.55,13.45,52.82,12.291,65.59,155.99,0.016,2.46,7473.04,7481.82,5.96,-2.82,-8.78
2026-07-08,15:30,7480.23,7466.95,13.28,53.5,11.828,65.59,157.22,0.023,3.69,7473.73,7481.76,6.5,-1.53,-8.03
2026-07-08,15:45,7481.46,7468.33,13.13,54.22,12.196,66.69,158.45,0.031,4.92,7474.46,7481.74,7.0,-0.28,-7.28
2026-07-09,09:30,7509.66,,,,,28.76,0.0,,18.06,7477.81,7482.84,31.85,26.82,-5.03
2026-07-09,09:45,7513.82,,,,,36.2,4.16,5.341,22.22,7481.24,7484.05,32.58,29.77,-2.81
2026-07-09,10:00,7502.85,,,,,36.2,15.13,0.744,11.25,7483.3,7484.79,19.55,18.06,-1.49
2026-07-09,10:15,7506.34,,,,,37.76,18.62,0.792,14.74,7485.5,7485.64,20.84,20.7,-0.14
2026-07-09,10:30,7505.78,,,,,37.76,19.18,0.739,14.18,7487.43,7486.43,18.35,19.35,1.0
2026-07-09,10:45,7513.71,,,,,37.76,27.11,0.816,22.11,7489.93,7487.5,23.78,26.21,2.43
2026-07-09,11:00,7519.23,,,,,41.15,32.63,0.847,27.63,7492.72,7488.74,26.51,30.49,3.98
2026-07-09,11:15,7525.02,,,,,45.07,38.42,0.87,33.42,7495.8,7490.16,29.22,34.86,5.63
2026-07-09,11:30,7527.92,,,,,47.61,41.32,0.879,36.32,7498.86,7491.64,29.06,36.28,7.21
2026-07-09,11:45,7525.88,,,,,47.61,43.36,0.791,34.28,7501.43,7492.99,24.45,32.89,8.44
2026-07-09,12:00,7531.6,,,,,50.74,49.08,0.815,40.0,7504.3,7494.5,27.3,37.1,9.8
2026-07-09,12:15,7533.63,,,,,53.17,51.11,0.822,42.03,7507.1,7496.04,26.53,37.59,11.06
2026-07-09,12:30,7533.88,,,,,54.03,51.36,0.823,42.28,7509.65,7497.52,24.23,36.36,12.13
2026-07-09,12:45,7530.84,,,,,54.03,54.4,0.721,39.24,7511.67,7498.83,19.17,32.01,12.84
2026-07-09,13:00,7539.17,,,73.52,10.831,59.15,62.73,0.758,47.57,7514.28,7500.41,24.89,38.76,13.88
2026-07-09,13:15,7544.84,,,75.87,10.472,63.24,68.4,0.778,53.24,7517.19,7502.15,27.65,42.69,15.04
2026-07-09,13:30,7544.32,,,75.21,10.045,64.62,68.92,0.765,52.72,7519.78,7503.8,24.54,40.52,15.97
2026-07-09,13:45,7543.25,,,73.79,9.731,65.16,69.99,0.738,51.65,7522.01,7505.35,21.24,37.9,16.66
2026-07-09,14:00,7545.04,,,74.65,9.312,65.16,71.78,0.744,53.44,7524.21,7506.91,20.83,38.13,17.3
2026-07-09,14:15,7541.85,7526.93,14.92,70.22,9.094,65.16,74.97,0.67,50.25,7525.89,7508.28,15.96,33.57,17.61
2026-07-09,14:30,7540.65,7528.24,12.41,68.57,8.83,65.16,76.17,0.644,49.05,7527.29,7509.55,13.36,31.1,17.75
2026-07-09,14:45,7537.85,7529.15,8.7,64.75,8.52,65.16,78.97,0.586,46.25,7528.3,7510.66,9.55,27.19,17.64
2026-07-09,15:00,7535.89,7529.8,6.09,62.14,8.213,65.16,80.93,0.547,44.29,7529.02,7511.65,6.87,24.24,17.37
2026-07-09,15:15,7537.93,7530.57,7.36,63.77,8.067,65.16,82.97,0.558,46.33,7529.87,7512.68,8.06,25.25,17.19
2026-07-09,15:30,7541.49,7531.61,9.88,66.5,7.905,65.16,86.53,0.577,49.89,7530.98,7513.81,10.51,27.68,17.17
2026-07-09,15:45,7542.28,7532.63,9.65,67.09,7.886,65.16,87.32,0.58,50.68,7532.05,7514.92,10.23,27.36,17.13
2026-07-10,09:30,7548.08,,,,,15.99,0.0,,0.44,7533.58,7516.22,14.5,31.86,17.36
2026-07-10,09:45,7555.36,,,,,15.99,7.28,1.06,7.72,7535.65,7517.76,19.71,37.6,17.89
2026-07-10,10:00,7553.48,,,,,16.61,9.16,0.638,5.84,7537.35,7519.16,16.13,34.32,18.19
2026-07-10,10:15,7552.12,,,,,16.61,10.52,0.426,4.48,7538.76,7520.45,13.36,31.67,18.31
2026-07-10,10:30,7547.45,,,,,51.8,15.19,0.013,-0.19,7539.59,7521.51,7.86,25.94,18.07
2026-07-10,10:45,7538.13,,,,,51.8,24.51,0.388,-9.51,7539.45,7522.16,-1.32,15.97,17.28
2026-07-10,11:00,7544.82,,,,,51.8,31.2,0.09,-2.82,7539.96,7523.05,4.86,21.77,16.91
2026-07-10,11:15,7558.73,,,,,52.24,45.11,0.246,11.09,7541.75,7524.45,16.98,34.28,17.3
2026-07-10,11:30,7546.55,,,,,52.24,57.29,0.019,-1.09,7542.2,7525.32,4.35,21.23,16.89
2026-07-10,11:45,7554.28,,,,,52.24,65.02,0.102,6.64,7543.35,7526.45,10.93,27.83,16.9
2026-07-10,12:00,7558.32,,,,,52.24,69.06,0.155,10.68,7544.78,7527.7,13.54,30.62,17.08
2026-07-10,12:15,7558.24,,,,,55.26,69.14,0.153,10.6,7546.06,7528.9,12.18,29.34,17.16
2026-07-10,12:30,7562.43,,,,,55.26,73.33,0.202,14.79,7547.62,7530.22,14.81,32.21,17.41
2026-07-10,12:45,7566.38,,,,,59.64,77.28,0.242,18.74,7549.41,7531.63,16.97,34.75,17.77
2026-07-10,13:00,7564.16,,,60.11,12.971,59.64,79.5,0.208,16.52,7550.81,7532.91,13.35,31.25,17.9
2026-07-10,13:15,7566.29,,,61.23,12.279,59.64,81.63,0.228,18.65,7552.29,7534.22,14.0,32.07,18.07
2026-07-10,13:30,7567.94,,,62.12,11.75,62.27,83.28,0.244,20.3,7553.78,7535.54,14.16,32.4,18.24
2026-07-10,13:45,7566.44,,,60.76,11.224,62.27,84.78,0.222,18.8,7554.98,7536.75,11.46,29.69,18.23
2026-07-10,14:00,7569.3,,,62.45,10.775,62.89,87.64,0.247,21.66,7556.35,7538.03,12.95,31.27,18.32
2026-07-10,14:15,7570.38,7557.44,12.94,63.09,10.351,63.79,88.72,0.256,22.74,7557.68,7539.3,12.7,31.08,18.39
2026-07-10,14:30,7571.1,7558.74,12.36,63.54,9.808,64.18,89.44,0.262,23.46,7558.96,7540.54,12.14,30.56,18.42
2026-07-10,14:45,7571.26,7559.94,11.32,63.65,9.286,64.78,89.6,0.264,23.62,7560.13,7541.75,11.13,29.51,18.38
2026-07-10,15:00,7577.44,7561.6,15.84,67.57,9.099,69.51,95.78,0.311,29.8,7561.78,7543.15,15.66,34.29,18.63
2026-07-10,15:15,7575.64,7562.94,12.7,65.36,8.656,69.51,97.58,0.287,28.0,7563.1,7544.42,12.54,31.22,18.68
2026-07-10,15:30,7576.54,7564.24,12.3,65.96,8.361,70.52,98.48,0.293,28.9,7564.38,7545.68,12.16,30.86,18.7
2026-07-10,15:45,7575.38,7565.3,10.08,64.41,8.305,71.77,99.64,0.278,27.74,7565.43,7546.85,9.95,28.53,18.58
2026-07-13,09:30,7555.6,,,,,17.84,0.0,,8.07,7564.49,7547.19,-8.89,8.41,17.3
2026-07-13,09:45,7561.76,,,,,21.19,6.16,2.31,14.23,7564.23,7547.76,-2.47,14.0,16.47
2026-07-13,10:00,7558.9,,,,,21.19,9.02,1.261,11.37,7563.72,7548.2,-4.82,10.7,15.53
2026-07-13,10:15,7556.91,,,,,36.04,11.01,0.852,9.38,7563.08,7548.54,-6.17,8.37,14.54
2026-07-13,10:30,7541.26,,,,,36.04,26.66,0.235,-6.27,7561.0,7548.25,-19.74,-6.99,12.74
2026-07-13,10:45,7553.77,,,,,36.04,39.17,0.159,6.24,7560.31,7548.47,-6.54,5.3,11.84
2026-07-13,11:00,7546.99,,,,,36.04,45.95,0.012,-0.54,7559.04,7548.41,-12.05,-1.42,10.63
2026-07-13,11:15,7549.85,,,,,36.04,48.81,0.048,2.32,7558.17,7548.47,-8.32,1.38,9.7
2026-07-13,11:30,7543.96,,,,,36.04,54.7,0.065,-3.57,7556.81,7548.29,-12.85,-4.33,8.52
2026-07-13,11:45,7538.29,,,,,36.04,60.37,0.153,-9.24,7555.05,7547.9,-16.76,-9.61,7.15
2026-07-13,12:00,7540.56,,,,,36.04,62.64,0.111,-6.97,7553.67,7547.61,-13.11,-7.05,6.06
2026-07-13,12:15,7528.7,,,,,39.42,74.5,0.253,-18.83,7551.29,7546.87,-22.59,-18.17,4.42
2026-07-13,12:30,7528.49,,,,,50.71,74.71,0.255,-19.04,7549.12,7546.15,-20.63,-17.66,2.97
2026-07-13,12:45,7524.36,,,,,50.71,78.84,0.294,-23.17,7546.76,7545.3,-22.4,-20.94,1.47
2026-07-13,13:00,7526.39,,,31.94,13.983,50.71,80.87,0.261,-21.14,7544.82,7544.55,-18.43,-18.16,0.27
2026-07-13,13:15,7523.54,,,30.77,13.586,50.71,83.72,0.287,-23.99,7542.79,7543.73,-19.25,-20.19,-0.94
2026-07-13,13:30,7525.27,,,32.39,13.056,50.71,85.45,0.261,-22.26,7541.13,7543.01,-15.86,-17.74,-1.88
2026-07-13,13:45,7518.07,,,29.32,12.84,50.71,92.65,0.318,-29.46,7538.93,7542.03,-20.86,-23.96,-3.1
2026-07-13,14:00,7523.68,,,34.52,12.651,50.71,98.26,0.243,-23.85,7537.48,7541.31,-13.8,-17.63,-3.83
2026-07-13,14:15,7518.13,7538.22,-20.09,32.01,12.3,50.71,103.81,0.283,-29.4,7535.63,7540.4,-17.5,-22.27,-4.76
2026-07-13,14:30,7524.12,7536.88,-12.76,37.31,12.196,50.71,109.8,0.213,-23.41,7534.54,7539.76,-10.42,-15.64,-5.22
2026-07-13,14:45,7521.56,7535.42,-13.86,36.02,11.755,50.71,112.36,0.231,-25.97,7533.3,7539.05,-11.74,-17.49,-5.75
2026-07-13,15:00,7518.14,7533.78,-15.64,34.31,11.56,50.71,115.78,0.254,-29.39,7531.86,7538.23,-13.72,-20.09,-6.37
2026-07-13,15:15,7509.23,7531.44,-22.21,30.28,11.558,57.04,124.69,0.307,-38.3,7529.7,7537.09,-20.47,-27.86,-7.39
2026-07-13,15:30,7514.38,7529.81,-15.43,35.03,11.335,58.96,129.84,0.255,-33.15,7528.24,7536.2,-13.86,-21.82,-7.96
2026-07-13,15:45,7515.9,7528.49,-12.59,36.41,11.246,58.96,131.36,0.241,-31.63,7527.07,7535.4,-11.17,-19.5,-8.34
2026-07-14,09:30,7539.79,,,,,19.58,0.0,,3.09,7528.28,7535.58,11.51,4.21,-7.3
2026-07-14,09:45,7539.82,,,,,23.66,0.03,104.0,3.12,7529.38,7535.74,10.44,4.08,-6.36
2026-07-14,10:00,7530.16,,,,,23.66,9.69,0.675,-6.54,7529.45,7535.52,0.71,-5.36,-6.07
2026-07-14,10:15,7533.86,,,,,31.22,13.39,0.212,-2.84,7529.87,7535.46,3.99,-1.6,-5.59
2026-07-14,10:30,7538.05,,,,,44.21,17.58,0.077,1.35,7530.65,7535.56,7.4,2.49,-4.91
2026-07-14,10:45,7543.06,,,,,44.21,22.59,0.282,6.36,7531.83,7535.85,11.23,7.21,-4.02
2026-07-14,11:00,7552.09,,,,,44.21,31.62,0.487,15.39,7533.76,7536.49,18.33,15.6,-2.73
2026-07-14,11:15,7552.94,,,,,44.21,32.47,0.5,16.24,7535.59,7537.14,17.35,15.8,-1.55
2026-07-14,11:30,7542.37,,,,,44.21,43.04,0.132,5.67,7536.23,7537.34,6.14,5.03,-1.11
2026-07-14,11:45,7536.6,,,,,44.21,48.81,0.002,-0.1,7536.27,7537.31,0.33,-0.71,-1.04
2026-07-14,12:00,7531.75,,,,,44.21,53.66,0.092,-4.95,7535.84,7537.09,-4.09,-5.34,-1.25
2026-07-14,12:15,7534.46,,,,,44.21,56.37,0.04,-2.24,7535.71,7536.99,-1.25,-2.53,-1.28
2026-07-14,12:30,7541.18,,,,,44.21,63.09,0.071,4.48,7536.23,7537.15,4.95,4.03,-0.93
2026-07-14,12:45,7544.77,,,,,44.21,66.68,0.121,8.07,7537.04,7537.45,7.73,7.32,-0.41
2026-07-14,13:00,7544.78,,,53.74,14.115,44.21,66.69,0.121,8.08,7537.78,7537.74,7.0,7.04,0.04
2026-07-14,13:15,7549.58,,,57.07,13.735,44.21,71.49,0.18,12.88,7538.9,7538.2,10.68,11.38,0.7
2026-07-14,13:30,7546.69,,,54.53,13.238,44.21,74.38,0.134,9.99,7539.64,7538.54,7.05,8.15,1.11
2026-07-14,13:45,7548.82,,,56.08,12.647,44.21,76.51,0.158,12.12,7540.52,7538.94,8.3,9.88,1.58
2026-07-14,14:00,7552.33,,,58.59,12.235,44.21,80.02,0.195,15.63,7541.64,7539.47,10.69,12.86,2.18
2026-07-14,14:15,7551.18,7542.71,8.47,57.43,11.698,44.21,81.17,0.178,14.48,7542.55,7539.93,8.63,11.25,2.63
2026-07-14,14:30,7546.82,7543.11,3.71,53.14,11.369,44.21,85.53,0.118,10.12,7542.96,7540.2,3.86,6.62,2.76
2026-07-14,14:45,7548.4,7543.61,4.79,54.47,10.867,44.21,87.11,0.134,11.7,7543.48,7540.52,4.92,7.88,2.96
2026-07-14,15:00,7547.18,7543.95,3.23,53.22,10.425,44.21,88.33,0.119,10.48,7543.83,7540.78,3.35,6.4,3.05
2026-07-14,15:15,7547.68,7544.3,3.38,53.69,9.976,44.21,88.83,0.124,10.98,7544.2,7541.05,3.48,6.63,3.15
2026-07-14,15:30,7548.82,7544.73,4.09,54.8,9.633,44.21,89.97,0.135,12.12,7544.64,7541.35,4.18,7.47,3.28
2026-07-14,15:45,7544.29,7544.69,-0.4,49.68,9.509,44.21,94.5,0.08,7.59,7544.6,7541.47,-0.31,2.82,3.13
2026-07-15,09:30,7570.29,,,,,11.33,0.0,,-1.43,7547.05,7542.6,23.24,27.69,4.45
2026-07-15,09:45,7570.09,,,,,23.42,0.2,8.15,-1.63,7549.24,7543.68,20.85,26.41,5.57
2026-07-15,10:00,7572.99,,,,,23.42,3.1,0.41,1.27,7551.51,7544.83,21.48,28.16,6.68
2026-07-15,10:15,7571.85,,,,,24.16,4.24,0.031,0.13,7553.44,7545.89,18.41,25.96,7.56
2026-07-15,10:30,7560.12,,,,,27.63,15.97,0.726,-11.6,7554.08,7546.44,6.04,13.68,7.63
2026-07-15,10:45,7560.38,,,,,28.54,16.23,0.699,-11.34,7554.68,7546.99,5.7,13.39,7.69
2026-07-15,11:00,7556.89,,,,,28.54,19.72,0.752,-14.83,7554.89,7547.38,2.0,9.51,7.51
2026-07-15,11:15,7561.99,,,,,33.43,24.82,0.392,-9.73,7555.57,7547.95,6.42,14.04,7.61
2026-07-15,11:30,7556.7,,,,,33.43,30.11,0.499,-15.02,7555.67,7548.3,1.03,8.4,7.38
2026-07-15,11:45,7552.29,,,,,33.43,34.52,0.563,-19.43,7555.35,7548.45,-3.06,3.84,6.9
2026-07-15,12:00,7537.34,,,,,44.52,49.47,0.695,-34.38,7553.64,7548.02,-16.3,-10.68,5.62
2026-07-15,12:15,7533.69,,,,,52.04,53.12,0.716,-38.03,7551.74,7547.45,-18.05,-13.76,4.28
2026-07-15,12:30,7533.81,,,,,54.55,53.24,0.712,-37.91,7550.03,7546.92,-16.22,-13.11,3.11
2026-07-15,12:45,7542.1,,,,,54.55,61.53,0.481,-29.62,7549.27,7546.73,-7.17,-4.63,2.54
2026-07-15,13:00,7543.4,,,28.6,12.775,54.55,62.83,0.451,-28.32,7548.71,7546.6,-5.31,-3.2,2.11
2026-07-15,13:15,7553.92,,,39.51,12.631,54.55,73.35,0.243,-17.8,7549.21,7546.89,4.71,7.03,2.32
2026-07-15,13:30,7558.9,,,43.88,12.202,54.55,78.33,0.164,-12.82,7550.13,7547.36,8.77,11.54,2.78
2026-07-15,13:45,7567.57,,,50.57,12.196,54.55,87.0,0.048,-4.15,7551.79,7548.15,15.78,19.42,3.64
2026-07-15,14:00,7571.17,,,53.08,11.738,54.55,90.6,0.006,-0.55,7553.64,7549.05,17.53,22.12,4.59
2026-07-15,14:15,7572.27,7557.39,14.88,53.85,11.34,54.55,91.7,0.006,0.55,7555.41,7549.96,16.86,22.31,5.45
2026-07-15,14:30,7566.38,7558.24,8.14,49.2,11.156,54.55,97.59,0.055,-5.34,7556.46,7550.61,9.92,15.77,5.85
2026-07-15,14:45,7556.83,7558.11,-1.28,42.75,11.071,54.55,107.14,0.139,-14.89,7556.49,7550.85,0.34,5.98,5.64
2026-07-15,15:00,7563.26,7558.6,4.66,47.72,10.878,54.55,113.57,0.074,-8.46,7557.14,7551.34,6.12,11.92,5.8
2026-07-15,15:15,7561.25,7558.85,2.4,46.36,10.583,54.55,115.58,0.091,-10.47,7557.53,7551.73,3.72,9.52,5.8
2026-07-15,15:30,7566.34,7559.57,6.77,50.22,10.579,54.55,120.67,0.045,-5.38,7558.37,7552.3,7.97,14.04,6.07
2026-07-15,15:45,7572.2,7560.77,11.43,54.29,10.759,54.55,126.53,0.004,0.48,7559.69,7553.08,12.51,19.12,6.61
2026-07-16,09:30,7537.36,,,,,25.34,0.0,,-21.44,7557.56,7552.46,-20.2,-15.1,5.1
2026-07-16,09:45,7545.01,,,,,28.95,7.65,1.803,-13.79,7556.36,7552.17,-11.35,-7.16,4.19
2026-07-16,10:00,7560.07,,,,,30.99,22.71,0.056,1.27,7556.72,7552.48,3.35,7.59,4.24
2026-07-16,10:15,7570.02,,,,,38.64,32.66,0.344,11.22,7557.98,7553.17,12.04,16.85,4.82
2026-07-16,10:30,7569.44,,,,,39.02,33.24,0.32,10.64,7559.08,7553.81,10.36,15.63,5.27
2026-07-16,10:45,7566.94,,,,,39.02,35.74,0.228,8.14,7559.82,7554.32,7.12,12.62,5.5
2026-07-16,11:00,7558.83,,,,,39.02,43.85,0.001,0.03,7559.73,7554.5,-0.9,4.33,5.23
2026-07-16,11:15,7563.99,,,,,39.02,49.01,0.106,5.19,7560.14,7554.87,3.85,9.12,5.26
2026-07-16,11:30,7562.53,,,,,39.02,50.47,0.074,3.73,7560.36,7555.17,2.17,7.36,5.19
2026-07-16,11:45,7561.51,,,,,39.02,51.49,0.053,2.71,7560.47,7555.42,1.04,6.09,5.05
2026-07-16,12:00,7545.77,,,,,39.02,67.23,0.194,-13.03,7559.07,7555.04,-13.3,-9.27,4.03
2026-07-16,12:15,7544.4,,,,,39.02,68.6,0.21,-14.4,7557.67,7554.62,-13.27,-10.22,3.05
2026-07-16,12:30,7544.99,,,,,39.02,69.19,0.2,-13.81,7556.47,7554.25,-11.48,-9.26,2.22
2026-07-16,12:45,7554.17,,,,,39.02,78.37,0.059,-4.63,7556.25,7554.24,-2.08,-0.07,2.0
2026-07-16,13:00,7547.57,,,56.01,12.414,39.02,84.97,0.132,-11.23,7555.42,7553.98,-7.85,-6.41,1.44
2026-07-16,13:15,7552.85,,,58.77,12.128,39.02,90.25,0.066,-5.95,7555.18,7553.94,-2.33,-1.09,1.24
2026-07-16,13:30,7539.13,,,49.99,12.47,39.02,103.97,0.189,-19.67,7553.65,7553.36,-14.52,-14.23,0.29
2026-07-16,13:45,7538.11,,,49.4,12.176,39.02,104.99,0.197,-20.69,7552.17,7552.76,-14.06,-14.65,-0.59
2026-07-16,14:00,7532.22,,,46.02,12.047,41.09,110.88,0.24,-26.58,7550.27,7551.95,-18.05,-19.73,-1.68
2026-07-16,14:15,7534.16,7551.45,-17.29,47.3,12.084,41.09,112.82,0.218,-24.64,7548.73,7551.26,-14.57,-17.1,-2.52
2026-07-16,14:30,7530.21,7549.43,-19.22,44.96,11.903,45.54,116.77,0.245,-28.59,7546.97,7550.43,-16.76,-20.22,-3.46
2026-07-16,14:45,7527.75,7547.37,-19.62,43.52,11.618,45.54,119.23,0.26,-31.05,7545.14,7549.54,-17.39,-21.79,-4.4
2026-07-16,15:00,7522.5,7545.0,-22.5,40.53,11.645,49.78,124.48,0.292,-36.3,7542.98,7548.48,-20.48,-25.98,-5.5
2026-07-16,15:15,7516.27,7542.26,-25.99,37.27,11.588,56.67,130.71,0.325,-42.53,7540.44,7547.22,-24.17,-30.95,-6.78
2026-07-16,15:30,7510.33,7539.22,-28.89,34.42,11.302,61.18,136.65,0.355,-48.47,7537.57,7545.77,-27.24,-35.44,-8.2
2026-07-16,15:45,7534.62,7538.78,-4.16,50.94,12.685,66.72,160.94,0.15,-24.18,7537.29,7545.33,-2.67,-10.71,-8.04
2026-07-17,09:30,7434.08,,,,,18.54,0.0,,-13.44,7527.46,7540.97,-93.38,-106.89,-13.51
2026-07-17,09:45,7473.11,,,,,42.41,39.03,0.656,25.59,7522.28,7538.31,-49.17,-65.2,-16.02
2026-07-17,10:00,7489.02,,,,,61.05,54.94,0.755,41.5,7519.12,7536.38,-30.1,-47.36,-17.26
2026-07-17,10:15,7488.85,,,,,67.17,55.11,0.75,41.33,7516.23,7534.51,-27.38,-45.66,-18.28
2026-07-17,10:30,7484.19,,,,,67.17,59.77,0.614,36.67,7513.18,7532.54,-28.99,-48.35,-19.36
2026-07-17,10:45,7475.39,,,,,67.17,68.57,0.406,27.87,7509.58,7530.3,-34.19,-54.91,-20.71
2026-07-17,11:00,7468.54,,,,,67.17,75.42,0.279,21.02,7505.67,7527.88,-37.13,-59.34,-22.2
2026-07-17,11:15,7479.73,,,,,67.17,86.61,0.372,32.21,7503.2,7525.99,-23.47,-46.26,-22.78
2026-07-17,11:30,7479.84,,,,,67.17,86.72,0.373,32.32,7500.98,7524.18,-21.14,-44.34,-23.2
2026-07-17,11:45,7494.56,,,,,67.17,101.44,0.464,47.04,7500.37,7523.02,-5.81,-28.46,-22.65
2026-07-17,12:00,7488.88,,,,,67.17,107.12,0.386,41.36,7499.27,7521.68,-10.39,-32.8,-22.41
2026-07-17,12:15,7485.19,,,,,67.17,110.81,0.34,37.67,7497.93,7520.25,-12.74,-35.06,-22.32
2026-07-17,12:30,7488.84,,,,,67.17,114.46,0.361,41.32,7497.07,7519.02,-8.23,-30.18,-21.95
2026-07-17,12:45,7488.81,,,,,67.21,114.49,0.361,41.29,7496.28,7517.83,-7.47,-29.02,-21.55
2026-07-17,13:00,7489.96,,,74.16,16.206,67.21,115.64,0.367,42.44,7495.68,7516.74,-5.72,-26.78,-21.06
2026-07-17,13:15,7494.5,,,75.21,15.766,67.21,120.18,0.391,46.98,7495.57,7515.87,-1.07,-21.37,-20.3
2026-07-17,13:30,7481.81,,,67.03,15.691,67.21,132.87,0.258,34.29,7494.26,7514.53,-12.45,-32.72,-20.27
2026-07-17,13:45,7471.23,,,61.06,15.642,67.21,143.45,0.165,23.71,7492.06,7512.83,-20.83,-41.6,-20.77
2026-07-17,14:00,7466.67,,,58.64,15.303,67.21,148.01,0.129,19.15,7489.64,7511.02,-22.97,-44.35,-21.38
2026-07-17,14:15,7462.24,7479.27,-17.03,56.3,14.828,67.21,152.44,0.097,14.72,7487.03,7509.11,-24.79,-46.87,-22.07
2026-07-17,14:30,7458.44,7477.29,-18.85,54.3,14.637,67.21,156.24,0.07,10.92,7484.31,7507.12,-25.87,-48.68,-22.81
2026-07-17,14:45,7469.81,7476.58,-6.77,58.99,14.646,67.21,167.61,0.133,22.29,7482.93,7505.66,-13.12,-35.85,-22.73
2026-07-17,15:00,7452.46,7474.28,-21.82,50.48,14.839,67.21,184.96,0.027,4.94,7480.03,7503.57,-27.57,-51.11,-23.54
2026-07-17,15:15,7456.63,7472.6,-15.97,52.26,14.639,67.21,189.13,0.048,9.11,7477.8,7501.73,-21.17,-45.1,-23.93
2026-07-17,15:30,7460.37,7471.43,-11.06,53.87,14.279,67.21,192.87,0.067,12.85,7476.14,7500.11,-15.77,-39.74,-23.97
2026-07-17,15:45,7457.78,7470.13,-12.35,52.55,14.226,67.21,195.46,0.052,10.26,7474.39,7498.45,-16.61,-40.67,-24.06
2026-07-20,09:30,7512.14,,,,,24.05,0.0,,22.96,7477.99,7498.99,34.15,13.15,-21.0
2026-07-20,09:45,7483.41,,,,,31.71,28.73,0.201,-5.77,7478.5,7498.38,4.91,-14.97,-19.87
2026-07-20,10:00,7475.09,,,,,40.24,37.05,0.38,-14.09,7478.18,7497.46,-3.09,-22.37,-19.28
2026-07-20,10:15,7482.86,,,,,44.62,44.82,0.141,-6.32,7478.62,7496.89,4.24,-14.03,-18.27
2026-07-20,10:30,7474.84,,,,,44.62,52.84,0.271,-14.34,7478.26,7496.03,-3.42,-21.19,-17.76
2026-07-20,10:45,7466.02,,,,,50.86,61.66,0.376,-23.16,7477.1,7494.85,-11.08,-28.83,-17.75
2026-07-20,11:00,7473.48,,,,,50.86,69.12,0.227,-15.7,7476.75,7494.01,-3.27,-20.53,-17.26
2026-07-20,11:15,7484.35,,,,,50.86,79.99,0.06,-4.83,7477.48,7493.63,6.87,-9.28,-16.16
2026-07-20,11:30,7484.61,,,,,50.86,80.25,0.057,-4.57,7478.16,7493.28,6.45,-8.67,-15.12
2026-07-20,11:45,7485.56,,,,,50.86,81.2,0.045,-3.62,7478.86,7492.98,6.7,-7.42,-14.11
2026-07-20,12:00,7493.72,,,,,50.86,89.36,0.051,4.54,7480.28,7493.0,13.44,0.72,-12.73
2026-07-20,12:15,7490.75,,,,,50.86,92.33,0.017,1.57,7481.27,7492.92,9.48,-2.17,-11.64
2026-07-20,12:30,7479.53,,,,,50.86,103.55,0.093,-9.65,7481.11,7492.39,-1.58,-12.86,-11.28
2026-07-20,12:45,7475.29,,,,,50.86,107.79,0.129,-13.89,7480.55,7491.72,-5.26,-16.43,-11.17
2026-07-20,13:00,7464.88,,,30.01,14.959,50.86,118.2,0.206,-24.3,7479.06,7490.67,-14.18,-25.79,-11.61
2026-07-20,13:15,7466.84,,,31.24,14.533,51.85,120.16,0.186,-22.34,7477.9,7489.73,-11.06,-22.89,-11.84
2026-07-20,13:30,7463.19,,,30.17,14.157,51.85,123.81,0.21,-25.99,7476.5,7488.69,-13.31,-25.5,-12.2
2026-07-20,13:45,7471.11,,,35.31,13.935,51.85,131.73,0.137,-18.07,7475.98,7488.0,-4.87,-16.89,-12.02
2026-07-20,14:00,7475.95,,,38.3,13.405,51.85,136.57,0.097,-13.23,7475.98,7487.53,-0.03,-11.58,-11.55
2026-07-20,14:15,7470.54,7478.71,-8.17,36.28,13.316,51.85,141.98,0.131,-18.64,7475.46,7486.86,-4.92,-16.32,-11.4
2026-07-20,14:30,7450.8,7476.05,-25.25,30.06,13.779,62.43,161.72,0.237,-38.38,7473.11,7485.45,-22.31,-34.65,-12.34
2026-07-20,14:45,7452.87,7473.84,-20.97,31.39,13.325,63.69,163.79,0.222,-36.31,7471.19,7484.17,-18.32,-31.3,-12.99
2026-07-20,15:00,7442.83,7470.89,-28.06,28.56,13.387,70.4,173.83,0.267,-46.35,7468.48,7482.55,-25.65,-39.72,-14.07
2026-07-20,15:15,7452.14,7469.1,-16.96,34.46,13.363,72.7,183.14,0.202,-37.04,7466.93,7481.36,-14.79,-29.22,-14.43
2026-07-20,15:30,7454.69,7467.73,-13.04,36.02,13.067,72.7,185.69,0.186,-34.49,7465.76,7480.31,-11.07,-25.62,-14.55
2026-07-20,15:45,7444.73,7465.54,-20.81,32.74,13.252,72.7,195.65,0.227,-44.45,7463.76,7478.92,-19.03,-34.19,-15.16
2026-07-21,09:30,7470.75,,,,,23.45,0.0,,-19.2,7464.43,7478.6,6.32,-7.85,-14.17
2026-07-21,09:45,7478.63,,,,,24.64,7.88,1.437,-11.32,7465.78,7478.6,12.85,0.03,-12.82
2026-07-21,10:00,7482.15,,,,,24.64,11.4,0.684,-7.8,7467.34,7478.74,14.81,3.41,-11.4
2026-07-21,10:15,7493.8,,,,,26.91,23.05,0.167,3.85,7469.86,7479.33,23.94,14.47,-9.47
2026-07-21,10:30,7491.17,,,,,29.05,25.68,0.048,1.22,7471.89,7479.79,19.28,11.38,-7.91
2026-07-21,10:45,7492.72,,,,,29.05,27.23,0.102,2.77,7473.87,7480.3,18.85,12.42,-6.43
2026-07-21,11:00,7497.49,,,,,32.48,32.0,0.236,7.54,7476.12,7480.97,21.37,16.52,-4.85
2026-07-21,11:15,7504.72,,,,,37.29,39.23,0.376,14.77,7478.84,7481.9,25.88,22.82,-3.06
2026-07-21,11:30,7501.25,,,,,37.29,42.7,0.265,11.3,7480.98,7482.66,20.27,18.59,-1.69
2026-07-21,11:45,7499.52,,,,,37.29,44.43,0.215,9.57,7482.74,7483.32,16.78,16.2,-0.58
2026-07-21,12:00,7507.4,,,,,40.29,52.31,0.334,17.45,7485.09,7484.27,22.31,23.13,0.82
2026-07-21,12:15,7511.47,,,,,44.79,56.38,0.382,21.52,7487.6,7485.34,23.87,26.13,2.27
2026-07-21,12:30,7511.52,,,,,45.31,56.43,0.382,21.57,7489.88,7486.36,21.64,25.16,3.52
2026-07-21,12:45,7511.78,,,,,47.45,56.69,0.385,21.83,7491.97,7487.36,19.81,24.42,4.61
2026-07-21,13:00,7511.89,,,86.21,9.123,47.45,56.8,0.386,21.94,7493.87,7488.32,18.02,23.57,5.54
2026-07-21,13:15,7509.34,,,82.24,8.762,47.45,59.35,0.327,19.39,7495.34,7489.15,14.0,20.19,6.19
2026-07-21,13:30,7511.98,,,83.11,8.48,47.45,61.99,0.355,22.03,7496.92,7490.04,15.06,21.94,6.88
2026-07-21,13:45,7511.53,,,82.37,8.163,47.45,62.44,0.346,21.58,7498.31,7490.88,13.22,20.65,7.43
2026-07-21,14:00,7507.47,,,75.81,7.991,47.45,66.5,0.263,17.52,7499.19,7491.53,8.28,15.94,7.65
2026-07-21,14:15,7507.45,7500.7,6.75,75.78,7.695,47.45,66.52,0.263,17.5,7499.97,7492.16,7.48,15.29,7.82
2026-07-21,14:30,7510.97,7501.68,9.29,77.58,7.624,47.45,70.04,0.3,21.02,7501.02,7492.9,9.95,18.07,8.13
2026-07-21,14:45,7509.04,7502.38,6.66,74.33,7.389,47.45,71.97,0.265,19.09,7501.78,7493.53,7.26,15.51,8.26
2026-07-21,15:00,7507.76,7502.89,4.87,72.17,7.137,47.45,73.25,0.243,17.81,7502.35,7494.09,5.41,13.67,8.27
2026-07-21,15:15,7507.66,7503.35,4.31,71.99,6.83,47.45,73.35,0.241,17.71,7502.86,7494.62,4.8,13.04,8.24
2026-07-21,15:30,7510.71,7504.05,6.66,74.07,6.683,47.45,76.4,0.272,20.76,7503.61,7495.25,7.1,15.46,8.36
2026-07-21,15:45,7507.32,7504.36,2.96,68.03,6.555,47.45,79.79,0.218,17.37,7503.96,7495.72,3.36,11.6,8.24
2026-07-22,09:30,7501.3,,,,,16.67,0.0,,3.83,7503.71,7495.94,-2.41,5.36,7.76
2026-07-22,09:45,7513.24,,,,,27.39,11.94,1.321,15.77,7504.61,7496.62,8.63,16.62,7.99
2026-07-22,10:00,7507.79,,,,,33.37,17.39,0.593,10.32,7504.92,7497.06,2.87,10.73,7.86
2026-07-22,10:15,7499.0,,,,,33.37,26.18,0.058,1.53,7504.35,7497.13,-5.35,1.87,7.22
2026-07-22,10:30,7493.33,,,,,33.37,31.85,0.13,-4.14,7503.3,7496.99,-9.97,-3.66,6.32
2026-07-22,10:45,7505.1,,,,,33.37,43.62,0.175,7.63,7503.47,7497.3,1.63,7.8,6.17
2026-07-22,11:00,7514.83,,,,,33.37,53.35,0.325,17.36,7504.56,7497.99,10.27,16.84,6.57
2026-07-22,11:15,7519.8,,,,,36.37,58.32,0.383,22.33,7506.01,7498.85,13.79,20.95,7.16
2026-07-22,11:30,7515.3,,,,,36.37,62.82,0.284,17.83,7506.89,7499.49,8.41,15.81,7.4
2026-07-22,11:45,7523.0,,,,,37.2,70.52,0.362,25.53,7508.43,7500.41,14.57,22.59,8.01
2026-07-22,12:00,7523.02,,,,,38.93,70.54,0.362,25.55,7509.82,7501.3,13.2,21.72,8.52
2026-07-22,12:15,7524.13,,,,,39.48,71.65,0.372,26.66,7511.18,7502.2,12.95,21.93,8.98
2026-07-22,12:30,7522.96,,,,,40.09,72.82,0.35,25.49,7512.3,7503.01,10.66,19.95,9.29
2026-07-22,12:45,7523.88,,,,,40.09,73.74,0.358,26.41,7513.4,7503.83,10.48,20.05,9.58
2026-07-22,13:00,7518.99,,,61.25,8.757,40.09,78.63,0.274,21.52,7513.94,7504.42,5.05,14.57,9.51
2026-07-22,13:15,7516.18,,,58.98,8.436,40.09,81.44,0.23,18.71,7514.15,7504.88,2.03,11.3,9.27
2026-07-22,13:30,7516.67,,,59.26,8.181,40.09,81.93,0.234,19.2,7514.39,7505.35,2.28,11.32,9.04
2026-07-22,13:45,7510.1,,,53.88,8.169,40.09,88.5,0.143,12.63,7513.98,7505.53,-3.88,4.57,8.45
2026-07-22,14:00,7506.25,,,50.97,8.063,40.09,92.35,0.095,8.78,7513.25,7505.56,-7.0,0.69,7.68
2026-07-22,14:15,7510.25,7513.26,-3.01,53.77,7.856,40.09,96.35,0.133,12.78,7512.96,7505.74,-2.71,4.51,7.22
2026-07-22,14:30,7508.57,7512.81,-4.24,52.41,7.621,40.09,98.03,0.113,11.1,7512.54,7505.86,-3.97,2.71,6.69
2026-07-22,14:45,7509.73,7512.52,-2.79,53.29,7.443,40.09,99.19,0.124,12.26,7512.27,7506.01,-2.54,3.72,6.27
2026-07-22,15:00,7504.56,7511.76,-7.2,48.97,7.377,40.09,104.36,0.068,7.09,7511.54,7505.95,-6.98,-1.39,5.59
2026-07-22,15:15,7504.84,7511.1,-6.26,49.21,7.278,40.09,104.64,0.07,7.37,7510.9,7505.91,-6.06,-1.07,4.99
2026-07-22,15:30,7502.39,7510.27,-7.88,47.12,7.242,40.09,107.09,0.046,4.92,7510.09,7505.77,-7.7,-3.38,4.32
2026-07-22,15:45,7499.44,7509.24,-9.8,44.66,7.286,40.09,110.04,0.018,1.97,7509.08,7505.52,-9.64,-6.08,3.56
2026-07-23,09:30,7443.63,,,,,41.88,0.0,,25.34,7502.84,7503.09,-59.21,-59.46,-0.25
2026-07-23,09:45,7421.41,,,,,41.88,22.22,0.14,3.12,7495.09,7499.89,-73.68,-78.48,-4.8
2026-07-23,10:00,7421.53,,,,,41.88,22.34,0.145,3.24,7488.08,7496.82,-66.55,-75.29,-8.74
2026-07-23,10:15,7422.96,,,,,41.88,23.77,0.196,4.67,7481.88,7493.92,-58.92,-70.96,-12.04
2026-07-23,10:30,7412.95,,,,,41.88,33.78,0.158,-5.34,7475.32,7490.75,-62.37,-77.8,-15.43
2026-07-23,10:45,7407.04,,,,,46.06,39.69,0.283,-11.25,7468.81,7487.46,-61.77,-80.42,-18.65
2026-07-23,11:00,7390.02,,,,,61.84,56.71,0.499,-28.27,7461.31,7483.64,-71.29,-93.62,-22.33
2026-07-23,11:15,7383.23,,,,,68.12,63.5,0.552,-35.06,7453.87,7479.7,-70.64,-96.47,-25.83
2026-07-23,11:30,7390.64,,,,,74.12,70.91,0.39,-27.65,7447.85,7476.21,-57.21,-85.57,-28.36
2026-07-23,11:45,7402.04,,,,,74.12,82.31,0.197,-16.25,7443.49,7473.3,-41.45,-71.26,-29.81
2026-07-23,12:00,7410.62,,,,,74.12,90.89,0.084,-7.67,7440.36,7470.84,-29.74,-60.22,-30.49
2026-07-23,12:15,7418.41,,,,,74.12,98.68,0.001,0.12,7438.27,7468.79,-19.86,-50.38,-30.52
2026-07-23,12:30,7414.69,,,,,74.12,102.4,0.035,-3.6,7436.02,7466.67,-21.33,-51.98,-30.65
2026-07-23,12:45,7410.61,,,,,74.12,106.48,0.072,-7.68,7433.6,7464.47,-22.99,-53.86,-30.87
2026-07-23,13:00,7410.86,,,34.65,16.108,74.12,106.73,0.07,-7.43,7431.44,7462.37,-20.58,-51.51,-30.93
2026-07-23,13:15,7412.44,,,35.67,15.599,74.12,108.31,0.054,-5.85,7429.63,7460.41,-17.19,-47.97,-30.78
2026-07-23,13:30,7401.81,,,32.03,15.559,74.12,118.94,0.139,-16.48,7426.98,7458.11,-25.17,-56.3,-31.13
2026-07-23,13:45,7396.26,,,30.29,15.237,74.12,124.49,0.177,-22.03,7424.05,7455.68,-27.79,-59.42,-31.63
2026-07-23,14:00,7394.33,,,29.69,14.554,74.12,126.42,0.19,-23.96,7421.22,7453.28,-26.89,-58.95,-32.06
2026-07-23,14:15,7398.29,7408.19,-9.9,32.65,13.944,74.12,130.38,0.153,-20.0,7419.04,7451.12,-20.75,-52.83,-32.08
2026-07-23,14:30,7392.49,7406.69,-14.2,30.62,13.692,74.12,136.18,0.189,-25.8,7416.51,7448.82,-24.02,-56.33,-32.31
2026-07-23,14:45,7394.46,7405.53,-11.07,32.17,13.272,74.12,138.15,0.172,-23.83,7414.41,7446.69,-19.95,-52.23,-32.28
2026-07-23,15:00,7390.21,7404.07,-13.86,30.58,12.94,74.12,142.4,0.197,-28.08,7412.1,7444.48,-21.89,-54.27,-32.37
2026-07-23,15:15,7398.85,7403.57,-4.72,37.34,12.918,74.12,151.04,0.129,-19.44,7410.84,7442.69,-11.99,-43.84,-31.84
2026-07-23,15:30,7387.08,7402.0,-14.92,32.67,12.981,74.12,162.81,0.192,-31.21,7408.58,7440.51,-21.5,-53.43,-31.93
2026-07-23,15:45,7408.18,7402.59,5.59,45.76,14.083,74.12,183.91,0.055,-10.11,7408.54,7439.24,-0.36,-31.06,-30.7
2026-07-24,09:30,7411.83,,,,,14.84,0.0,,5.53,7408.85,7438.16,2.98,-26.33,-29.31
2026-07-24,09:45,7399.53,,,,,25.16,12.3,0.55,-6.77,7407.97,7436.65,-8.44,-37.12,-28.68
2026-07-24,10:00,7419.09,,,,,25.43,31.86,0.401,12.79,7409.03,7435.96,10.06,-16.87,-26.93
2026-07-24,10:15,7415.94,,,,,25.43,35.01,0.275,9.64,7409.68,7435.18,6.26,-19.24,-25.49
2026-07-24,10:30,7402.22,,,,,25.43,48.73,0.084,-4.08,7408.97,7433.88,-6.75,-31.66,-24.91
2026-07-24,10:45,7429.69,,,,,32.43,76.2,0.307,23.39,7410.95,7433.72,18.74,-4.03,-22.77
2026-07-24,11:00,7442.81,,,,,47.0,89.32,0.409,36.51,7413.98,7434.07,28.83,8.74,-20.09
2026-07-24,11:15,7448.96,,,,,56.94,95.47,0.447,42.66,7417.31,7434.66,31.65,14.3,-17.35
2026-07-24,11:30,7446.63,,,,,58.99,97.8,0.412,40.33,7420.1,7435.13,26.53,11.5,-15.02
2026-07-24,11:45,7453.65,,,,,58.99,104.82,0.452,47.35,7423.3,7435.85,30.35,17.8,-12.56
2026-07-24,12:00,7453.91,,,,,63.41,105.08,0.453,47.61,7426.21,7436.56,27.7,17.35,-10.35
2026-07-24,12:15,7455.58,,,,,63.41,106.75,0.462,49.28,7429.01,7437.31,26.57,18.27,-8.3
2026-07-24,12:30,7440.7,,,,,63.41,121.63,0.283,34.4,7430.12,7437.44,10.58,3.26,-7.32
2026-07-24,12:45,7439.06,,,,,63.41,123.27,0.266,32.76,7430.98,7437.5,8.08,1.56,-6.53
2026-07-24,13:00,7433.24,,,58.29,16.716,63.41,129.09,0.209,26.94,7431.19,7437.34,2.05,-4.1,-6.15
2026-07-24,13:15,7441.21,,,60.89,16.305,63.41,137.06,0.255,34.91,7432.15,7437.49,9.06,3.72,-5.34
2026-07-24,13:30,7434.58,,,57.67,15.921,63.41,143.69,0.197,28.28,7432.38,7437.38,2.2,-2.8,-5.0
2026-07-24,13:45,7433.91,,,57.34,15.199,63.41,144.36,0.191,27.61,7432.52,7437.24,1.39,-3.33,-4.72
2026-07-24,14:00,7429.57,,,55.14,14.646,63.41,148.7,0.156,23.27,7432.24,7436.94,-2.67,-7.37,-4.7
2026-07-24,14:15,7413.98,7432.3,-18.32,48.01,14.76,63.41,164.29,0.047,7.68,7430.5,7436.04,-16.52,-22.06,-5.54
2026-07-24,14:30,7402.13,7429.43,-27.3,43.41,14.769,63.41,176.14,0.024,-4.17,7427.8,7434.71,-25.67,-32.58,-6.91
2026-07-24,14:45,7407.46,7427.34,-19.88,45.92,14.35,63.41,181.47,0.006,1.16,7425.86,7433.64,-18.4,-26.18,-7.78
2026-07-24,15:00,7399.34,7424.67,-25.33,42.81,14.299,63.41,189.59,0.037,-6.96,7423.34,7432.29,-24.0,-32.95,-8.96
2026-07-24,15:15,7399.99,7422.32,-22.33,43.14,13.755,64.45,190.24,0.033,-6.31,7421.11,7431.03,-21.12,-31.04,-9.91
2026-07-24,15:30,7405.77,7420.74,-14.97,46.14,13.457,64.45,196.02,0.003,-0.53,7419.65,7430.04,-13.88,-24.27,-10.39
2026-07-24,15:45,7412.88,7420.0,-7.12,49.65,13.531,64.45,203.13,0.032,6.58,7419.01,7429.36,-6.13,-16.48,-10.36
2026-07-27,09:30,7459.07,,,,,21.68,0.0,,-5.13,7422.82,7430.53,36.25,28.54,-7.71
2026-07-27,09:45,7441.2,,,,,39.37,17.87,1.287,-23.0,7424.57,7430.95,16.63,10.25,-6.37
2026-07-27,10:00,7433.5,,,,,51.67,25.57,1.201,-30.7,7425.42,7431.05,8.08,2.45,-5.62
2026-07-27,10:15,7406.15,,,,,75.07,52.92,1.097,-58.05,7423.59,7430.07,-17.44,-23.92,-6.48
2026-07-27,10:30,7390.65,,,,,92.24,68.42,1.075,-73.55,7420.45,7428.53,-29.8,-37.88,-8.07
2026-07-27,10:45,7420.44,,,,,92.24,98.21,0.446,-43.76,7420.45,7428.21,-0.01,-7.77,-7.76
2026-07-27,11:00,7417.9,,,,,92.24,100.75,0.46,-46.3,7420.21,7427.8,-2.31,-9.9,-7.6
2026-07-27,11:15,7405.94,,,,,92.24,112.71,0.517,-58.26,7418.85,7426.95,-12.91,-21.01,-8.1
2026-07-27,11:30,7397.0,,,,,94.02,121.65,0.552,-67.2,7416.77,7425.77,-19.77,-28.77,-9.01
2026-07-27,11:45,7397.94,,,,,94.02,122.59,0.541,-66.26,7414.97,7424.68,-17.03,-26.74,-9.71
2026-07-27,12:00,7397.96,,,,,94.02,122.61,0.54,-66.24,7413.35,7423.63,-15.39,-25.67,-10.28
2026-07-27,12:15,7410.95,,,,,94.02,135.6,0.393,-53.25,7413.12,7423.14,-2.17,-12.19,-10.01
2026-07-27,12:30,7407.11,,,,,94.02,139.44,0.409,-57.09,7412.55,7422.51,-5.44,-15.4,-9.96
2026-07-27,12:45,7394.46,,,,,94.02,152.09,0.459,-69.74,7410.83,7421.41,-16.37,-26.95,-10.58
2026-07-27,13:00,7390.22,,,27.98,19.027,95.84,156.33,0.473,-73.98,7408.87,7420.18,-18.65,-29.96,-11.32
2026-07-27,13:15,7385.5,,,27.1,18.245,97.83,161.05,0.489,-78.7,7406.64,7418.82,-21.14,-33.32,-12.18
2026-07-27,13:30,7391.59,,,30.15,17.701,97.83,167.14,0.434,-72.61,7405.21,7417.76,-13.62,-26.17,-12.55
2026-07-27,13:45,7401.25,,,34.82,17.3,97.83,176.8,0.356,-62.95,7404.83,7417.11,-3.58,-15.86,-12.28
2026-07-27,14:00,7401.35,,,34.87,16.371,97.83,176.9,0.355,-62.85,7404.5,7416.49,-3.15,-15.14,-11.99
2026-07-27,14:15,7399.64,7407.49,-7.85,34.4,15.737,97.83,178.61,0.361,-64.56,7404.04,7415.83,-4.4,-16.19,-11.79
2026-07-27,14:30,7398.47,7406.63,-8.16,34.06,15.296,97.83,179.78,0.366,-65.73,7403.51,7415.15,-5.04,-16.68,-11.64
2026-07-27,14:45,7414.32,7407.36,6.96,42.36,15.504,97.83,195.63,0.255,-49.88,7404.54,7415.12,9.78,-0.8,-10.58
2026-07-27,15:00,7414.33,7408.03,6.3,42.36,15.14,97.83,195.64,0.255,-49.87,7405.47,7415.09,8.86,-0.76,-9.62
2026-07-27,15:15,7420.4,7409.21,11.19,45.41,14.556,97.83,201.71,0.217,-43.8,7406.89,7415.29,13.51,5.11,-8.4
2026-07-27,15:30,7413.04,7409.57,3.47,42.48,14.243,97.83,209.07,0.245,-51.16,7407.48,7415.21,5.56,-2.17,-7.73
2026-07-27,15:45,7413.43,7409.94,3.49,42.69,13.706,97.83,209.46,0.242,-50.77,7408.04,7415.14,5.39,-1.71,-7.09
2026-07-28,09:30,7392.24,,,,,24.41,0.0,,-3.31,7406.54,7414.24,-14.3,-22.0,-7.7
2026-07-28,09:45,7387.82,,,,,30.15,4.42,1.749,-7.73,7404.76,7413.2,-16.94,-25.38,-8.45
2026-07-28,10:00,7388.5,,,,,30.15,5.1,1.382,-7.05,7403.21,7412.23,-14.71,-23.73,-9.03
2026-07-28,10:15,7399.91,,,,,30.15,16.51,0.264,4.36,7402.89,7411.75,-2.98,-11.84,-8.86
2026-07-28,10:30,7405.97,,,,,30.15,22.57,0.462,10.42,7403.19,7411.52,2.78,-5.55,-8.34
2026-07-28,10:45,7409.95,,,,,38.02,26.55,0.542,14.4,7403.83,7411.46,6.12,-1.51,-7.63
2026-07-28,11:00,7416.94,,,,,38.02,33.54,0.638,21.39,7405.08,7411.68,11.86,5.26,-6.6
2026-07-28,11:15,7435.22,,,,,60.16,51.82,0.766,39.67,7407.95,7412.6,27.27,22.62,-4.65
2026-07-28,11:30,7444.44,,,,,61.56,61.04,0.801,48.89,7411.42,7413.85,33.02,30.59,-2.42
2026-07-28,11:45,7446.07,,,,,65.58,62.67,0.806,50.52,7414.72,7415.11,31.35,30.96,-0.39
2026-07-28,12:00,7439.63,,,,,65.58,69.11,0.638,44.08,7417.1,7416.07,22.53,23.56,1.02
2026-07-28,12:15,7436.5,,,,,65.58,72.24,0.567,40.95,7418.94,7416.87,17.56,19.63,2.07
2026-07-28,12:30,7443.42,,,,,65.58,79.16,0.605,47.87,7421.28,7417.92,22.14,25.5,3.36
2026-07-28,12:45,7450.03,,,,,69.14,85.77,0.635,54.48,7424.01,7419.18,26.02,30.85,4.84
2026-07-28,13:00,7437.17,,,72.78,15.018,69.14,98.63,0.422,41.62,7425.27,7419.88,11.9,17.29,5.39
2026-07-28,13:15,7436.86,,,72.53,14.664,69.14,98.94,0.418,41.31,7426.37,7420.55,10.49,16.31,5.82
2026-07-28,13:30,7431.51,,,68.25,14.511,69.14,104.29,0.345,35.96,7426.86,7420.98,4.65,10.53,5.88
2026-07-28,13:45,7435.68,,,69.75,14.044,69.14,108.46,0.37,40.13,7427.7,7421.55,7.98,14.13,6.15
2026-07-28,14:00,7428.19,,,63.92,13.81,69.14,115.95,0.282,32.64,7427.75,7421.81,0.44,6.38,5.93
2026-07-28,14:15,7429.09,7424.76,4.33,64.3,13.185,69.14,116.85,0.287,33.54,7427.87,7422.1,1.22,6.99,5.78
2026-07-28,14:30,7430.57,7425.31,5.26,64.97,12.668,69.14,118.33,0.296,35.02,7428.13,7422.43,2.44,8.14,5.7
2026-07-28,14:45,7438.19,7426.54,11.65,68.24,12.407,69.14,125.95,0.339,42.64,7429.09,7423.05,9.1,15.14,6.04
2026-07-28,15:00,7437.97,7427.63,10.34,68.05,11.98,69.14,126.17,0.336,42.42,7429.94,7423.63,8.03,14.34,6.3
2026-07-28,15:15,7440.3,7428.83,11.47,69.07,11.53,69.14,128.5,0.348,44.75,7430.92,7424.29,9.38,16.01,6.63
2026-07-28,15:30,7436.37,7429.55,6.82,65.27,11.284,69.14,132.43,0.308,40.82,7431.44,7424.76,4.93,11.61,6.68
2026-07-28,15:45,7427.26,7429.33,-2.07,57.4,11.365,69.14,141.54,0.224,31.71,7431.04,7424.86,-3.78,2.4,6.18
2026-07-29,09:30,7421.33,,,,,15.72,0.0,,3.17,7430.12,7424.72,-8.79,-3.39,5.4
2026-07-29,09:45,7396.8,,,,,36.73,24.53,0.871,-21.36,7426.94,7423.63,-30.14,-26.83,3.32
2026-07-29,10:00,7376.75,,,,,52.13,44.58,0.929,-41.41,7422.16,7421.79,-45.41,-45.04,0.38
2026-07-29,10:15,7372.64,,,,,60.14,48.69,0.935,-45.52,7417.45,7419.86,-44.81,-47.22,-2.41
2026-07-29,10:30,7364.83,,,,,64.92,56.5,0.944,-53.33,7412.44,7417.7,-47.61,-52.87,-5.27
2026-07-29,10:45,7371.31,,,,,64.92,62.98,0.744,-46.85,7408.52,7415.88,-37.21,-44.57,-7.36
2026-07-29,11:00,7369.36,,,,,64.92,64.93,0.752,-48.8,7404.79,7414.06,-35.43,-44.7,-9.27
2026-07-29,11:15,7366.95,,,,,64.92,67.34,0.76,-51.21,7401.19,7412.21,-34.24,-45.26,-11.02
2026-07-29,11:30,7363.01,,,,,66.14,71.28,0.774,-55.15,7397.55,7410.28,-34.54,-47.27,-12.73
2026-07-29,11:45,7360.62,,,,,72.77,73.67,0.781,-57.54,7394.03,7408.33,-33.41,-47.71,-14.3
2026-07-29,12:00,7343.53,,,,,82.85,90.76,0.822,-74.63,7389.22,7405.79,-45.69,-62.26,-16.57
2026-07-29,12:15,7361.36,,,,,85.13,108.59,0.523,-56.8,7386.57,7404.05,-25.21,-42.69,-17.48
2026-07-29,12:30,7354.91,,,,,85.13,115.04,0.55,-63.25,7383.55,7402.12,-28.64,-47.21,-18.57
2026-07-29,12:45,7371.39,,,,,85.13,131.52,0.356,-46.77,7382.4,7400.92,-11.01,-29.53,-18.52
2026-07-29,13:00,7388.97,,,39.15,18.684,85.13,149.1,0.196,-29.19,7383.02,7400.45,5.95,-11.48,-17.43
2026-07-29,13:15,7381.46,,,37.13,18.371,85.13,156.61,0.234,-36.7,7382.87,7399.7,-1.41,-18.24,-16.83
2026-07-29,13:30,7380.65,,,36.91,17.767,85.13,157.42,0.238,-37.51,7382.66,7398.96,-2.01,-18.31,-16.3
2026-07-29,13:45,7387.24,,,40.03,17.236,85.13,164.01,0.189,-30.92,7383.1,7398.5,4.14,-11.26,-15.4
2026-07-29,14:00,7397.07,,,44.45,18.249,85.13,173.84,0.121,-21.09,7384.43,7398.44,12.64,-1.37,-14.01
2026-07-29,14:15,7396.6,7376.34,20.26,44.28,18.249,85.13,174.31,0.124,-21.56,7385.59,7398.37,11.01,-1.77,-12.78
2026-07-29,14:30,7431.64,7381.61,50.03,57.25,20.378,91.59,209.35,0.064,13.48,7389.97,7399.67,41.67,31.97,-9.7
2026-07-29,14:45,7442.97,7387.45,55.52,60.45,20.45,109.59,220.68,0.112,24.81,7395.02,7401.37,47.95,41.6,-6.35
2026-07-29,15:00,7412.39,7389.83,22.56,49.64,22.287,109.59,251.26,0.023,-5.77,7396.68,7401.8,15.71,10.59,-5.13
2026-07-29,15:15,7375.17,7388.43,-13.26,40.21,24.513,109.59,288.48,0.149,-42.99,7394.63,7400.76,-19.46,-25.59,-6.13
2026-07-29,15:30,7335.3,7383.37,-48.07,32.98,26.171,117.94,328.35,0.252,-82.86,7388.98,7398.19,-53.68,-62.89,-9.22
2026-07-29,15:45,7320.23,7377.36,-57.13,30.73,26.371,136.92,343.42,0.285,-97.93,7382.43,7395.14,-62.2,-74.91,-12.71
2026-07-30,09:30,7390.09,,,,,20.96,0.0,,-0.36,7383.16,7394.94,6.93,-4.85,-11.78
2026-07-30,09:45,7410.98,,,,,40.0,20.89,0.983,20.53,7385.81,7395.57,25.17,15.41,-9.76
2026-07-30,10:00,7404.14,,,,,43.05,27.73,0.494,13.69,7387.55,7395.9,16.59,8.24,-8.35
2026-07-30,10:15,7410.88,,,,,45.69,34.47,0.593,20.43,7389.78,7396.49,21.1,14.39,-6.71
2026-07-30,10:30,7403.14,,,,,45.69,42.21,0.301,12.69,7391.05,7396.75,12.09,6.39,-5.7
2026-07-30,10:45,7386.74,,,,,45.69,58.61,0.063,-3.71,7390.64,7396.36,-3.9,-9.62,-5.72
2026-07-30,11:00,7374.06,,,,,45.69,71.29,0.23,-16.39,7389.06,7395.48,-15.0,-21.42,-6.42
2026-07-30,11:15,7373.08,,,,,46.38,72.27,0.24,-17.37,7387.54,7394.61,-14.46,-21.53,-7.07
2026-07-30,11:30,7391.03,,,,,46.38,90.22,0.006,0.58,7387.87,7394.47,3.16,-3.44,-6.6
2026-07-30,11:45,7395.74,,,,,46.38,94.93,0.056,5.29,7388.62,7394.52,7.12,1.22,-5.9
2026-07-30,12:00,7413.19,,,,,46.38,112.38,0.202,22.74,7390.96,7395.25,22.23,17.94,-4.29
2026-07-30,12:15,7411.94,,,,,46.38,113.63,0.189,21.49,7392.96,7395.9,18.98,16.04,-2.94
2026-07-30,12:30,7404.31,,,,,46.38,121.26,0.114,13.86,7394.04,7396.23,10.27,8.08,-2.19
2026-07-30,12:45,7413.96,,,,,46.38,130.91,0.18,23.51,7395.94,7396.93,18.02,17.03,-0.99
2026-07-30,13:00,7421.75,,,61.41,16.258,54.27,138.7,0.226,31.3,7398.39,7397.9,23.36,23.85,0.49
2026-07-30,13:15,7421.15,,,61.13,15.494,55.06,139.3,0.22,30.7,7400.56,7398.81,20.59,22.34,1.75
2026-07-30,13:30,7423.33,,,61.82,15.033,55.06,141.48,0.232,32.88,7402.73,7399.77,20.6,23.56,2.96
2026-07-30,13:45,7421.91,,,61.06,14.435,56.75,142.9,0.22,31.46,7404.56,7400.64,17.35,21.27,3.91
2026-07-30,14:00,7426.18,,,62.55,13.767,56.75,147.17,0.243,35.73,7406.62,7401.64,19.56,24.54,4.97
2026-07-30,14:15,7427.8,7406.27,21.53,63.13,13.029,57.14,148.79,0.251,37.35,7408.63,7402.67,19.17,25.13,5.96
2026-07-30,14:30,7427.2,7408.26,18.94,62.75,12.493,58.7,149.39,0.246,36.75,7410.4,7403.63,16.8,23.57,6.77
2026-07-30,14:45,7431.23,7410.45,20.78,64.33,11.944,60.72,153.42,0.266,40.78,7412.39,7404.71,18.84,26.52,7.67
2026-07-30,15:00,7445.06,7413.75,31.31,69.17,12.215,75.88,167.25,0.327,54.61,7415.5,7406.3,29.56,38.76,9.2
2026-07-30,15:15,7441.78,7416.42,25.36,66.85,11.868,77.77,170.53,0.301,51.33,7418.0,7407.69,23.78,34.09,10.31
2026-07-30,15:30,7441.63,7418.82,22.81,66.74,11.4,77.77,170.68,0.3,51.18,7420.25,7409.02,21.38,32.61,11.23
2026-07-30,15:45,7437.53,7420.6,16.93,63.66,11.335,77.77,174.78,0.269,47.08,7421.9,7410.14,15.63,27.39,11.76
2026-07-31,09:30,7454.74,,,,,36.31,0.0,,-7.39,7425.02,7411.89,29.72,42.85,13.14
2026-07-31,09:45,7443.41,,,,,49.88,11.33,1.652,-18.72,7426.78,7413.12,16.63,30.29,13.65
2026-07-31,10:00,7407.59,,,,,86.05,47.15,1.157,-54.54,7424.95,7412.9,-17.36,-5.31,12.04
2026-07-31,10:15,7428.3,,,,,89.69,67.86,0.499,-33.83,7425.27,7413.51,3.03,14.79,11.76
2026-07-31,10:30,7439.08,,,,,89.69,78.64,0.293,-23.05,7426.58,7414.51,12.5,24.57,12.07
2026-07-31,10:45,7448.82,,,,,89.69,88.38,0.151,-13.31,7428.7,7415.86,20.12,32.96,12.84
2026-07-31,11:00,7445.39,,,,,89.69,91.81,0.182,-16.74,7430.29,7417.02,15.1,28.37,13.28
2026-07-31,11:15,7425.21,,,,,89.69,111.99,0.33,-36.92,7429.81,7417.34,-4.6,7.87,12.47
2026-07-31,11:30,7440.64,,,,,89.69,127.42,0.169,-21.49,7430.84,7418.25,9.8,22.39,12.59
2026-07-31,11:45,7454.07,,,,,89.69,140.85,0.057,-8.06,7433.05,7419.65,21.02,34.42,13.4
2026-07-31,12:00,7458.17,,,,,89.69,144.95,0.027,-3.96,7435.44,7421.17,22.73,37.0,14.28
2026-07-31,12:15,7467.19,,,,,89.69,153.97,0.033,5.06,7438.47,7422.97,28.72,44.22,15.5
2026-07-31,12:30,7465.04,,,,,89.69,156.12,0.019,2.91,7441.0,7424.62,24.04,40.42,16.38
2026-07-31,12:45,7470.26,,,,,89.69,161.34,0.05,8.13,7443.78,7426.41,26.48,43.85,17.37
2026-07-31,13:00,7475.86,,,56.33,19.013,89.69,166.94,0.082,13.73,7446.84,7428.35,29.02,47.51,18.49
2026-07-31,13:15,7486.79,,,59.2,18.587,89.69,177.87,0.139,24.66,7450.64,7430.64,36.15,56.15,20.0
2026-07-31,13:30,7482.52,,,57.61,17.88,89.69,182.14,0.112,20.39,7453.68,7432.68,28.84,49.84,21.0
2026-07-31,13:45,7477.83,,,55.83,17.266,89.69,186.83,0.084,15.7,7455.98,7434.45,21.85,43.38,21.53
2026-07-31,14:00,7480.58,,,56.67,16.517,89.69,189.58,0.097,18.45,7458.32,7436.26,22.26,44.32,22.07
2026-07-31,14:15,7483.45,7456.75,26.7,57.58,15.903,89.69,192.45,0.111,21.32,7460.72,7438.11,22.73,45.34,22.61
2026-07-31,14:30,7483.98,7459.34,24.64,57.76,15.182,89.69,192.98,0.113,21.85,7462.93,7439.91,21.05,44.07,23.03
2026-07-31,14:45,7485.08,7461.79,23.29,58.15,14.504,89.69,194.08,0.118,22.95,7465.04,7441.68,20.04,43.4,23.36
2026-07-31,15:00,7486.62,7464.16,22.46,58.73,13.971,89.69,195.62,0.125,24.49,7467.1,7443.44,19.52,43.18,23.66
2026-07-31,15:15,7498.18,7467.4,30.78,62.85,14.108,102.68,207.18,0.174,36.05,7470.06,7445.59,28.12,52.59,24.47
2026-07-31,15:30,7504.07,7470.89,33.18,64.78,13.955,104.65,213.07,0.197,41.94,7473.3,7447.88,30.77,56.19,25.42
2026-07-31,15:45,7489.52,7472.66,16.86,56.91,14.673,112.21,227.62,0.12,27.39,7474.84,7449.51,14.68,40.01,25.33
2026-08-03,09:30,7540.39,,,,,39.28,0.0,,35.61,7481.08,7453.08,59.31,87.31,28.01
2026-08-03,09:45,7561.14,,,,,56.36,20.75,2.716,56.36,7488.71,7457.31,72.43,103.83,31.39
2026-08-03,10:00,7563.66,,,,,60.61,23.27,2.53,58.88,7495.85,7461.48,67.81,102.18,34.36
2026-08-03,10:15,7569.76,,,,,67.67,29.37,2.212,64.98,7502.89,7465.73,66.87,104.03,37.16
2026-08-03,10:30,7573.16,,,,,71.68,32.77,2.087,68.38,7509.58,7469.94,63.58,103.22,39.64
2026-08-03,10:45,7578.7,,,,,74.01,38.31,1.93,73.92,7516.16,7474.21,62.54,104.49,41.95
2026-08-03,11:00,7574.5,,,,,74.23,42.51,1.64,69.72,7521.72,7478.14,52.78,96.36,43.58
2026-08-03,11:15,7575.39,,,,,76.96,43.4,1.627,70.61,7526.83,7481.96,48.56,93.43,44.87
2026-08-03,11:30,7581.22,,,,,78.02,49.23,1.553,76.44,7532.01,7485.85,49.21,95.37,46.16
2026-08-03,11:45,7584.4,,,,,81.93,52.41,1.519,79.62,7537.0,7489.71,47.4,94.69,47.29
2026-08-03,12:00,7584.44,,,,,81.93,52.45,1.519,79.66,7541.52,7493.43,42.92,91.01,48.09
2026-08-03,12:15,7590.32,,,,,85.59,58.33,1.466,85.54,7546.16,7497.23,44.16,93.09,48.94
2026-08-03,12:30,7589.4,,,,,85.79,59.25,1.428,84.62,7550.28,7500.84,39.12,88.56,49.44
2026-08-03,12:45,7586.47,,,,,85.79,62.18,1.314,81.69,7553.73,7504.2,32.74,82.27,49.53
2026-08-03,13:00,7589.68,,,87.69,7.938,85.85,65.39,1.298,84.9,7557.15,7507.55,32.53,82.13,49.6
2026-08-03,13:15,7595.14,,,88.7,7.847,91.39,70.85,1.275,90.36,7560.77,7510.99,34.37,84.15,49.78
2026-08-03,13:30,7597.4,,,89.11,7.565,93.6,73.11,1.267,92.62,7564.26,7514.38,33.14,83.02,49.88
2026-08-03,13:45,7601.19,,,89.76,7.387,97.65,76.9,1.254,96.41,7567.78,7517.78,33.41,83.41,50.0
2026-08-03,14:00,7604.87,,,90.37,7.367,103.21,80.58,1.242,100.09,7571.31,7521.2,33.56,83.67,50.11
2026-08-03,14:15,7600.05,7582.06,17.99,83.4,7.435,103.21,85.4,1.116,95.27,7574.05,7524.29,26.0,75.76,49.76
2026-08-03,14:30,7605.45,7584.29,21.16,84.81,7.45,103.21,90.8,1.109,100.67,7577.04,7527.47,28.41,77.98,49.57
2026-08-03,14:45,7603.6,7586.13,17.47,82.23,7.289,103.21,92.65,1.067,98.82,7579.57,7530.46,24.03,73.14,49.11
2026-08-03,15:00,7605.99,7588.02,17.97,82.95,7.229,105.26,95.04,1.065,101.21,7582.08,7533.42,23.91,72.57,48.67
2026-08-03,15:15,7607.43,7589.87,17.56,83.39,6.962,105.26,96.48,1.064,102.65,7584.5,7536.32,22.93,71.11,48.18
2026-08-03,15:30,7604.97,7591.31,13.66,79.63,6.892,105.26,98.94,1.013,100.19,7586.45,7539.01,18.52,65.96,47.43
2026-08-03,15:45,7599.97,7592.13,7.84,72.47,7.077,105.26,103.94,0.916,95.19,7587.74,7541.4,12.23,58.57,46.33
2026-08-04,09:30,7642.78,,,,,18.76,0.0,,12.16,7592.98,7545.38,49.8,97.4,47.6
2026-08-04,09:45,7658.22,,,,,29.89,15.44,1.788,27.6,7599.19,7549.8,59.03,108.42,49.39
2026-08-04,10:00,7672.72,,,,,43.62,29.94,1.406,42.1,7606.19,7554.62,66.53,118.1,51.57
2026-08-04,10:15,7669.86,,,,,49.17,32.8,1.196,39.24,7612.26,7559.14,57.6,110.72,53.11
2026-08-04,10:30,7682.29,,,,,53.22,45.23,1.142,51.67,7618.93,7563.97,63.36,118.32,54.95
2026-08-04,10:45,7687.91,,,,,59.63,50.85,1.127,57.29,7625.5,7568.83,62.41,119.08,56.66
2026-08-04,11:00,7693.36,,,,,66.19,56.3,1.114,62.74,7631.96,7573.72,61.4,119.64,58.24
2026-08-04,11:15,7698.36,,,,,74.05,61.3,1.105,67.74,7638.28,7578.6,60.08,119.76,59.68
2026-08-04,11:30,7706.6,,,,,78.23,69.54,1.093,75.98,7644.79,7583.62,61.81,122.98,61.17
2026-08-04,11:45,7708.86,,,,,84.13,71.8,1.09,78.24,7650.89,7588.53,57.97,120.33,62.36
2026-08-04,12:00,7707.23,,,,,84.52,73.43,1.043,76.61,7656.26,7593.19,50.97,114.04,63.07
2026-08-04,12:15,7716.13,,,,,88.12,82.33,1.039,85.51,7661.96,7598.01,54.17,118.12,63.95
2026-08-04,12:30,7723.51,,,,,94.78,89.71,1.035,92.89,7667.82,7602.93,55.69,120.58,64.89
2026-08-04,12:45,7726.04,,,,,97.68,92.24,1.034,95.42,7673.37,7607.76,52.67,118.28,65.61
2026-08-04,13:00,7735.9,,,95.6,10.523,107.65,102.1,1.031,105.28,7679.32,7612.79,56.58,123.11,66.54
2026-08-04,13:15,7736.62,,,95.64,10.183,110.55,102.82,1.031,106.0,7684.78,7617.64,51.84,118.98,67.14
2026-08-04,13:30,7746.8,,,96.08,10.379,117.81,113.0,1.028,116.18,7690.69,7622.71,56.11,124.09,67.98
2026-08-04,13:45,7740.6,,,90.01,10.637,125.39,119.2,0.923,109.98,7695.44,7627.33,45.16,113.27,68.11
2026-08-04,14:00,7745.99,,,90.57,10.618,125.39,124.59,0.926,115.37,7700.25,7631.98,45.74,114.01,68.27
2026-08-04,14:15,7747.63,7707.37,40.26,90.74,10.155,125.39,126.23,0.927,117.01,7704.77,7636.52,42.86,111.11,68.25
2026-08-04,14:30,7741.74,7710.64,31.1,84.83,10.133,125.39,132.12,0.841,111.12,7708.29,7640.64,33.45,101.1,67.64
2026-08-04,14:45,7744.9,7713.91,30.99,85.38,9.801,125.39,135.28,0.845,114.28,7711.77,7644.73,33.13,100.17,67.04
2026-08-04,15:00,7753.35,7717.66,35.69,86.76,9.816,125.8,143.73,0.854,122.73,7715.73,7648.99,37.62,104.36,66.74
2026-08-04,15:15,7747.29,7720.48,26.81,80.86,9.797,126.46,149.79,0.779,116.67,7718.74,7652.85,28.55,94.44,65.89
2026-08-04,15:30,7757.14,7723.98,33.16,82.9,9.911,128.63,159.64,0.793,126.52,7722.4,7656.94,34.74,100.2,65.46
2026-08-04,15:45,7735.6,7725.08,10.52,66.29,10.864,129.11,181.18,0.579,104.98,7723.65,7660.02,11.95,75.58,63.63
2026-08-05,09:30,7789.76,,,,,22.06,0.0,,18.14,7729.95,7665.11,59.81,124.65,64.84
2026-08-05,09:45,7791.13,,,,,24.83,1.37,14.241,19.51,7735.78,7670.05,55.35,121.08,65.72
2026-08-05,10:00,7786.19,,,,,24.83,6.31,2.309,14.57,7740.58,7674.61,45.61,111.58,65.97
2026-08-05,10:15,7772.0,,,,,24.83,20.5,0.019,0.38,7743.57,7678.43,28.43,93.57,65.14
2026-08-05,10:30,7764.93,,,,,32.33,27.57,0.243,-6.69,7745.6,7681.82,19.33,83.11,63.79
2026-08-05,10:45,7758.74,,,,,41.95,33.76,0.382,-12.88,7746.86,7684.83,11.88,73.91,62.02
2026-08-05,11:00,7754.67,,,,,41.95,37.83,0.448,-16.95,7747.6,7687.57,7.07,67.1,60.03
2026-08-05,11:15,7741.37,,,,,57.78,51.13,0.592,-30.25,7747.01,7689.68,-5.64,51.69,57.32
2026-08-05,11:30,7743.47,,,,,57.78,53.23,0.529,-28.15,7746.67,7691.79,-3.2,51.68,54.88
2026-08-05,11:45,7730.31,,,,,66.6,66.39,0.622,-41.31,7745.11,7693.3,-14.8,37.01,51.81
2026-08-05,12:00,7727.79,,,,,71.32,68.91,0.636,-43.83,7743.46,7694.66,-15.67,33.13,48.81
2026-08-05,12:15,7744.72,,,,,71.32,85.84,0.313,-26.9,7743.58,7696.62,1.14,48.1,46.96
2026-08-05,12:30,7739.5,,,,,71.32,91.06,0.353,-32.12,7743.19,7698.3,-3.69,41.2,44.89
2026-08-05,12:45,7742.09,,,,,71.32,93.65,0.315,-29.53,7743.09,7700.02,-1.0,42.07,43.07
2026-08-05,13:00,7738.89,,,23.74,14.384,71.32,96.85,0.338,-32.73,7742.69,7701.54,-3.8,37.35,41.15
2026-08-05,13:15,7736.98,,,23.24,13.882,71.32,98.76,0.351,-34.64,7742.14,7702.93,-5.16,34.05,39.21
2026-08-05,13:30,7740.77,,,26.51,13.537,71.32,102.55,0.301,-30.85,7742.01,7704.42,-1.24,36.35,37.6
2026-08-05,13:45,7739.29,,,26.04,13.009,71.32,104.03,0.311,-32.33,7741.75,7705.78,-2.46,33.51,35.97
2026-08-05,14:00,7741.65,,,28.21,12.558,71.32,106.39,0.282,-29.97,7741.74,7707.19,-0.09,34.46,34.55
2026-08-05,14:15,7742.72,7751.35,-8.63,29.22,11.938,71.32,107.46,0.269,-28.9,7741.84,7708.58,0.88,34.14,33.25
2026-08-05,14:30,7739.56,7750.23,-10.67,27.97,11.602,71.32,110.62,0.29,-32.06,7741.62,7709.8,-2.06,29.76,31.82
2026-08-05,14:45,7737.7,7749.03,-11.33,27.23,11.195,71.32,112.48,0.302,-33.92,7741.25,7710.89,-3.55,26.81,30.36
2026-08-05,15:00,7741.39,7748.3,-6.91,31.13,10.793,71.32,116.17,0.26,-30.23,7741.26,7712.09,0.13,29.3,29.17
2026-08-05,15:15,7741.63,7747.67,-6.04,31.38,10.272,71.32,116.41,0.258,-29.99,7741.3,7713.25,0.33,28.38,28.05
2026-08-05,15:30,7738.34,7746.78,-8.44,29.74,10.004,71.32,119.7,0.278,-33.28,7741.01,7714.23,-2.67,24.11,26.78
2026-08-05,15:45,7722.12,7744.43,-22.31,23.28,10.715,73.51,135.92,0.364,-49.5,7739.21,7714.54,-17.09,7.58,24.68
2026-08-06,09:30,7728.78,,,,,19.74,0.0,,14.99,7738.22,7715.1,-9.44,13.68,23.12
2026-08-06,09:45,7732.01,,,,,25.19,3.23,5.641,18.22,7737.63,7715.76,-5.62,16.25,21.87
2026-08-06,10:00,7739.5,,,,,28.47,10.72,2.398,25.71,7737.81,7716.69,1.69,22.81,21.12
2026-08-06,10:15,7727.41,,,,,29.06,22.81,0.597,13.62,7736.82,7717.11,-9.41,10.3,19.7
2026-08-06,10:30,7725.9,,,,,29.06,24.32,0.498,12.11,7735.78,7717.46,-9.88,8.44,18.32
2026-08-06,10:45,7733.52,,,,,29.06,31.94,0.618,19.73,7735.56,7718.09,-2.04,15.43,17.48
2026-08-06,11:00,7723.08,,,,,29.06,42.38,0.219,9.29,7734.37,7718.28,-11.29,4.8,16.09
2026-08-06,11:15,7715.63,,,,,32.95,49.83,0.037,1.84,7732.59,7718.18,-16.96,-2.55,14.41
2026-08-06,11:30,7706.84,,,,,36.13,58.62,0.119,-6.95,7730.14,7717.73,-23.3,-10.89,12.4
2026-08-06,11:45,7704.63,,,,,39.23,60.83,0.151,-9.16,7727.71,7717.22,-23.08,-12.59,10.49
2026-08-06,12:00,7702.97,,,,,41.46,62.49,0.173,-10.82,7725.35,7716.66,-22.38,-13.69,8.69
2026-08-06,12:15,7705.75,,,,,44.7,65.27,0.123,-8.04,7723.48,7716.23,-17.73,-10.48,7.25
2026-08-06,12:30,7704.19,,,,,44.7,66.83,0.144,-9.6,7721.65,7715.76,-17.46,-11.57,5.89
2026-08-06,12:45,7713.37,,,,,44.7,76.01,0.006,-0.42,7720.86,7715.67,-7.49,-2.3,5.19
2026-08-06,13:00,7705.39,,,36.08,12.226,44.7,83.99,0.1,-8.4,7719.39,7715.26,-14.0,-9.87,4.12
2026-08-06,13:15,7701.51,,,34.37,11.81,44.7,87.87,0.14,-12.28,7717.68,7714.73,-16.17,-13.22,2.96
2026-08-06,13:30,7704.77,,,37.06,11.33,44.7,91.13,0.099,-9.02,7716.45,7714.33,-11.68,-9.56,2.12
2026-08-06,13:45,7710.04,,,41.27,10.996,44.7,96.4,0.039,-3.75,7715.84,7714.17,-5.8,-4.13,1.68
2026-08-06,14:00,7715.19,,,45.13,10.716,44.7,101.55,0.014,1.4,7715.78,7714.21,-0.59,0.98,1.57
2026-08-06,14:15,7717.78,7715.91,1.87,47.01,10.744,44.7,104.14,0.038,3.99,7715.97,7714.35,1.81,3.43,1.62
2026-08-06,14:30,7711.27,7715.47,-4.2,43.01,10.603,44.7,110.65,0.023,-2.52,7715.52,7714.23,-4.25,-2.96,1.3
2026-08-06,14:45,7712.94,7715.23,-2.29,44.32,10.123,44.7,112.32,0.008,-0.85,7715.28,7714.18,-2.34,-1.24,1.1
2026-08-06,15:00,7716.73,7715.37,1.36,47.28,10.008,44.7,116.11,0.025,2.94,7715.42,7714.28,1.31,2.45,1.14
2026-08-06,15:15,7709.86,7714.85,-4.99,42.84,9.922,44.7,122.98,0.032,-3.93,7714.89,7714.1,-5.03,-4.24,0.78
2026-08-06,15:30,7706.09,7714.01,-7.92,40.58,9.817,44.7,126.75,0.061,-7.7,7714.05,7713.79,-7.96,-7.7,0.26
2026-08-06,15:45,7711.38,7713.76,-2.38,44.96,9.941,44.7,132.04,0.018,-2.41,7713.79,7713.69,-2.41,-2.31,0.1
2026-08-07,09:30,7744.98,,,,,13.74,0.0,,9.8,7716.76,7714.92,28.22,30.06,1.84
2026-08-07,09:45,7734.01,,,,,19.46,10.97,0.107,-1.17,7718.41,7715.67,15.6,18.34,2.74
2026-08-07,10:00,7721.71,,,,,28.44,23.27,0.579,-13.47,7718.72,7715.91,2.99,5.8,2.82
2026-08-07,10:15,7754.54,,,,,36.89,56.1,0.345,19.36,7722.13,7717.42,32.41,37.12,4.71
2026-08-07,10:30,7741.67,,,,,37.72,68.97,0.094,6.49,7723.99,7718.37,17.68,23.3,5.62
2026-08-07,10:45,7751.99,,,,,37.72,79.29,0.212,16.81,7726.66,7719.69,25.33,32.3,6.97
2026-08-07,11:00,7754.48,,,,,37.96,81.78,0.236,19.3,7729.31,7721.05,25.17,33.43,8.25
2026-08-07,11:15,7760.0,,,,,43.26,87.3,0.284,24.82,7732.23,7722.58,27.77,37.42,9.65
2026-08-07,11:30,7755.72,,,,,43.89,91.58,0.224,20.54,7734.47,7723.88,21.25,31.84,10.59
2026-08-07,11:45,7754.9,,,,,43.89,92.4,0.213,19.72,7736.41,7725.1,18.49,29.8,11.32
2026-08-07,12:00,7754.34,,,,,43.89,92.96,0.206,19.16,7738.12,7726.24,16.22,28.1,11.88
2026-08-07,12:15,7740.67,,,,,43.89,106.63,0.051,5.49,7738.36,7726.81,2.31,13.86,11.55
2026-08-07,12:30,7749.75,,,,,43.89,115.71,0.126,14.57,7739.45,7727.71,10.3,22.04,11.74
2026-08-07,12:45,7743.73,,,,,43.89,121.73,0.07,8.55,7739.86,7728.34,3.87,15.39,11.52
2026-08-07,13:00,7744.14,,,49.66,13.819,43.89,122.14,0.073,8.96,7740.26,7728.96,3.88,15.18,11.31
2026-08-07,13:15,7745.29,,,50.16,13.252,43.89,123.29,0.082,10.11,7740.74,7729.6,4.55,15.69,11.14
2026-08-07,13:30,7745.27,,,50.15,12.743,43.89,123.31,0.082,10.09,7741.17,7730.21,4.1,15.06,10.96
2026-08-07,13:45,7745.35,,,50.19,12.131,43.89,123.39,0.082,10.17,7741.57,7730.81,3.78,14.54,10.77
2026-08-07,14:00,7739.21,,,47.05,11.789,43.89,129.53,0.031,4.03,7741.35,7731.14,-2.14,8.07,10.21
2026-08-07,14:15,7738.55,7746.01,-7.46,46.71,11.2,43.89,130.19,0.026,3.37,7741.08,7731.43,-2.53,7.12,9.65
2026-08-07,14:30,7733.0,7744.78,-11.78,43.85,10.9,43.89,135.74,0.016,-2.18,7740.31,7731.49,-7.31,1.51,8.82
2026-08-07,14:45,7740.69,7744.39,-3.7,48.55,10.677,43.89,143.43,0.038,5.51,7740.35,7731.85,0.34,8.84,8.5
2026-08-07,15:00,7753.04,7745.21,7.83,55.06,10.875,43.89,155.78,0.115,17.86,7741.56,7732.68,11.48,20.36,8.88
2026-08-07,15:15,7754.94,7746.14,8.8,55.98,10.471,43.89,157.68,0.125,19.76,7742.83,7733.55,12.11,21.39,9.28
2026-08-07,15:30,7749.35,7746.44,2.91,52.56,10.155,43.89,163.27,0.087,14.17,7743.45,7734.17,5.9,15.18,9.28
2026-08-07,15:45,7755.61,7747.32,8.29,55.82,10.328,43.89,169.53,0.121,20.43,7744.61,7735.01,11.0,20.6,9.6
2026-08-10,09:30,7751.66,,,,,13.02,0.0,,-0.08,7745.28,7735.67,6.38,15.99,9.61
2026-08-10,09:45,7758.03,,,,,13.02,6.37,0.987,6.29,7746.5,7736.54,11.53,21.49,9.95
2026-08-10,10:00,7765.74,,,,,18.0,14.08,0.994,14.0,7748.33,7737.69,17.41,28.05,10.64
2026-08-10,10:15,7767.69,,,,,19.79,16.03,0.995,15.95,7750.17,7738.86,17.52,28.83,11.31
2026-08-10,10:30,7769.69,,,,,22.32,18.03,0.996,17.95,7752.03,7740.07,17.66,29.62,11.96
2026-08-10,10:45,7758.66,,,,,25.34,29.06,0.238,6.92,7752.66,7740.8,6.0,17.86,11.86
2026-08-10,11:00,7761.35,,,,,25.34,31.75,0.303,9.61,7753.49,7741.61,7.86,19.74,11.88
2026-08-10,11:15,7760.43,,,,,25.34,32.67,0.266,8.69,7754.15,7742.35,6.28,18.08,11.8
2026-08-10,11:30,7761.36,,,,,25.34,33.6,0.286,9.62,7754.84,7743.09,6.52,18.27,11.75
2026-08-10,11:45,7766.67,,,,,25.34,38.91,0.384,14.93,7755.96,7744.02,10.71,22.65,11.95
2026-08-10,12:00,7761.32,,,,,25.34,44.26,0.216,9.58,7756.47,7744.7,4.85,16.62,11.78
2026-08-10,12:15,7756.55,,,,,25.34,49.03,0.098,4.81,7756.48,7745.16,0.07,11.39,11.32
2026-08-10,12:30,7744.58,,,,,30.65,61.0,0.117,-7.16,7755.35,7745.14,-10.77,-0.56,10.21
2026-08-10,12:45,7752.95,,,,,30.65,69.37,0.017,1.21,7755.12,7745.44,-2.17,7.51,9.68
2026-08-10,13:00,7754.08,,,51.72,8.58,30.65,70.5,0.033,2.34,7755.02,7745.78,-0.94,8.3,9.24
2026-08-10,13:15,7754.18,,,51.79,8.235,30.65,70.6,0.035,2.44,7754.94,7746.11,-0.76,8.07,8.83
2026-08-10,13:30,7749.72,,,48.25,8.105,30.65,75.06,0.027,-2.02,7754.44,7746.25,-4.72,3.47,8.19
2026-08-10,13:45,7750.14,,,48.61,7.742,30.65,75.48,0.021,-1.6,7754.03,7746.41,-3.89,3.73,7.63
2026-08-10,14:00,7750.08,,,48.56,7.461,30.65,75.54,0.022,-1.66,7753.66,7746.55,-3.58,3.53,7.11
2026-08-10,14:15,7748.65,7757.18,-8.53,47.28,7.085,30.65,76.97,0.04,-3.09,7753.18,7746.63,-4.53,2.02,6.55
2026-08-10,14:30,7752.09,7756.69,-4.6,50.65,6.979,30.65,80.41,0.004,0.35,7753.08,7746.85,-0.99,5.24,6.23
2026-08-10,14:45,7754.92,7756.52,-1.6,53.3,6.82,30.65,83.24,0.038,3.18,7753.25,7747.16,1.67,7.76,6.09
2026-08-10,15:00,7755.9,7756.46,-0.56,54.22,6.54,30.65,84.22,0.049,4.16,7753.5,7747.51,2.4,8.39,6.0
2026-08-10,15:15,7752.08,7756.05,-3.97,50.09,6.435,30.65,88.04,0.004,0.34,7753.37,7747.68,-1.29,4.4,5.68
2026-08-10,15:30,7753.78,7755.83,-2.05,51.85,6.333,30.65,89.74,0.023,2.04,7753.41,7747.92,0.37,5.86,5.48
2026-08-10,15:45,7753.15,7755.58,-2.43,51.13,6.537,30.65,90.37,0.016,1.41,7753.38,7748.13,-0.23,5.02,5.25
2026-08-11,09:30,7757.27,,,,,15.28,0.0,,-10.24,7753.75,7748.49,3.52,8.78,5.27
2026-08-11,09:45,7759.56,,,,,18.67,2.29,3.472,-7.95,7754.31,7748.92,5.25,10.64,5.38
2026-08-11,10:00,7760.13,,,,,18.67,2.86,2.58,-7.38,7754.86,7749.36,5.27,10.77,5.5
2026-08-11,10:15,7762.18,,,,,18.67,4.91,1.086,-5.33,7755.56,7749.86,6.62,12.32,5.69
2026-08-11,10:30,7756.25,,,,,18.67,10.84,1.039,-11.26,7755.62,7750.11,0.63,6.14,5.51
2026-08-11,10:45,7759.33,,,,,18.67,13.92,0.588,-8.18,7755.98,7750.48,3.35,8.85,5.5
2026-08-11,11:00,7749.72,,,,,18.89,23.53,0.756,-17.79,7755.38,7750.45,-5.66,-0.73,4.94
2026-08-11,11:15,7747.59,,,,,22.17,25.66,0.776,-19.92,7754.64,7750.33,-7.05,-2.74,4.31
2026-08-11,11:30,7744.98,,,,,26.63,28.27,0.797,-22.53,7753.72,7750.12,-8.74,-5.14,3.6
2026-08-11,11:45,7743.39,,,,,26.63,29.86,0.808,-24.12,7752.74,7749.86,-9.35,-6.47,2.88
2026-08-11,12:00,7743.15,,,,,26.63,30.1,0.809,-24.36,7751.82,7749.6,-8.67,-6.45,2.23
2026-08-11,12:15,7741.14,,,,,30.06,32.11,0.821,-26.37,7750.81,7749.27,-9.67,-8.13,1.54
2026-08-11,12:30,7738.57,,,,,30.06,34.68,0.834,-28.94,7749.64,7748.85,-11.07,-10.28,0.79
2026-08-11,12:45,7734.23,,,,,33.66,39.02,0.853,-33.28,7748.17,7748.27,-13.94,-14.04,-0.1
2026-08-11,13:00,7726.17,,,16.97,7.349,41.41,47.08,0.878,-41.34,7746.08,7747.41,-19.91,-21.24,-1.33
2026-08-11,13:15,7732.1,,,26.89,7.338,41.71,53.01,0.668,-35.41,7744.75,7746.81,-12.65,-14.71,-2.06
2026-08-11,13:30,7735.55,,,31.98,7.211,41.71,56.46,0.566,-31.96,7743.87,7746.36,-8.32,-10.81,-2.49
2026-08-11,13:45,7735.08,,,31.66,6.862,41.71,56.93,0.57,-32.43,7743.03,7745.92,-7.95,-10.84,-2.89
2026-08-11,14:00,7731.11,,,28.99,6.787,41.71,60.9,0.598,-36.4,7741.9,7745.34,-10.79,-14.23,-3.44
2026-08-11,14:15,7717.68,7743.76,-26.08,22.18,7.358,50.26,74.33,0.67,-49.83,7739.59,7744.26,-21.91,-26.58,-4.67
2026-08-11,14:30,7720.66,7741.56,-20.9,26.32,7.318,50.26,77.31,0.606,-46.85,7737.79,7743.33,-17.13,-22.67,-5.54
2026-08-11,14:45,7723.57,7739.85,-16.28,30.22,7.263,50.26,80.22,0.548,-43.94,7736.43,7742.56,-12.86,-18.99,-6.12
2026-08-11,15:00,7725.55,7738.48,-12.93,32.82,7.145,50.26,82.2,0.51,-41.96,7735.4,7741.89,-9.85,-16.34,-6.49
2026-08-11,15:15,7728.99,7737.58,-8.59,37.21,6.982,50.26,85.64,0.45,-38.52,7734.79,7741.38,-5.8,-12.39,-6.6
2026-08-11,15:30,7730.22,7736.88,-6.66,38.75,6.842,50.26,86.87,0.429,-37.29,7734.35,7740.95,-4.13,-10.73,-6.59
2026-08-11,15:45,7727.41,7735.98,-8.57,36.54,7.042,50.26,89.68,0.447,-40.1,7733.69,7740.41,-6.28,-13.0,-6.72
2026-08-12,09:30,7751.73,,,,,17.64,0.0,,-13.73,7735.41,7740.86,16.32,10.87,-5.45
2026-08-12,09:45,7749.9,,,,,21.98,1.83,8.503,-15.56,7736.79,7741.21,13.11,8.69,-4.42
2026-08-12,10:00,7746.44,,,,,24.29,5.29,3.595,-19.02,7737.71,7741.42,8.73,5.02,-3.71
2026-08-12,10:15,7750.47,,,,,24.29,9.32,1.608,-14.99,7738.92,7741.77,11.55,8.7,-2.85
2026-08-12,10:30,7752.6,,,,,28.06,11.45,1.123,-12.86,7740.23,7742.2,12.37,10.4,-1.97
2026-08-12,10:45,7744.93,,,,,28.06,19.12,1.074,-20.53,7740.67,7742.3,4.26,2.63,-1.63
2026-08-12,11:00,7744.28,,,,,28.06,19.77,1.071,-21.18,7741.02,7742.38,3.26,1.9,-1.36
2026-08-12,11:15,7745.66,,,,,28.06,21.15,0.936,-19.8,7741.46,7742.51,4.2,3.15,-1.05
2026-08-12,11:30,7740.8,,,,,28.06,26.01,0.948,-24.66,7741.4,7742.44,-0.6,-1.64,-1.05
2026-08-12,11:45,7742.61,,,,,28.06,27.82,0.821,-22.85,7741.51,7742.45,1.1,0.16,-0.94
2026-08-12,12:00,7747.82,,,,,28.06,33.03,0.534,-17.64,7742.11,7742.66,5.71,5.16,-0.55
2026-08-12,12:15,7747.32,,,,,28.06,33.53,0.541,-18.14,7742.61,7742.84,4.71,4.48,-0.23
2026-08-12,12:30,7749.92,,,,,28.06,36.13,0.43,-15.54,7743.31,7743.12,6.61,6.8,0.18
2026-08-12,12:45,7752.34,,,,,28.06,38.55,0.34,-13.12,7744.17,7743.48,8.17,8.86,0.68
2026-08-12,13:00,7753.33,,,52.02,8.195,28.06,39.54,0.307,-12.13,7745.04,7743.87,8.29,9.46,1.17
2026-08-12,13:15,7751.08,,,49.02,7.912,28.06,41.79,0.344,-14.38,7745.61,7744.15,5.47,6.93,1.46
2026-08-12,13:30,7751.69,,,49.86,7.534,28.06,42.4,0.325,-13.77,7746.19,7744.45,5.5,7.24,1.75
2026-08-12,13:45,7751.28,,,49.27,7.213,28.06,42.81,0.331,-14.18,7746.68,7744.71,4.6,6.57,1.96
2026-08-12,14:00,7753.83,,,53.01,7.003,28.06,45.36,0.256,-11.63,7747.36,7745.07,6.47,8.76,2.29
2026-08-12,14:15,7753.42,7749.07,4.35,52.34,6.73,28.06,45.77,0.263,-12.04,7747.94,7745.4,5.48,8.02,2.54
2026-08-12,14:30,7758.01,7749.92,8.09,58.62,6.65,28.06,50.36,0.148,-7.45,7748.9,7745.89,9.11,12.12,3.0
2026-08-12,14:45,7753.43,7750.26,3.17,51.35,6.569,28.06,54.94,0.219,-12.03,7749.33,7746.19,4.1,7.24,3.14
2026-08-12,15:00,7753.38,7750.55,2.83,51.27,6.359,28.06,54.99,0.22,-12.08,7749.71,7746.47,3.67,6.91,3.24
2026-08-12,15:15,7752.06,7750.7,1.36,49.24,6.192,28.06,56.31,0.238,-13.4,7749.94,7746.69,2.12,5.37,3.25
2026-08-12,15:30,7750.94,7750.72,0.22,47.51,6.069,28.06,57.43,0.253,-14.52,7750.03,7746.86,0.91,4.08,3.17
2026-08-12,15:45,7748.71,7750.53,-1.82,44.19,6.334,28.06,59.66,0.281,-16.75,7749.91,7746.93,-1.2,1.78,2.98
2026-08-13,09:30,7779.92,,,,,23.98,0.0,,16.74,7752.76,7748.22,27.16,31.7,4.54
2026-08-13,09:45,7799.71,,,,,36.99,19.79,1.846,36.53,7757.24,7750.24,42.47,49.47,6.99
2026-08-13,10:00,7808.61,,,,,46.14,28.69,1.583,45.43,7762.13,7752.53,46.48,56.08,9.6
2026-08-13,10:15,7815.09,,,,,52.36,35.17,1.476,51.91,7767.17,7754.99,47.92,60.1,12.19
2026-08-13,10:30,7808.92,,,,,53.52,41.34,1.106,45.74,7771.15,7757.1,37.77,51.82,14.05
2026-08-13,10:45,7800.91,,,,,53.52,49.35,0.765,37.73,7773.98,7758.82,26.93,42.09,15.16
2026-08-13,11:00,7794.53,,,,,53.52,55.73,0.563,31.35,7775.94,7760.22,18.59,34.31,15.72
2026-08-13,11:15,7784.2,,,,,53.52,66.06,0.318,21.02,7776.73,7761.16,7.47,23.04,15.57
2026-08-13,11:30,7783.31,,,,,53.52,66.95,0.301,20.13,7777.35,7762.03,5.96,21.28,15.33
2026-08-13,11:45,7777.87,,,,,53.52,72.39,0.203,14.69,7777.4,7762.65,0.47,15.22,14.75
2026-08-13,12:00,7779.95,,,,,53.52,74.47,0.225,16.77,7777.65,7763.33,2.3,16.62,14.32
2026-08-13,12:15,7787.83,,,,,53.52,82.35,0.299,24.65,7778.62,7764.29,9.21,23.54,14.33
2026-08-13,12:30,7787.74,,,,,53.52,82.44,0.298,24.56,7779.48,7765.21,8.26,22.53,14.28
2026-08-13,12:45,7790.13,,,,,53.52,84.83,0.318,26.95,7780.5,7766.19,9.63,23.94,14.31
2026-08-13,13:00,7794.41,,,58.13,9.551,53.52,89.11,0.35,31.23,7781.82,7767.29,12.59,27.12,14.53
2026-08-13,13:15,7794.03,,,57.86,9.121,53.52,89.49,0.345,30.85,7782.99,7768.34,11.04,25.69,14.64
2026-08-13,13:30,7789.75,,,54.82,8.867,53.52,93.77,0.283,26.57,7783.63,7769.18,6.12,20.57,14.45
2026-08-13,13:45,7790.27,,,55.13,8.43,53.52,94.29,0.287,27.09,7784.26,7770.01,6.01,20.26,14.25
2026-08-13,14:00,7793.56,,,57.13,8.096,53.52,97.58,0.311,30.38,7785.15,7770.93,8.41,22.63,14.22
2026-08-13,14:15,7792.35,7792.65,-0.3,56.14,7.835,53.52,98.79,0.295,29.17,7785.83,7771.77,6.52,20.58,14.06
2026-08-13,14:30,7799.41,7793.3,6.11,60.44,7.841,53.52,105.85,0.342,36.23,7787.13,7772.85,12.28,26.56,14.27
2026-08-13,14:45,7800.43,7793.98,6.45,61.03,7.508,53.52,106.87,0.349,37.25,7788.39,7773.94,12.04,26.49,14.46
2026-08-13,15:00,7801.86,7794.73,7.13,61.9,7.46,53.52,108.3,0.357,38.68,7789.68,7775.03,12.18,26.83,14.64
2026-08-13,15:15,7802.57,7795.47,7.1,62.35,7.306,53.52,109.01,0.361,39.39,7790.9,7776.11,11.67,26.46,14.79
2026-08-13,15:30,7799.63,7795.87,3.76,59.25,7.166,53.52,111.95,0.326,36.45,7791.74,7777.03,7.89,22.6,14.7
2026-08-13,15:45,7798.99,7796.17,2.82,58.57,7.021,53.52,112.59,0.318,35.81,7792.43,7777.89,6.56,21.1,14.53
2026-08-14,09:30,7805.7,,,,,9.9,0.0,,-0.9,7793.69,7778.99,12.01,26.71,14.71
2026-08-14,09:45,7806.28,,,,,10.63,0.58,0.552,-0.32,7794.89,7780.06,11.39,26.22,14.83
2026-08-14,10:00,7804.87,,,,,12.2,1.99,0.869,-1.73,7795.84,7781.03,9.03,23.84,14.81
2026-08-14,10:15,7795.33,,,,,17.6,11.53,0.977,-11.27,7795.79,7781.59,-0.46,13.74,14.2
2026-08-14,10:30,7792.95,,,,,20.23,13.91,0.981,-13.65,7795.52,7782.03,-2.57,10.92,13.49
2026-08-14,10:45,7789.32,,,,,20.69,17.54,0.985,-17.28,7794.93,7782.32,-5.61,7.0,12.61
2026-08-14,11:00,7786.08,,,,,23.97,20.78,0.987,-20.52,7794.09,7782.47,-8.01,3.61,11.62
2026-08-14,11:15,7784.4,,,,,29.93,22.46,0.988,-22.2,7793.16,7782.54,-8.76,1.86,10.62
2026-08-14,11:30,7781.82,,,,,30.02,25.04,0.99,-24.78,7792.08,7782.52,-10.26,-0.7,9.57
2026-08-14,11:45,7783.65,,,,,30.11,26.87,0.854,-22.95,7791.28,7782.56,-7.63,1.09,8.72
2026-08-14,12:00,7787.16,,,,,30.11,30.38,0.64,-19.44,7790.89,7782.74,-3.73,4.42,8.15
2026-08-14,12:15,7788.63,,,,,30.11,31.85,0.564,-17.97,7790.67,7782.97,-2.04,5.66,7.7
2026-08-14,12:30,7783.11,,,,,30.11,37.37,0.629,-23.49,7789.95,7782.98,-6.84,0.13,6.98
2026-08-14,12:45,7778.39,,,,,31.91,42.09,0.67,-28.21,7788.85,7782.8,-10.46,-4.41,6.06
2026-08-14,13:00,7781.45,,,23.15,6.234,31.91,45.15,0.557,-25.15,7788.15,7782.74,-6.7,-1.29,5.4
2026-08-14,13:15,7779.09,,,21.91,6.112,31.98,47.51,0.579,-27.51,7787.28,7782.6,-8.19,-3.51,4.68
2026-08-14,13:30,7777.55,,,21.12,6.02,33.7,49.05,0.592,-29.05,7786.36,7782.4,-8.81,-4.85,3.95
2026-08-14,13:45,7779.95,,,25.63,5.905,33.7,51.45,0.518,-26.65,7785.75,7782.31,-5.8,-2.36,3.44
2026-08-14,14:00,7783.39,,,31.65,5.881,33.7,54.89,0.423,-23.21,7785.52,7782.35,-2.13,1.04,3.17
2026-08-14,14:15,7780.88,7787.5,-6.62,29.76,5.758,33.7,57.4,0.448,-25.72,7785.08,7782.29,-4.2,-1.41,2.79
2026-08-14,14:30,7783.62,7787.13,-3.51,34.38,5.644,33.7,60.14,0.382,-22.98,7784.94,7782.34,-1.32,1.28,2.6
2026-08-14,14:45,7783.41,7786.78,-3.37,34.19,5.568,33.7,60.35,0.384,-23.19,7784.8,7782.39,-1.39,1.02,2.41
2026-08-14,15:00,7781.99,7786.32,-4.33,32.9,5.352,33.7,61.77,0.398,-24.61,7784.53,7782.37,-2.54,-0.38,2.16
2026-08-14,15:15,7783.33,7786.04,-2.71,35.38,5.286,33.7,63.11,0.369,-23.27,7784.41,7782.41,-1.08,0.92,2.01
2026-08-14,15:30,7783.54,7785.8,-2.26,35.78,5.131,33.7,63.32,0.364,-23.06,7784.33,7782.45,-0.79,1.09,1.88
2026-08-14,15:45,7786.01,7785.82,0.19,40.46,5.13,33.7,65.79,0.313,-20.59,7784.49,7782.59,1.52,3.42,1.9
2026-08-17,09:30,7775.93,,,,,16.56,0.0,,-14.75,7783.68,7782.33,-7.75,-6.4,1.35
2026-08-17,09:45,7774.05,,,,,18.09,1.88,8.846,-16.63,7782.76,7782.01,-8.71,-7.96,0.75
2026-08-17,10:00,7777.86,,,,,19.35,5.69,2.253,-12.82,7782.29,7781.84,-4.43,-3.98,0.45
2026-08-17,10:15,7774.48,,,,,19.67,9.07,1.786,-16.2,7781.55,7781.55,-7.07,-7.07,-0.01
2026-08-17,10:30,7771.94,,,,,20.46,11.61,1.614,-18.74,7780.63,7781.18,-8.69,-9.24,-0.54
2026-08-17,10:45,7773.8,,,,,20.93,13.47,1.253,-16.88,7779.98,7780.89,-6.18,-7.09,-0.91
2026-08-17,11:00,7774.17,,,,,20.93,13.84,1.193,-16.51,7779.43,7780.62,-5.26,-6.45,-1.2
2026-08-17,11:15,7777.92,,,,,20.93,17.59,0.725,-12.76,7779.29,7780.52,-1.37,-2.6,-1.23
2026-08-17,11:30,7771.69,,,,,22.45,23.82,0.797,-18.99,7778.56,7780.17,-6.87,-8.48,-1.61
2026-08-17,11:45,7774.23,,,,,22.45,26.36,0.624,-16.45,7778.15,7779.94,-3.92,-5.71,-1.79
2026-08-17,12:00,7774.14,,,,,22.45,26.45,0.625,-16.54,7777.77,7779.71,-3.63,-5.57,-1.94
2026-08-17,12:15,7773.56,,,,,22.45,27.03,0.633,-17.12,7777.37,7779.47,-3.81,-5.91,-2.1
2026-08-17,12:30,7770.01,,,,,22.45,30.58,0.676,-20.67,7776.67,7779.1,-6.66,-9.09,-2.43
2026-08-17,12:45,7767.77,,,,,23.68,32.82,0.698,-22.91,7775.82,7778.66,-8.05,-10.89,-2.84
2026-08-17,13:00,7763.91,,,33.62,5.616,26.77,36.68,0.73,-26.77,7774.68,7778.08,-10.77,-14.17,-3.39
2026-08-17,13:15,7756.4,,,27.54,5.874,35.17,44.19,0.776,-34.28,7772.94,7777.23,-16.54,-20.83,-4.28
2026-08-17,13:30,7758.2,,,30.77,5.966,38.85,45.99,0.706,-32.48,7771.54,7776.48,-13.34,-18.28,-4.94
2026-08-17,13:45,7754.71,,,28.15,5.88,38.85,49.48,0.727,-35.97,7769.94,7775.63,-15.23,-20.92,-5.69
2026-08-17,14:00,7757.16,,,32.5,5.757,38.85,51.93,0.645,-33.52,7768.72,7774.9,-11.56,-17.74,-6.18
2026-08-17,14:15,7756.48,7768.92,-12.44,31.92,5.621,38.85,52.61,0.65,-34.2,7767.55,7774.18,-11.07,-17.7,-6.63
2026-08-17,14:30,7757.16,7767.8,-10.64,33.2,5.54,38.85,53.29,0.629,-33.52,7766.56,7773.51,-9.4,-16.35,-6.95
2026-08-17,14:45,7755.83,7766.66,-10.83,31.93,5.376,38.85,54.62,0.638,-34.85,7765.54,7772.82,-9.71,-16.99,-7.28
2026-08-17,15:00,7752.6,7765.32,-12.72,29.05,5.279,38.85,57.85,0.658,-38.08,7764.31,7772.03,-11.71,-19.43,-7.72
2026-08-17,15:15,7751.73,7764.03,-12.3,28.3,5.187,39.07,58.72,0.663,-38.95,7763.11,7771.23,-11.38,-19.5,-8.12
2026-08-17,15:30,7750.04,7762.69,-12.65,26.87,5.1,42.67,60.41,0.673,-40.64,7761.87,7770.4,-11.83,-20.36,-8.53
2026-08-17,15:45,7746.14,7761.12,-14.98,23.86,5.325,45.8,64.31,0.693,-44.54,7760.37,7769.45,-14.23,-23.31,-9.08
2026-08-18,09:30,7707.04,,,,,15.19,0.0,,7.0,7755.29,7767.0,-48.25,-59.96,-11.71
2026-08-18,09:45,7704.8,,,,,15.19,2.24,2.125,4.76,7750.48,7764.56,-45.68,-59.76,-14.08
2026-08-18,10:00,7700.59,,,,,17.79,6.45,0.085,0.55,7745.73,7762.05,-45.14,-61.46,-16.32
2026-08-18,10:15,7706.97,,,,,17.79,12.83,0.54,6.93,7742.04,7759.89,-35.07,-52.92,-17.85
2026-08-18,10:30,7703.8,,,,,17.79,16.0,0.235,3.76,7738.4,7757.69,-34.6,-53.89,-19.3
2026-08-18,10:45,7698.95,,,,,17.79,20.85,0.052,-1.09,7734.64,7755.39,-35.69,-56.44,-20.75
2026-08-18,11:00,7696.78,,,,,19.77,23.02,0.142,-3.26,7731.03,7753.09,-34.25,-56.31,-22.06
2026-08-18,11:15,7698.93,,,,,20.06,25.17,0.044,-1.11,7727.98,7750.97,-29.05,-52.04,-22.99
2026-08-18,11:30,7700.71,,,,,20.06,26.95,0.025,0.67,7725.38,7749.0,-24.67,-48.29,-23.62
2026-08-18,11:45,7703.66,,,,,20.06,29.9,0.121,3.62,7723.31,7747.22,-19.65,-43.56,-23.91
2026-08-18,12:00,7705.45,,,,,20.06,31.69,0.171,5.41,7721.61,7745.58,-16.16,-40.13,-23.97
2026-08-18,12:15,7702.23,,,,,20.06,34.91,0.063,2.19,7719.76,7743.88,-17.53,-41.65,-24.12
2026-08-18,12:30,7703.89,,,,,20.06,36.57,0.105,3.85,7718.25,7742.31,-14.36,-38.42,-24.06
2026-08-18,12:45,7706.72,,,,,20.06,39.4,0.17,6.68,7717.15,7740.92,-10.43,-34.2,-23.76
2026-08-18,13:00,7706.07,,,48.79,7.894,20.06,40.05,0.151,6.03,7716.1,7739.55,-10.03,-33.48,-23.45
2026-08-18,13:15,7702.99,,,45.06,7.73,20.06,43.13,0.068,2.95,7714.85,7738.12,-11.86,-35.13,-23.27
2026-08-18,13:30,7701.01,,,42.79,7.443,20.06,45.11,0.022,0.97,7713.53,7736.66,-12.52,-35.65,-23.13
2026-08-18,13:45,7695.99,,,37.63,7.352,20.06,50.13,0.081,-4.05,7711.86,7735.07,-15.87,-39.08,-23.2
2026-08-18,14:00,7700.38,,,43.99,7.277,20.06,54.52,0.006,0.34,7710.77,7733.71,-10.39,-33.33,-22.94
2026-08-18,14:15,7703.73,7702.53,1.2,48.33,7.132,20.06,57.87,0.064,3.69,7710.1,7732.53,-6.37,-28.8,-22.43
2026-08-18,14:30,7701.1,7702.4,-1.3,45.36,6.864,20.06,60.5,0.018,1.06,7709.24,7731.3,-8.14,-30.2,-22.06
2026-08-18,14:45,7697.0,7701.88,-4.88,41.12,6.706,20.06,64.6,0.047,-3.04,7708.07,7729.95,-11.07,-32.95,-21.88
2026-08-18,15:00,7696.13,7701.34,-5.21,40.26,6.468,20.06,65.47,0.06,-3.91,7706.94,7728.63,-10.81,-32.5,-21.69
2026-08-18,15:15,7699.92,7701.2,-1.28,45.6,6.402,20.06,69.26,0.002,-0.12,7706.27,7727.5,-6.35,-27.58,-21.23
2026-08-18,15:30,7698.74,7700.97,-2.23,44.27,6.279,20.06,70.44,0.018,-1.3,7705.55,7726.37,-6.81,-27.63,-20.82
2026-08-18,15:45,7691.76,7700.09,-8.33,37.35,6.602,25.32,77.42,0.107,-8.28,7704.24,7725.02,-12.48,-33.26,-20.78
2026-08-19,09:30,7720.47,,,,,14.67,0.0,,3.73,7705.78,7724.84,14.69,-4.37,-19.05
2026-08-19,09:45,7719.78,,,,,26.22,0.69,4.406,3.04,7707.12,7724.64,12.66,-4.86,-17.52
2026-08-19,10:00,7707.91,,,,,26.22,12.56,0.703,-8.83,7707.19,7723.98,0.72,-16.07,-16.79
2026-08-19,10:15,7719.91,,,,,26.22,24.56,0.129,3.17,7708.4,7723.82,11.51,-3.91,-15.42
2026-08-19,10:30,7729.95,,,,,32.27,34.6,0.382,13.21,7710.46,7724.06,19.49,5.89,-13.61
2026-08-19,10:45,7741.5,,,,,41.76,46.15,0.537,24.76,7713.41,7724.75,28.09,16.75,-11.33
2026-08-19,11:00,7738.02,,,,,43.86,49.63,0.429,21.28,7715.76,7725.27,22.26,12.75,-9.51
2026-08-19,11:15,7730.32,,,,,43.86,57.33,0.237,13.58,7717.14,7725.47,13.18,4.85,-8.32
2026-08-19,11:30,7724.98,,,,,43.86,62.67,0.131,8.24,7717.89,7725.45,7.09,-0.47,-7.56
2026-08-19,11:45,7726.13,,,,,43.86,63.82,0.147,9.39,7718.67,7725.47,7.46,0.66,-6.8
2026-08-19,12:00,7735.63,,,,,43.86,73.32,0.258,18.89,7720.29,7725.87,15.34,9.76,-5.58
2026-08-19,12:15,7727.69,,,,,43.86,81.26,0.135,10.95,7720.99,7725.94,6.7,1.75,-4.95
2026-08-19,12:30,7723.94,,,,,43.86,85.01,0.085,7.2,7721.27,7725.86,2.67,-1.92,-4.59
2026-08-19,12:45,7717.05,,,,,43.86,91.9,0.003,0.31,7720.87,7725.52,-3.82,-8.47,-4.65
2026-08-19,13:00,7717.72,,,48.51,11.766,43.86,92.57,0.011,0.98,7720.57,7725.21,-2.85,-7.49,-4.64
2026-08-19,13:15,7715.32,,,47.2,11.553,43.86,94.97,0.015,-1.42,7720.07,7724.83,-4.75,-9.51,-4.75
2026-08-19,13:30,7715.39,,,47.24,11.114,43.86,95.04,0.014,-1.35,7719.63,7724.46,-4.24,-9.07,-4.83
2026-08-19,13:45,7715.22,,,47.14,10.634,43.86,95.21,0.016,-1.52,7719.21,7724.09,-3.99,-8.87,-4.89
2026-08-19,14:00,7713.83,,,46.23,10.943,43.86,96.6,0.03,-2.91,7718.69,7723.69,-4.86,-9.86,-5.0
2026-08-19,14:15,7715.4,7722.81,-7.41,47.46,10.552,43.86,98.17,0.014,-1.34,7718.38,7723.37,-2.98,-7.97,-4.98
2026-08-19,14:30,7717.52,7722.3,-4.78,49.15,10.143,43.86,100.29,0.008,0.78,7718.3,7723.14,-0.78,-5.62,-4.84
2026-08-19,14:45,7714.57,7721.57,-7.0,46.89,9.684,43.86,103.24,0.021,-2.17,7717.94,7722.8,-3.37,-8.23,-4.86
2026-08-19,15:00,7716.52,7721.09,-4.57,48.57,9.364,43.86,105.19,0.002,-0.22,7717.81,7722.55,-1.29,-6.03,-4.75
2026-08-19,15:15,7716.14,7720.62,-4.48,48.25,8.998,43.86,105.57,0.006,-0.6,7717.65,7722.3,-1.51,-6.16,-4.65
2026-08-19,15:30,7709.65,7719.57,-9.92,43.03,9.306,43.86,112.06,0.063,-7.09,7716.89,7721.81,-7.24,-12.16,-4.92
2026-08-19,15:45,7707.98,7718.47,-10.49,41.77,9.297,43.86,113.73,0.077,-8.76,7716.04,7721.26,-8.06,-13.28,-5.23
2026-08-20,09:30,7694.31,,,,,18.09,0.0,,3.82,7713.97,7720.21,-19.66,-25.9,-6.24
2026-08-20,09:45,7685.44,,,,,18.09,8.87,0.569,-5.05,7711.25,7718.84,-25.81,-33.4,-7.59
2026-08-20,10:00,7679.06,,,,,19.34,15.25,0.75,-11.43,7708.19,7717.28,-29.13,-38.22,-9.1
2026-08-20,10:15,7681.13,,,,,24.73,17.32,0.54,-9.36,7705.61,7715.87,-24.48,-34.74,-10.26
2026-08-20,10:30,7690.8,,,,,24.73,26.99,0.011,0.31,7704.2,7714.88,-13.4,-24.08,-10.68
2026-08-20,10:45,7691.04,,,,,24.73,27.23,0.02,0.55,7702.95,7713.95,-11.91,-22.91,-11.0
2026-08-20,11:00,7686.07,,,,,27.49,32.2,0.137,-4.42,7701.34,7712.85,-15.27,-26.78,-11.52
2026-08-20,11:15,7685.73,,,,,27.49,32.54,0.146,-4.76,7699.85,7711.79,-14.12,-26.06,-11.94
2026-08-20,11:30,7672.18,,,,,27.78,46.09,0.397,-18.31,7697.22,7710.24,-25.04,-38.06,-13.02
2026-08-20,11:45,7677.42,,,,,28.82,51.33,0.255,-13.07,7695.33,7708.95,-17.91,-31.53,-13.62
2026-08-20,12:00,7673.75,,,,,28.82,55.0,0.304,-16.74,7693.28,7707.57,-19.53,-33.82,-14.29
2026-08-20,12:15,7676.4,,,,,28.82,57.65,0.244,-14.09,7691.67,7706.35,-15.27,-29.95,-14.68
2026-08-20,12:30,7684.83,,,,,28.82,66.08,0.086,-5.66,7691.02,7705.5,-6.19,-20.67,-14.49
2026-08-20,12:45,7683.03,,,,,28.82,67.88,0.11,-7.46,7690.26,7704.62,-7.23,-21.59,-14.37
2026-08-20,13:00,7673.91,,,36.75,10.986,28.82,77.0,0.215,-16.58,7688.7,7703.42,-14.79,-29.51,-14.72
2026-08-20,13:15,7666.07,,,33.12,10.799,34.08,84.84,0.288,-24.42,7686.54,7701.95,-20.47,-35.88,-15.41
2026-08-20,13:30,7663.2,,,31.88,10.453,38.42,87.71,0.311,-27.29,7684.32,7700.43,-21.12,-37.23,-16.11
2026-08-20,13:45,7664.0,,,32.64,10.105,38.42,88.51,0.299,-26.49,7682.39,7699.0,-18.39,-35.0,-16.62
2026-08-20,14:00,7653.97,,,28.37,10.24,47.88,98.54,0.371,-36.52,7679.68,7697.24,-25.71,-43.27,-17.56
2026-08-20,14:15,7654.02,7676.82,-22.8,28.42,10.047,50.06,98.59,0.37,-36.47,7677.24,7695.54,-23.22,-41.52,-18.31
2026-08-20,14:30,7653.73,7674.62,-20.89,28.3,9.598,50.06,98.88,0.372,-36.76,7675.0,7693.9,-21.27,-40.17,-18.91
2026-08-20,14:45,7650.99,7672.37,-21.38,27.1,9.292,50.06,101.62,0.389,-39.5,7672.71,7692.22,-21.72,-41.23,-19.51
2026-08-20,15:00,7653.8,7670.6,-16.8,30.36,8.977,50.06,104.43,0.351,-36.69,7670.91,7690.71,-17.11,-36.91,-19.8
2026-08-20,15:15,7653.23,7668.95,-15.72,30.07,8.736,50.06,105.0,0.355,-37.26,7669.23,7689.24,-16.0,-36.01,-20.02
2026-08-20,15:30,7649.48,7667.09,-17.61,28.14,8.571,51.71,108.75,0.377,-41.01,7667.35,7687.69,-17.87,-38.21,-20.34
2026-08-20,15:45,7641.16,7664.62,-23.46,24.39,8.92,60.95,117.07,0.421,-49.33,7664.85,7685.86,-23.69,-44.7,-21.01
2026-08-21,09:30,7670.21,,,,,12.56,0.0,,4.53,7665.36,7685.25,4.85,-15.04,-19.89
2026-08-21,09:45,7664.24,,,,,17.33,5.97,0.241,-1.44,7665.26,7684.42,-1.02,-20.18,-19.17
2026-08-21,10:00,7665.64,,,,,17.33,7.37,0.005,-0.04,7665.29,7683.69,0.35,-18.05,-18.39
2026-08-21,10:15,7665.1,,,,,17.33,7.91,0.073,-0.58,7665.27,7682.96,-0.17,-17.86,-17.68
2026-08-21,10:30,7664.8,,,,,18.1,8.21,0.107,-0.88,7665.23,7682.25,-0.43,-17.45,-17.02
2026-08-21,10:45,7676.69,,,,,18.1,20.1,0.548,11.01,7666.32,7682.03,10.37,-5.34,-15.71
2026-08-21,11:00,7675.24,,,,,22.01,21.55,0.444,9.56,7667.17,7681.76,8.07,-6.52,-14.59
2026-08-21,11:15,7677.97,,,,,22.01,24.28,0.506,12.29,7668.2,7681.61,9.77,-3.64,-13.41
2026-08-21,11:30,7691.54,,,,,32.69,37.85,0.683,25.86,7670.42,7682.0,21.12,9.54,-11.58
2026-08-21,11:45,7690.71,,,,,37.05,38.68,0.647,25.03,7672.35,7682.34,18.36,8.37,-9.99
2026-08-21,12:00,7681.55,,,,,37.05,47.84,0.332,15.87,7673.23,7682.31,8.32,-0.76,-9.08
2026-08-21,12:15,7683.41,,,,,37.05,49.7,0.357,17.73,7674.2,7682.36,9.21,1.05,-8.16
2026-08-21,12:30,7682.66,,,,,37.05,50.45,0.337,16.98,7675.0,7682.37,7.66,0.29,-7.36
2026-08-21,12:45,7682.53,,,,,37.05,50.58,0.333,16.85,7675.72,7682.37,6.81,0.16,-6.65
2026-08-21,13:00,7680.41,,,59.68,8.615,37.05,52.7,0.28,14.73,7676.17,7682.3,4.24,-1.89,-6.13
2026-08-21,13:15,7677.01,,,55.8,8.418,37.05,56.1,0.202,11.33,7676.25,7682.09,0.76,-5.08,-5.84
2026-08-21,13:30,7674.9,,,53.48,8.087,37.05,58.21,0.158,9.22,7676.12,7681.81,-1.22,-6.91,-5.69
2026-08-21,13:45,7673.01,,,51.41,7.794,37.05,60.1,0.122,7.33,7675.82,7681.46,-2.81,-8.45,-5.64
2026-08-21,14:00,7672.25,,,50.57,7.545,37.05,60.86,0.108,6.57,7675.48,7681.1,-3.23,-8.85,-5.62
2026-08-21,14:15,7671.65,7676.08,-4.43,49.87,7.244,37.05,61.46,0.097,5.97,7675.12,7680.73,-3.47,-9.08,-5.61
2026-08-21,14:30,7672.3,7675.72,-3.42,50.67,7.004,37.05,62.11,0.107,6.62,7674.85,7680.4,-2.55,-8.1,-5.55
2026-08-21,14:45,7680.26,7676.15,4.11,59.18,7.14,37.05,70.07,0.208,14.58,7675.37,7680.39,4.89,-0.13,-5.03
2026-08-21,15:00,7678.63,7676.39,2.24,57.01,6.991,37.05,71.7,0.181,12.95,7675.68,7680.33,2.95,-1.7,-4.65
2026-08-21,15:15,7679.24,7676.66,2.58,57.64,6.748,37.05,72.31,0.188,13.56,7676.02,7680.28,3.22,-1.04,-4.27
2026-08-21,15:30,7683.09,7677.27,5.82,61.46,6.6,37.05,76.16,0.229,17.41,7676.69,7680.39,6.4,2.7,-3.7
2026-08-21,15:45,7674.37,7676.99,-2.62,50.38,7.112,37.05,84.88,0.102,8.69,7676.47,7680.16,-2.1,-5.79,-3.69
2026-08-24,09:30,7639.68,,,,,23.78,0.0,,-23.7,7672.96,7678.57,-33.28,-38.89,-5.6
2026-08-24,09:45,7651.76,,,,,25.29,12.08,0.962,-11.62,7670.95,7677.52,-19.19,-25.76,-6.57
2026-08-24,10:00,7647.76,,,,,25.29,16.08,0.971,-15.62,7668.74,7676.35,-20.98,-28.59,-7.61
2026-08-24,10:15,7647.67,,,,,25.29,16.17,0.972,-15.71,7666.73,7675.23,-19.06,-27.56,-8.5
2026-08-24,10:30,7655.31,,,,,25.29,23.81,0.339,-8.07,7665.64,7674.45,-10.33,-19.14,-8.8
2026-08-24,10:45,7654.5,,,,,25.29,24.62,0.361,-8.88,7664.58,7673.66,-10.08,-19.16,-9.08
2026-08-24,11:00,7645.72,,,,,25.29,33.4,0.529,-17.66,7662.79,7672.57,-17.07,-26.85,-9.78
2026-08-24,11:15,7655.38,,,,,25.29,43.06,0.186,-8.0,7662.08,7671.89,-6.7,-16.51,-9.81
2026-08-24,11:30,7661.07,,,,,25.29,48.75,0.047,-2.31,7661.98,7671.47,-0.91,-10.4,-9.48
2026-08-24,11:45,7663.07,,,,,27.04,50.75,0.006,-0.31,7662.09,7671.14,0.98,-8.07,-9.05
2026-08-24,12:00,7664.85,,,,,30.97,52.53,0.028,1.47,7662.35,7670.89,2.5,-6.04,-8.54
2026-08-24,12:15,7667.1,,,,,32.13,54.78,0.068,3.72,7662.8,7670.74,4.3,-3.64,-7.94
2026-08-24,12:30,7661.42,,,,,32.13,60.46,0.032,-1.96,7662.67,7670.38,-1.25,-8.96,-7.71
2026-08-24,12:45,7659.74,,,,,32.13,62.14,0.059,-3.64,7662.39,7669.96,-2.65,-10.22,-7.57
2026-08-24,13:00,7663.27,,,67.96,9.344,32.13,65.67,0.002,-0.11,7662.48,7669.7,0.79,-6.43,-7.22
2026-08-24,13:15,7652.03,,,57.38,9.52,32.13,76.91,0.148,-11.35,7661.48,7669.01,-9.45,-16.98,-7.53
2026-08-24,13:30,7649.42,,,55.23,9.108,32.13,79.52,0.176,-13.96,7660.33,7668.24,-10.91,-18.82,-7.91
2026-08-24,13:45,7651.02,,,56.31,8.766,32.13,81.12,0.152,-12.36,7659.45,7667.56,-8.43,-16.54,-8.12
2026-08-24,14:00,7660.53,,,62.16,8.836,32.13,90.63,0.031,-2.85,7659.55,7667.29,0.98,-6.76,-7.74
2026-08-24,14:15,7666.39,7655.88,10.51,65.25,8.685,32.13,96.49,0.031,3.01,7660.2,7667.25,6.19,-0.86,-7.05
2026-08-24,14:30,7661.55,7656.42,5.13,60.83,8.733,32.13,101.33,0.018,-1.83,7660.33,7667.03,1.22,-5.48,-6.7
2026-08-24,14:45,7658.21,7656.59,1.62,57.92,8.398,32.13,104.67,0.049,-5.17,7660.13,7666.68,-1.92,-8.47,-6.56
2026-08-24,15:00,7658.74,7656.8,1.94,58.26,8.059,32.13,105.2,0.044,-4.64,7659.99,7666.37,-1.25,-7.63,-6.38
2026-08-24,15:15,7657.92,7656.91,1.01,57.49,7.693,32.13,106.02,0.051,-5.46,7659.8,7666.04,-1.88,-8.12,-6.24
2026-08-24,15:30,7654.87,7656.71,-1.84,54.57,7.644,32.13,109.07,0.078,-8.51,7659.33,7665.6,-4.46,-10.73,-6.27
2026-08-24,15:45,7652.86,7656.34,-3.48,52.68,7.57,32.13,111.08,0.095,-10.52,7658.71,7665.1,-5.85,-12.24,-6.39
2026-08-25,09:30,7681.07,,,,,9.45,0.0,,4.41,7660.84,7665.73,20.23,15.34,-4.89
2026-08-25,09:45,7676.47,,,,,12.32,4.6,0.041,-0.19,7662.33,7666.15,14.14,10.32,-3.82
2026-08-25,10:00,7670.07,,,,,16.82,11.0,0.599,-6.59,7663.07,7666.3,7.0,3.77,-3.24
2026-08-25,10:15,7664.96,,,,,21.15,16.11,0.726,-11.7,7663.25,7666.25,1.71,-1.29,-3.0
2026-08-25,10:30,7661.93,,,,,35.19,19.14,0.77,-14.73,7663.12,7666.08,-1.19,-4.15,-2.96
2026-08-25,10:45,7664.73,,,,,35.19,21.94,0.544,-11.93,7663.27,7666.03,1.46,-1.3,-2.75
2026-08-25,11:00,7664.22,,,,,35.19,22.45,0.554,-12.44,7663.36,7665.96,0.86,-1.74,-2.59
2026-08-25,11:15,7671.75,,,,,35.19,29.98,0.164,-4.91,7664.16,7666.18,7.59,5.57,-2.02
2026-08-25,11:30,7669.64,,,,,35.19,32.09,0.219,-7.02,7664.69,7666.32,4.95,3.32,-1.63
2026-08-25,11:45,7672.87,,,,,35.19,35.32,0.107,-3.79,7665.46,7666.58,7.41,6.29,-1.11
2026-08-25,12:00,7673.34,,,,,35.19,35.79,0.093,-3.32,7666.21,7666.84,7.13,6.5,-0.63
2026-08-25,12:15,7675.53,,,,,35.19,37.98,0.03,-1.13,7667.1,7667.18,8.43,8.35,-0.08
2026-08-25,12:30,7673.83,,,,,35.19,39.68,0.071,-2.83,7667.74,7667.44,6.09,6.39,0.3
2026-08-25,12:45,7675.9,,,,,35.19,41.75,0.018,-0.76,7668.52,7667.77,7.38,8.13,0.74
2026-08-25,13:00,7670.37,,,38.68,8.082,35.19,47.28,0.133,-6.29,7668.7,7667.88,1.67,2.49,0.82
2026-08-25,13:15,7665.8,,,35.04,8.038,35.19,51.85,0.209,-10.86,7668.42,7667.8,-2.62,-2.0,0.62
2026-08-25,13:30,7666.83,,,36.49,7.656,35.19,52.88,0.186,-9.83,7668.27,7667.76,-1.44,-0.93,0.51
2026-08-25,13:45,7668.25,,,38.53,7.331,35.19,54.3,0.155,-8.41,7668.27,7667.78,-0.02,0.47,0.49
2026-08-25,14:00,7666.18,,,36.68,7.008,35.19,56.37,0.186,-10.48,7668.07,7667.71,-1.89,-1.53,0.35
2026-08-25,14:15,7667.84,7670.08,-2.24,39.2,6.726,35.19,58.03,0.152,-8.82,7668.05,7667.72,-0.21,0.12,0.33
2026-08-25,14:30,7673.73,7670.43,3.3,47.24,6.673,35.19,63.92,0.046,-2.93,7668.59,7667.95,5.14,5.78,0.63
2026-08-25,14:45,7674.51,7670.82,3.69,48.21,6.426,35.19,64.7,0.033,-2.15,7669.15,7668.21,5.36,6.3,0.94
2026-08-25,15:00,7668.87,7670.63,-1.76,42.14,6.509,35.19,70.34,0.111,-7.79,7669.12,7668.24,-0.25,0.63,0.89
2026-08-25,15:15,7670.04,7670.57,-0.53,43.73,6.276,35.19,71.51,0.093,-6.62,7669.21,7668.31,0.83,1.73,0.9
2026-08-25,15:30,7672.03,7670.71,1.32,46.41,6.262,35.19,73.5,0.063,-4.63,7669.48,7668.45,2.55,3.58,1.03
2026-08-25,15:45,7677.28,7671.34,5.94,52.81,6.503,35.19,78.75,0.008,0.62,7670.22,7668.8,7.06,8.48,1.42
2026-08-26,09:30,7681.99,,,,,20.79,0.0,,15.11,7671.34,7669.32,10.65,12.67,2.03
2026-08-26,09:45,7686.94,,,,,24.08,4.95,4.053,20.06,7672.83,7670.01,14.11,16.93,2.82
2026-08-26,10:00,7679.82,,,,,25.46,12.07,1.072,12.94,7673.49,7670.39,6.33,9.43,3.1
2026-08-26,10:15,7669.45,,,,,25.46,22.44,0.115,2.57,7673.11,7670.36,-3.66,-0.91,2.75
2026-08-26,10:30,7672.26,,,,,25.46,25.25,0.213,5.38,7673.03,7670.43,-0.77,1.83,2.6
2026-08-26,10:45,7676.74,,,,,25.46,29.73,0.332,9.86,7673.38,7670.68,3.36,6.06,2.7
2026-08-26,11:00,7680.55,,,,,25.46,33.54,0.408,13.67,7674.06,7671.07,6.49,9.48,3.0
2026-08-26,11:15,7676.61,,,,,25.46,37.48,0.26,9.73,7674.31,7671.28,2.3,5.33,3.02
2026-08-26,11:30,7678.46,,,,,25.46,39.33,0.294,11.58,7674.7,7671.56,3.76,6.9,3.14
2026-08-26,11:45,7671.07,,,,,25.46,46.72,0.09,4.19,7674.36,7671.55,-3.29,-0.48,2.81
2026-08-26,12:00,7668.43,,,,,25.46,49.36,0.031,1.55,7673.79,7671.42,-5.36,-2.99,2.37
2026-08-26,12:15,7665.64,,,,,25.46,52.15,0.024,-1.24,7673.02,7671.2,-7.38,-5.56,1.82
2026-08-26,12:30,7657.94,,,,,30.95,59.85,0.149,-8.94,7671.58,7670.68,-13.64,-12.74,0.9
2026-08-26,12:45,7665.1,,,,,30.95,67.01,0.027,-1.78,7670.96,7670.46,-5.86,-5.36,0.51
2026-08-26,13:00,7669.06,,,40.89,8.323,30.95,70.97,0.031,2.18,7670.78,7670.4,-1.72,-1.34,0.38
2026-08-26,13:15,7673.95,,,44.97,8.132,30.95,75.86,0.093,7.07,7671.08,7670.54,2.87,3.41,0.54
2026-08-26,13:30,7674.76,,,45.64,7.75,30.95,76.67,0.103,7.88,7671.43,7670.71,3.33,4.05,0.73
2026-08-26,13:45,7674.24,,,45.26,7.482,30.95,77.19,0.095,7.36,7671.7,7670.85,2.54,3.39,0.86
2026-08-26,14:00,7672.28,,,43.78,7.258,30.95,79.15,0.068,5.4,7671.76,7670.9,0.52,1.38,0.85
2026-08-26,14:15,7674.37,7673.48,0.89,45.82,7.177,30.95,81.24,0.092,7.49,7672.0,7671.04,2.37,3.33,0.97
2026-08-26,14:30,7676.55,7673.78,2.77,47.94,6.91,30.95,83.42,0.116,9.67,7672.44,7671.25,4.11,5.3,1.18
2026-08-26,14:45,7683.15,7674.67,8.48,53.83,6.94,30.95,90.02,0.181,16.27,7673.46,7671.72,9.69,11.43,1.74
2026-08-26,15:00,7687.24,7675.87,11.37,57.07,7.03,33.32,94.11,0.216,20.36,7674.77,7672.33,12.47,14.91,2.44
2026-08-26,15:15,7686.48,7676.88,9.6,56.28,6.821,33.32,94.87,0.207,19.6,7675.89,7672.88,10.59,13.6,3.0
2026-08-26,15:30,7684.63,7677.61,7.02,54.31,6.589,33.32,96.72,0.184,17.75,7676.72,7673.34,7.91,11.29,3.37
2026-08-26,15:45,7675.7,7677.43,-1.73,45.94,7.259,33.32,105.65,0.083,8.82,7676.62,7673.44,-0.92,2.26,3.18
2026-08-27,09:30,7710.57,,,,,20.68,0.0,,0.23,7679.85,7674.89,30.72,35.68,4.96
2026-08-27,09:45,7702.46,,,,,25.18,8.11,0.972,-7.88,7682.01,7675.97,20.45,26.49,6.03
2026-08-27,10:00,7705.48,,,,,25.18,11.13,0.437,-4.86,7684.24,7677.13,21.24,28.35,7.11
2026-08-27,10:15,7714.15,,,,,27.0,19.8,0.192,3.81,7687.09,7678.58,27.06,35.57,8.51
2026-08-27,10:30,7713.73,,,,,28.09,20.22,0.168,3.39,7689.63,7679.96,24.1,33.77,9.67
2026-08-27,10:45,7721.34,,,,,32.33,27.83,0.395,11.0,7692.65,7681.58,28.69,39.76,11.06
2026-08-27,11:00,7726.33,,,,,36.5,32.82,0.487,15.99,7695.86,7683.34,30.47,42.99,12.52
2026-08-27,11:15,7720.45,,,,,39.09,38.7,0.261,10.11,7698.2,7684.79,22.25,35.66,13.4
2026-08-27,11:30,7714.38,,,,,39.09,44.77,0.09,4.04,7699.74,7685.95,14.64,28.43,13.79
2026-08-27,11:45,7723.91,,,,,39.09,54.3,0.25,13.57,7702.04,7687.44,21.87,36.47,14.6
2026-08-27,12:00,7723.9,,,,,39.09,54.31,0.25,13.56,7704.12,7688.87,19.78,35.03,15.25
2026-08-27,12:15,7727.01,,,,,39.09,57.42,0.29,16.67,7706.3,7690.37,20.71,36.64,15.93
2026-08-27,12:30,7734.65,,,,,45.54,65.06,0.374,24.31,7709.0,7692.1,25.65,42.55,16.9
2026-08-27,12:45,7737.97,,,,,48.42,68.38,0.404,27.63,7711.76,7693.9,26.21,44.07,17.86
2026-08-27,13:00,7739.44,,,70.67,9.399,51.38,69.85,0.417,29.1,7714.4,7695.69,25.04,43.75,18.71
2026-08-27,13:15,7735.14,,,66.27,9.146,51.38,74.15,0.334,24.8,7716.37,7697.24,18.77,37.9,19.14
2026-08-27,13:30,7734.6,,,65.72,8.781,51.38,74.69,0.325,24.26,7718.11,7698.7,16.49,35.9,19.41
2026-08-27,13:45,7730.61,,,61.63,8.508,51.38,78.68,0.258,20.27,7719.3,7699.95,11.31,30.66,19.35
2026-08-27,14:00,7720.73,,,52.86,8.848,51.38,88.56,0.117,10.39,7719.44,7700.77,1.29,19.96,18.67
2026-08-27,14:15,7712.38,7722.46,-10.08,46.8,9.038,51.38,96.91,0.021,2.04,7718.76,7701.22,-6.38,11.16,17.54
2026-08-27,14:30,7717.07,7721.95,-4.88,50.25,8.915,51.38,101.6,0.066,6.73,7718.6,7701.84,-1.53,15.23,16.76
2026-08-27,14:45,7715.4,7721.32,-5.92,49.03,8.891,51.38,103.27,0.049,5.06,7718.3,7702.38,-2.9,13.02,15.92
2026-08-27,15:00,7717.93,7721.0,-3.07,50.97,8.759,51.38,105.8,0.072,7.59,7718.26,7702.99,-0.33,14.94,15.28
2026-08-27,15:15,7717.69,7720.69,-3.0,50.77,8.46,51.38,106.04,0.069,7.35,7718.21,7703.56,-0.52,14.13,14.65
2026-08-27,15:30,7724.95,7721.09,3.86,56.29,8.445,51.38,113.3,0.129,14.61,7718.85,7704.4,6.1,20.55,14.45
2026-08-27,15:45,7730.11,7721.95,8.16,59.75,8.504,51.38,118.46,0.167,19.77,7719.92,7705.41,10.19,24.7,14.51
2026-08-28,09:30,7744.42,,,,,13.05,0.0,,9.25,7722.26,7706.94,22.16,37.48,15.32
2026-08-28,09:45,7736.93,,,,,13.38,7.49,0.235,1.76,7723.65,7708.12,13.28,28.81,15.54
2026-08-28,10:00,7719.25,,,,,32.38,25.17,0.632,-15.92,7723.23,7708.55,-3.98,10.7,14.68
2026-08-28,10:15,7730.37,,,,,32.38,36.29,0.132,-4.8,7723.91,7709.41,6.46,20.96,14.51
2026-08-28,10:30,7752.73,,,,,37.44,58.65,0.299,17.56,7726.66,7711.11,26.07,41.62,15.55
2026-08-28,10:45,7767.85,,,,,52.5,73.77,0.443,32.68,7730.58,7713.33,37.27,54.52,17.25
2026-08-28,11:00,7759.83,,,,,55.61,81.79,0.302,24.66,7733.37,7715.16,26.46,44.67,18.21
2026-08-28,11:15,7767.92,,,,,55.61,89.88,0.364,32.75,7736.66,7717.22,31.26,50.7,19.43
2026-08-28,11:30,7745.58,,,,,55.61,112.22,0.093,10.41,7737.51,7718.34,8.07,27.24,19.17
2026-08-28,11:45,7728.82,,,,,55.61,128.98,0.049,-6.35,7736.68,7718.75,-7.86,10.07,17.93
2026-08-28,12:00,7728.3,,,,,55.61,129.5,0.053,-6.87,7735.88,7719.12,-7.58,9.18,16.76
2026-08-28,12:15,7714.12,,,,,61.69,143.68,0.147,-21.05,7733.81,7718.93,-19.69,-4.81,14.88
2026-08-28,12:30,7714.56,,,,,61.69,144.12,0.143,-20.61,7731.98,7718.75,-17.42,-4.19,13.22
2026-08-28,12:45,7715.15,,,,,61.69,144.71,0.138,-20.02,7730.37,7718.61,-15.22,-3.46,11.76
2026-08-28,13:00,7710.91,,,38.75,17.477,70.13,148.95,0.163,-24.26,7728.52,7718.31,-17.61,-7.4,10.21
2026-08-28,13:15,7707.09,,,37.71,16.752,70.13,152.77,0.184,-28.08,7726.48,7717.87,-19.39,-10.78,8.61
2026-08-28,13:30,7708.46,,,38.35,16.135,70.13,154.14,0.173,-26.71,7724.76,7717.5,-16.3,-9.04,7.26
2026-08-28,13:45,7713.32,,,40.68,15.541,70.13,159.0,0.137,-21.85,7723.67,7717.34,-10.35,-4.02,6.33
2026-08-28,14:00,7710.26,,,39.66,14.801,70.13,162.06,0.154,-24.91,7722.4,7717.06,-12.14,-6.8,5.33
2026-08-28,14:15,7708.36,7729.21,-20.85,39.01,14.193,70.13,163.96,0.164,-26.81,7721.06,7716.72,-12.7,-8.36,4.34
2026-08-28,14:30,7710.48,7727.43,-16.95,40.19,13.557,70.13,166.08,0.149,-24.69,7720.05,7716.47,-9.57,-5.99,3.58
2026-08-28,14:45,7704.32,7725.23,-20.91,37.9,13.276,70.57,172.24,0.179,-30.85,7718.55,7716.0,-14.23,-11.68,2.55
2026-08-28,15:00,7709.84,7723.76,-13.92,41.14,12.943,70.57,177.76,0.142,-25.33,7717.72,7715.76,-7.88,-5.92,1.97
2026-08-28,15:15,7712.56,7722.69,-10.13,42.73,12.437,70.57,180.48,0.125,-22.61,7717.23,7715.63,-4.67,-3.07,1.6
2026-08-28,15:30,7713.74,7721.84,-8.1,43.44,11.964,70.57,181.66,0.118,-21.43,7716.9,7715.56,-3.16,-1.82,1.34
2026-08-28,15:45,7711.76,7720.88,-9.12,42.48,11.71,70.57,183.64,0.127,-23.41,7716.41,7715.41,-4.65,-3.65,1.0
2026-08-31,09:30,7675.69,,,,,21.97,0.0,,-21.83,7712.53,7713.85,-36.84,-38.16,-1.32
2026-08-31,09:45,7679.31,,,,,24.18,3.62,5.03,-18.21,7709.37,7712.5,-30.06,-33.19,-3.13
2026-08-31,10:00,7676.19,,,,,25.85,6.74,3.165,-21.33,7706.21,7711.07,-30.02,-34.88,-4.86
2026-08-31,10:15,7667.01,,,,,32.46,15.92,1.916,-30.51,7702.47,7709.34,-35.46,-42.33,-6.87
2026-08-31,10:30,7674.66,,,,,32.46,23.57,0.97,-22.86,7699.83,7707.98,-25.17,-33.32,-8.16
2026-08-31,10:45,7677.51,,,,,32.46,26.42,0.757,-20.01,7697.7,7706.79,-20.19,-29.28,-9.09
2026-08-31,11:00,7674.84,,,,,32.46,29.09,0.78,-22.68,7695.52,7705.54,-20.68,-30.7,-10.01
2026-08-31,11:15,7677.04,,,,,32.46,31.29,0.655,-20.48,7693.76,7704.42,-16.72,-27.38,-10.66
2026-08-31,11:30,7675.98,,,,,32.46,32.35,0.666,-21.54,7692.07,7703.3,-16.09,-27.32,-11.23
2026-08-31,11:45,7671.5,,,,,32.46,36.83,0.706,-26.02,7690.11,7702.06,-18.61,-30.56,-11.95
2026-08-31,12:00,7674.79,,,,,32.46,40.12,0.567,-22.73,7688.65,7700.99,-13.86,-26.2,-12.34
2026-08-31,12:15,7676.68,,,,,32.46,42.01,0.496,-20.84,7687.51,7700.03,-10.83,-23.35,-12.52
2026-08-31,12:30,7672.04,,,,,32.46,46.65,0.546,-25.48,7686.04,7698.94,-14.0,-26.9,-12.9
2026-08-31,12:45,7676.73,,,,,32.46,51.34,0.405,-20.79,7685.15,7698.07,-8.42,-21.34,-12.91
2026-08-31,13:00,7676.94,,,51.21,8.226,32.46,51.55,0.399,-20.58,7684.37,7697.24,-7.43,-20.3,-12.87
2026-08-31,13:15,7672.39,,,46.77,8.088,32.46,56.1,0.448,-25.13,7683.23,7696.26,-10.84,-23.87,-13.03
2026-08-31,13:30,7679.79,,,53.79,8.235,32.46,63.5,0.279,-17.73,7682.9,7695.62,-3.11,-15.83,-12.72
2026-08-31,13:45,7682.57,,,56.13,8.069,32.46,66.28,0.226,-14.95,7682.87,7695.1,-0.3,-12.53,-12.24
2026-08-31,14:00,7684.54,,,57.77,7.929,32.46,68.25,0.19,-12.98,7683.03,7694.69,1.51,-10.15,-11.66
2026-08-31,14:15,7680.8,7676.35,4.45,53.68,7.733,32.46,71.99,0.232,-16.72,7682.82,7694.15,-2.02,-13.35,-11.33
2026-08-31,14:30,7671.37,7675.88,-4.51,45.03,8.127,32.46,81.42,0.321,-26.15,7681.73,7693.25,-10.36,-21.88,-11.53
2026-08-31,14:45,7674.11,7675.71,-1.6,47.67,8.004,32.46,84.16,0.278,-23.41,7681.0,7692.5,-6.89,-18.39,-11.5
2026-08-31,15:00,7679.11,7676.03,3.08,52.18,7.814,32.46,89.16,0.206,-18.41,7680.82,7691.98,-1.71,-12.87,-11.16
2026-08-31,15:15,7683.6,7676.75,6.85,55.86,7.783,32.46,93.65,0.149,-13.92,7681.09,7691.65,2.51,-8.05,-10.56
2026-08-31,15:30,7687.44,7677.77,9.67,58.78,7.899,32.46,97.49,0.103,-10.08,7681.69,7691.48,5.75,-4.04,-9.79
2026-08-31,15:45,7686.14,7678.57,7.57,57.4,8.274,32.46,98.79,0.115,-11.38,7682.11,7691.27,4.03,-5.13,-9.16
2026-09-01,09:30,7635.41,,,,,12.54,0.0,,-0.06,7677.67,7689.08,-42.26,-53.67,-11.42
2026-09-01,09:45,7636.09,,,,,12.73,0.68,0.912,0.62,7673.71,7687.0,-37.62,-50.91,-13.3
2026-09-01,10:00,7646.45,,,,,18.99,11.04,0.995,10.98,7671.11,7685.41,-24.66,-38.96,-14.3
2026-09-01,10:15,7653.79,,,,,28.63,18.38,0.997,18.32,7669.46,7684.17,-15.67,-30.38,-14.71
2026-09-01,10:30,7657.38,,,,,33.82,21.97,0.997,21.91,7668.31,7683.12,-10.93,-25.74,-14.81
2026-09-01,10:45,7651.69,,,,,33.82,27.66,0.586,16.22,7666.73,7681.89,-15.04,-30.2,-15.16
2026-09-01,11:00,7646.41,,,,,33.82,32.94,0.332,10.94,7664.79,7680.5,-18.38,-34.09,-15.71
2026-09-01,11:15,7652.75,,,,,33.82,39.28,0.44,17.28,7663.65,7679.41,-10.9,-26.66,-15.77
2026-09-01,11:30,7659.47,,,,,33.82,46.0,0.522,24.0,7663.25,7678.63,-3.78,-19.16,-15.38
2026-09-01,11:45,7659.85,,,,,35.76,46.38,0.526,24.38,7662.92,7677.89,-3.07,-18.04,-14.97
2026-09-01,12:00,7652.31,,,,,35.76,53.92,0.312,16.84,7661.91,7676.89,-9.6,-24.58,-14.98
2026-09-01,12:15,7641.88,,,,,35.76,64.35,0.1,6.41,7660.01,7675.52,-18.13,-33.64,-15.51
2026-09-01,12:30,7633.29,,,,,35.76,72.94,0.03,-2.18,7657.46,7673.86,-24.17,-40.57,-16.4
2026-09-01,12:45,7639.62,,,,,35.76,79.27,0.052,4.15,7655.76,7672.52,-16.14,-32.9,-16.76
2026-09-01,13:00,7635.85,,,50.26,9.031,35.76,83.04,0.005,0.38,7653.87,7671.08,-18.02,-35.23,-17.21
2026-09-01,13:15,7633.16,,,48.57,9.183,37.54,85.73,0.027,-2.31,7651.89,7669.59,-18.73,-36.43,-17.7
2026-09-01,13:30,7637.38,,,51.34,8.936,37.54,89.95,0.021,1.91,7650.51,7668.33,-13.13,-30.95,-17.82
2026-09-01,13:45,7634.71,,,49.52,8.772,37.54,92.62,0.008,-0.76,7649.01,7667.01,-14.3,-32.3,-18.0
2026-09-01,14:00,7630.1,,,46.46,8.653,37.54,97.23,0.055,-5.37,7647.21,7665.56,-17.11,-35.46,-18.36
2026-09-01,14:15,7628.28,7643.29,-15.01,45.27,8.567,37.54,99.05,0.073,-7.19,7645.4,7664.1,-17.12,-35.82,-18.7
2026-09-01,14:30,7613.78,7640.48,-26.7,37.12,9.031,49.85,113.55,0.191,-21.69,7642.39,7662.13,-28.61,-48.35,-19.74
2026-09-01,14:45,7623.53,7638.87,-15.34,44.38,9.381,52.43,123.3,0.097,-11.94,7640.6,7660.61,-17.07,-37.08,-20.02
2026-09-01,15:00,7630.87,7638.11,-7.24,49.13,9.28,52.43,130.64,0.035,-4.6,7639.67,7659.45,-8.8,-28.58,-19.78
2026-09-01,15:15,7630.21,7637.35,-7.14,48.73,8.935,52.43,131.3,0.04,-5.26,7638.77,7658.3,-8.56,-28.09,-19.53
2026-09-01,15:30,7626.7,7636.34,-9.64,46.54,8.735,52.43,134.81,0.065,-8.77,7637.62,7657.06,-10.92,-30.36,-19.44
2026-09-01,15:45,7631.47,7635.88,-4.41,49.84,8.882,52.43,139.58,0.029,-4.0,7637.03,7656.06,-5.56,-24.59,-19.03
2026-09-02,09:30,7644.03,,,,,10.48,0.0,,9.45,7637.7,7655.59,6.33,-11.56,-17.89
2026-09-02,09:45,7646.91,,,,,13.44,2.88,4.281,12.33,7638.58,7655.25,8.33,-8.34,-16.67
2026-09-02,10:00,7660.57,,,,,26.95,16.54,1.571,25.99,7640.67,7655.46,19.9,5.11,-14.78
2026-09-02,10:15,7669.86,,,,,38.61,25.83,1.366,35.28,7643.45,7656.02,26.41,13.84,-12.57
2026-09-02,10:30,7680.37,,,,,47.03,36.34,1.26,45.79,7646.97,7656.98,33.4,23.39,-10.01
2026-09-02,10:45,7669.97,,,,,47.38,46.74,0.757,35.39,7649.16,7657.48,20.81,12.49,-8.33
2026-09-02,11:00,7672.19,,,,,47.38,48.96,0.768,37.61,7651.35,7658.06,20.84,14.13,-6.71
2026-09-02,11:15,7680.12,,,,,47.38,56.89,0.8,45.54,7654.09,7658.93,26.03,21.19,-4.84
2026-09-02,11:30,7674.01,,,,,47.57,63.0,0.626,39.43,7655.99,7659.52,18.02,14.49,-3.53
2026-09-02,11:45,7675.56,,,,,47.57,64.55,0.635,40.98,7657.85,7660.15,17.71,15.41,-2.29
2026-09-02,12:00,7674.11,,,,,47.57,66.0,0.599,39.53,7659.4,7660.69,14.71,13.42,-1.29
2026-09-02,12:15,7664.99,,,,,47.57,75.12,0.405,30.41,7659.93,7660.86,5.06,4.13,-0.93
2026-09-02,12:30,7663.92,,,,,47.57,76.19,0.385,29.34,7660.31,7660.98,3.61,2.94,-0.67
2026-09-02,12:45,7665.94,,,,,47.57,78.21,0.401,31.36,7660.85,7661.18,5.09,4.76,-0.33
2026-09-02,13:00,7665.73,,,63.84,9.479,47.57,78.42,0.397,31.15,7661.31,7661.36,4.42,4.37,-0.04
2026-09-02,13:15,7663.08,,,61.59,9.147,47.57,81.07,0.352,28.5,7661.48,7661.42,1.6,1.66,0.06
2026-09-02,13:30,7665.35,,,62.8,8.881,47.57,83.34,0.369,30.77,7661.85,7661.58,3.5,3.77,0.27
2026-09-02,13:45,7667.82,,,64.12,8.632,47.57,85.81,0.387,33.24,7662.42,7661.82,5.4,6.0,0.6
2026-09-02,14:00,7668.45,,,64.46,8.467,47.57,86.44,0.392,33.87,7662.99,7662.08,5.46,6.37,0.91
2026-09-02,14:15,7669.62,7667.13,2.49,65.14,8.474,47.57,87.61,0.4,35.04,7663.62,7662.38,6.0,7.24,1.25
2026-09-02,14:30,7663.67,7666.8,-3.13,59.02,8.479,47.57,93.56,0.311,29.09,7663.63,7662.43,0.04,1.24,1.2
2026-09-02,14:45,7664.09,7666.54,-2.45,59.31,8.147,47.57,93.98,0.314,29.51,7663.67,7662.49,0.42,1.6,1.18
2026-09-02,15:00,7670.06,7666.88,3.18,63.29,8.101,47.57,99.95,0.355,35.48,7664.28,7662.79,5.78,7.27,1.49
2026-09-02,15:15,7671.25,7667.29,3.96,64.05,7.802,47.57,101.14,0.363,36.67,7664.94,7663.12,6.31,8.13,1.82
2026-09-02,15:30,7669.8,7667.53,2.27,62.36,7.549,47.57,102.59,0.343,35.22,7665.41,7663.38,4.39,6.42,2.02
2026-09-02,15:45,7666.6,7667.44,-0.84,58.7,7.522,47.57,105.79,0.303,32.02,7665.52,7663.51,1.08,3.09,2.01
2026-09-03,09:30,7714.12,,,,,28.7,0.0,,27.41,7670.15,7665.49,43.97,48.63,4.65
2026-09-03,09:45,7711.25,,,,,29.98,2.87,8.551,24.54,7674.06,7667.29,37.19,43.96,6.77
2026-09-03,10:00,7700.07,,,,,29.98,14.05,0.951,13.36,7676.54,7668.57,23.53,31.5,7.97
2026-09-03,10:15,7703.52,,,,,29.98,17.5,0.961,16.81,7679.11,7669.95,24.41,33.57,9.16
2026-09-03,10:30,7697.54,,,,,29.98,23.48,0.461,10.83,7680.87,7671.03,16.67,26.51,9.84
2026-09-03,10:45,7709.04,,,,,29.98,34.98,0.638,22.33,7683.55,7672.52,25.49,36.52,11.03
2026-09-03,11:00,7730.88,,,,,44.17,56.82,0.777,44.17,7688.06,7674.81,42.82,56.07,13.25
2026-09-03,11:15,7745.69,,,,,59.13,71.63,0.823,58.98,7693.55,7677.59,52.14,68.1,15.96
2026-09-03,11:30,7741.9,,,,,61.51,75.42,0.732,55.19,7698.15,7680.11,43.75,61.79,18.04
2026-09-03,11:45,7749.46,,,,,62.75,82.98,0.756,62.75,7703.04,7682.83,46.42,66.63,20.21
2026-09-03,12:00,7743.48,,,,,62.97,88.96,0.638,56.77,7706.89,7685.21,36.59,58.27,21.68
2026-09-03,12:15,7741.01,,,,,62.97,91.43,0.594,54.3,7710.14,7687.4,30.87,53.61,22.74
2026-09-03,12:30,7747.7,,,,,62.97,98.12,0.622,60.99,7713.72,7689.76,33.98,57.94,23.96
2026-09-03,12:45,7745.61,,,,,62.97,100.21,0.588,58.9,7716.75,7691.95,28.86,53.66,24.8
2026-09-03,13:00,7740.43,,,62.48,11.194,62.97,105.39,0.51,53.72,7719.01,7693.85,21.42,46.58,25.16
2026-09-03,13:15,7742.64,,,63.31,10.753,62.97,107.6,0.52,55.93,7721.26,7695.76,21.38,46.88,25.49
2026-09-03,13:30,7747.22,,,65.03,10.412,62.97,112.18,0.539,60.51,7723.73,7697.78,23.49,49.44,25.95
2026-09-03,13:45,7748.69,,,65.59,10.102,64.57,113.65,0.545,61.98,7726.11,7699.78,22.58,48.91,26.33
2026-09-03,14:00,7754.75,,,67.87,9.898,69.22,119.71,0.568,68.04,7728.84,7701.93,25.91,52.82,26.9
2026-09-03,14:15,7754.14,7733.46,20.68,67.39,9.514,70.05,120.32,0.56,67.43,7731.25,7703.98,22.89,50.16,27.26
2026-09-03,14:30,7752.11,7735.23,16.88,65.71,9.105,70.05,122.35,0.535,65.4,7733.23,7705.87,18.88,46.24,27.36
2026-09-03,14:45,7753.4,7736.96,16.44,66.28,8.75,70.05,123.64,0.539,66.69,7735.15,7707.73,18.25,45.67,27.42
2026-09-03,15:00,7750.47,7738.25,12.22,63.67,8.402,70.05,126.57,0.504,63.76,7736.61,7709.41,13.86,41.06,27.2
2026-09-03,15:15,7750.55,7739.42,11.13,63.72,8.137,70.05,126.65,0.504,63.84,7737.94,7711.02,12.61,39.53,26.92
2026-09-03,15:30,7749.2,7740.35,8.85,62.4,7.77,70.05,128.0,0.488,62.49,7739.01,7712.52,10.19,36.68,26.49
2026-09-03,15:45,7747.71,7741.05,6.66,60.91,7.68,70.05,129.49,0.471,61.0,7739.84,7713.9,7.87,33.81,25.94
2026-09-04,09:30,7737.53,,,,,15.32,0.0,,-12.66,7739.62,7714.83,-2.09,22.7,24.79
2026-09-04,09:45,7740.45,,,,,16.26,2.92,3.336,-9.74,7739.7,7715.83,0.75,24.62,23.87
2026-09-04,10:00,7732.47,,,,,25.51,10.9,1.626,-17.72,7739.01,7716.48,-6.54,15.99,22.53
2026-09-04,10:15,7728.01,,,,,26.41,15.36,1.444,-22.18,7737.96,7716.94,-9.95,11.07,21.03
2026-09-04,10:30,7718.89,,,,,31.61,24.48,1.279,-31.3,7736.15,7717.01,-17.26,1.88,19.13
2026-09-04,10:45,7710.73,,,,,40.93,32.64,1.209,-39.46,7733.73,7716.77,-23.0,-6.04,16.96
2026-09-04,11:00,7715.01,,,,,44.01,36.92,0.953,-35.18,7731.94,7716.7,-16.93,-1.69,15.25
2026-09-04,11:15,7710.44,,,,,44.01,41.49,0.958,-39.75,7729.9,7716.45,-19.46,-6.01,13.44
2026-09-04,11:30,7715.28,,,,,44.07,46.33,0.754,-34.91,7728.5,7716.41,-13.22,-1.13,12.1
2026-09-04,11:45,7715.33,,,,,44.07,46.38,0.752,-34.86,7727.25,7716.36,-11.92,-1.03,10.89
2026-09-04,12:00,7722.88,,,,,44.07,53.93,0.506,-27.31,7726.83,7716.62,-3.95,6.26,10.21
2026-09-04,12:15,7722.26,,,,,44.07,54.55,0.512,-27.93,7726.4,7716.84,-4.14,5.42,9.56
2026-09-04,12:30,7724.62,,,,,44.07,56.91,0.449,-25.57,7726.23,7717.15,-1.61,7.47,9.08
2026-09-04,12:45,7724.85,,,,,44.07,57.14,0.443,-25.34,7726.1,7717.45,-1.25,7.4,8.65
2026-09-04,13:00,7719.62,,,35.64,8.233,44.07,62.37,0.49,-30.57,7725.48,7717.53,-5.86,2.09,7.95
2026-09-04,13:15,7714.16,,,32.57,8.11,44.07,67.83,0.531,-36.03,7724.4,7717.4,-10.24,-3.24,7.0
2026-09-04,13:30,7708.94,,,29.92,7.909,44.07,73.05,0.565,-41.25,7722.93,7717.07,-13.99,-8.13,5.86
2026-09-04,13:45,7709.79,,,30.9,7.606,44.07,73.9,0.547,-40.4,7721.68,7716.78,-11.89,-6.99,4.89
2026-09-04,14:00,7711.97,,,33.49,7.412,44.07,76.08,0.502,-38.22,7720.75,7716.59,-8.78,-4.62,4.16
2026-09-04,14:15,7714.06,7719.86,-5.8,35.97,7.145,44.07,78.17,0.462,-36.13,7720.12,7716.5,-6.06,-2.44,3.62
2026-09-04,14:30,7717.01,7719.59,-2.58,39.4,6.888,44.07,81.12,0.409,-33.18,7719.82,7716.52,-2.81,0.49,3.3
2026-09-04,14:45,7718.12,7719.45,-1.33,40.68,6.593,44.07,82.23,0.39,-32.07,7719.66,7716.58,-1.54,1.54,3.08
2026-09-04,15:00,7711.78,7718.72,-6.94,35.98,6.673,44.07,88.57,0.434,-38.41,7718.91,7716.39,-7.13,-4.61,2.52
2026-09-04,15:15,7715.58,7718.42,-2.84,40.43,6.511,44.07,92.37,0.375,-34.61,7718.59,7716.36,-3.01,-0.78,2.23
2026-09-04,15:30,7715.1,7718.11,-3.01,40.05,6.308,44.07,92.85,0.378,-35.09,7718.26,7716.31,-3.16,-1.21,1.95
2026-09-04,15:45,7718.6,7718.15,0.45,44.15,6.257,44.07,96.35,0.328,-31.59,7718.29,7716.4,0.31,2.2,1.89
2026-09-08,09:30,7687.52,,,,,31.98,0.0,,-30.29,7715.36,7715.27,-27.84,-27.75,0.09
2026-09-08,09:45,7690.91,,,,,34.07,3.39,7.935,-26.9,7713.03,7714.31,-22.12,-23.4,-1.28
2026-09-08,10:00,7679.5,,,,,42.12,14.8,2.589,-38.31,7709.84,7712.95,-30.34,-33.45,-3.11
2026-09-08,10:15,7682.37,,,,,42.12,17.67,2.006,-35.44,7707.22,7711.75,-24.85,-29.38,-4.52
2026-09-08,10:30,7686.42,,,,,42.12,21.72,1.445,-31.39,7705.24,7710.75,-18.82,-24.33,-5.51
2026-09-08,10:45,7691.69,,,,,42.12,26.99,0.968,-26.12,7703.95,7710.01,-12.26,-18.32,-6.06
2026-09-08,11:00,7696.74,,,,,42.12,32.04,0.658,-21.07,7703.26,7709.49,-6.52,-12.75,-6.22
2026-09-08,11:15,7693.87,,,,,42.12,34.91,0.686,-23.94,7702.37,7708.87,-8.5,-15.0,-6.5
2026-09-08,11:30,7695.04,,,,,42.12,36.08,0.631,-22.77,7701.67,7708.33,-6.63,-13.29,-6.66
2026-09-08,11:45,7689.52,,,,,42.12,41.6,0.68,-28.29,7700.51,7707.59,-10.99,-18.07,-7.08
2026-09-08,12:00,7687.5,,,,,42.12,43.62,0.695,-30.31,7699.27,7706.81,-11.77,-19.31,-7.53
2026-09-08,12:15,7686.6,,,,,42.12,44.52,0.701,-31.21,7698.07,7706.01,-11.47,-19.41,-7.95
2026-09-08,12:30,7685.59,,,,,42.12,45.53,0.708,-32.22,7696.88,7705.21,-11.29,-19.62,-8.33
2026-09-08,12:45,7684.39,,,,,42.12,46.73,0.715,-33.42,7695.69,7704.4,-11.3,-20.01,-8.71
2026-09-08,13:00,7691.61,,,53.79,9.305,42.12,53.95,0.486,-26.2,7695.3,7703.89,-3.69,-12.28,-8.59
2026-09-08,13:15,7689.92,,,52.04,8.978,42.12,55.64,0.501,-27.89,7694.79,7703.35,-4.87,-13.43,-8.56
2026-09-08,13:30,7689.05,,,51.11,8.714,42.12,56.51,0.509,-28.76,7694.24,7702.79,-5.19,-13.74,-8.54
2026-09-08,13:45,7690.39,,,52.51,8.452,42.12,57.85,0.474,-27.42,7693.88,7702.3,-3.49,-11.91,-8.42
2026-09-08,14:00,7693.08,,,55.28,8.127,42.12,60.54,0.408,-24.73,7693.8,7701.94,-0.72,-8.86,-8.14
2026-09-08,14:15,7693.01,7689.24,3.77,55.19,7.78,42.12,60.61,0.409,-24.8,7693.72,7701.59,-0.71,-8.58,-7.86
2026-09-08,14:30,7690.46,7689.35,1.11,51.87,7.715,42.12,63.16,0.433,-27.35,7693.41,7701.15,-2.95,-10.69,-7.74
2026-09-08,14:45,7682.94,7688.74,-5.8,43.55,8.474,44.76,70.68,0.493,-34.87,7692.42,7700.44,-9.48,-17.5,-8.02
2026-09-08,15:00,7684.73,7688.36,-3.63,45.78,8.257,44.76,72.47,0.456,-33.08,7691.68,7699.82,-6.95,-15.09,-8.14
2026-09-08,15:15,7684.39,7687.98,-3.59,45.41,8.041,44.76,72.81,0.459,-33.42,7690.99,7699.22,-6.6,-14.83,-8.23
2026-09-08,15:30,7683.32,7687.54,-4.22,44.21,7.813,44.76,73.88,0.467,-34.49,7690.26,7698.59,-6.94,-15.27,-8.33
2026-09-08,15:45,7673.52,7686.2,-12.68,35.07,8.445,50.82,83.68,0.529,-44.29,7688.66,7697.61,-15.14,-24.09,-8.94
2026-09-09,09:30,7651.12,,,,,13.77,0.0,,-9.56,7685.09,7695.79,-33.97,-44.67,-10.7
2026-09-09,09:45,7656.22,,,,,13.77,5.1,0.875,-4.46,7682.34,7694.23,-26.12,-38.01,-11.9
2026-09-09,10:00,7653.43,,,,,13.77,7.89,0.919,-7.25,7679.59,7692.63,-26.16,-39.2,-13.05
2026-09-09,10:15,7654.35,,,,,20.67,8.81,0.719,-6.33,7677.18,7691.13,-22.83,-36.78,-13.95
2026-09-09,10:30,7651.95,,,,,20.67,11.21,0.779,-8.73,7674.78,7689.6,-22.83,-37.65,-14.82
2026-09-09,10:45,7651.94,,,,,20.67,11.22,0.779,-8.74,7672.6,7688.12,-20.66,-36.18,-15.52
2026-09-09,11:00,7630.75,,,,,32.16,32.41,0.923,-29.93,7668.62,7685.87,-37.87,-55.12,-17.25
2026-09-09,11:15,7629.6,,,,,36.52,33.56,0.926,-31.08,7664.9,7683.66,-35.3,-54.06,-18.76
2026-09-09,11:30,7637.12,,,,,36.52,41.08,0.574,-23.56,7662.26,7681.84,-25.14,-44.72,-19.58
2026-09-09,11:45,7636.62,,,,,36.52,41.58,0.579,-24.06,7659.81,7680.06,-23.19,-43.44,-20.25
2026-09-09,12:00,7631.16,,,,,36.52,47.04,0.628,-29.52,7657.09,7678.15,-25.93,-46.99,-21.06
2026-09-09,12:15,7630.64,,,,,36.52,47.56,0.632,-30.04,7654.57,7676.28,-23.93,-45.64,-21.72
2026-09-09,12:30,7638.96,,,,,36.52,55.88,0.389,-21.72,7653.08,7674.82,-14.12,-35.86,-21.74
2026-09-09,12:45,7640.53,,,,,36.52,57.45,0.351,-20.15,7651.89,7673.48,-11.36,-32.95,-21.59
2026-09-09,13:00,7645.78,,,45.74,10.2,36.52,62.7,0.238,-14.9,7651.3,7672.39,-5.52,-26.61,-21.09
2026-09-09,13:15,7643.76,,,44.21,9.805,36.52,64.72,0.261,-16.92,7650.59,7671.27,-6.83,-27.51,-20.68
2026-09-09,13:30,7643.86,,,44.31,9.575,36.52,64.82,0.259,-16.82,7649.94,7670.19,-6.08,-26.33,-20.25
2026-09-09,13:45,7644.53,,,45.02,9.232,36.52,65.49,0.247,-16.15,7649.43,7669.19,-4.9,-24.66,-19.76
2026-09-09,14:00,7638.8,,,40.3,9.121,36.52,71.22,0.307,-21.88,7648.42,7667.99,-9.62,-29.19,-19.58
2026-09-09,14:15,7643.15,7642.71,0.44,45.01,9.004,36.52,75.57,0.232,-17.53,7647.92,7667.02,-4.77,-23.87,-19.1
2026-09-09,14:30,7646.69,7643.09,3.6,48.57,8.828,36.52,79.11,0.177,-13.99,7647.8,7666.22,-1.11,-19.53,-18.42
2026-09-09,14:45,7643.79,7643.16,0.63,45.94,8.56,36.52,82.01,0.206,-16.89,7647.42,7665.34,-3.63,-21.55,-17.93
2026-09-09,15:00,7644.04,7643.24,0.8,46.21,8.3,36.52,82.26,0.202,-16.64,7647.1,7664.51,-3.06,-20.47,-17.41
2026-09-09,15:15,7645.72,7643.48,2.24,48.09,8.034,36.52,83.94,0.178,-14.96,7646.96,7663.77,-1.24,-18.05,-16.81
2026-09-09,15:30,7642.23,7643.36,-1.13,44.61,7.876,36.52,87.43,0.211,-18.45,7646.51,7662.93,-4.28,-20.7,-16.41
2026-09-09,15:45,7636.36,7642.69,-6.33,39.45,7.917,36.52,93.3,0.261,-24.32,7645.55,7661.88,-9.19,-25.52,-16.34
2026-09-10,09:30,7594.02,,,,,11.23,0.0,,-0.72,7640.64,7659.22,-46.62,-65.2,-18.58
2026-09-10,09:45,7580.91,,,,,23.18,13.11,1.055,-13.83,7634.95,7656.15,-54.04,-75.24,-21.2
2026-09-10,10:00,7587.65,,,,,23.28,19.85,0.357,-7.09,7630.45,7653.47,-42.8,-65.82,-23.02
2026-09-10,10:15,7600.02,,,,,32.68,32.22,0.164,5.28,7627.55,7651.37,-27.53,-51.35,-23.82
2026-09-10,10:30,7601.49,,,,,32.68,33.69,0.2,6.75,7625.07,7649.41,-23.58,-47.92,-24.35
2026-09-10,10:45,7607.36,,,,,32.68,39.56,0.319,12.62,7623.38,7647.76,-16.02,-40.4,-24.38
2026-09-10,11:00,7603.95,,,,,32.68,42.97,0.214,9.21,7621.53,7646.05,-17.58,-42.1,-24.52
2026-09-10,11:15,7605.92,,,,,32.68,44.94,0.249,11.18,7620.04,7644.47,-14.12,-38.55,-24.43
2026-09-10,11:30,7607.34,,,,,32.8,46.36,0.272,12.6,7618.83,7643.02,-11.49,-35.68,-24.18
2026-09-10,11:45,7598.51,,,,,32.8,55.19,0.068,3.77,7616.9,7641.27,-18.39,-42.76,-24.37
2026-09-10,12:00,7594.07,,,,,32.8,59.63,0.011,-0.67,7614.72,7639.42,-20.65,-45.35,-24.7
2026-09-10,12:15,7593.73,,,,,32.8,59.97,0.017,-1.01,7612.72,7637.63,-18.99,-43.9,-24.9
2026-09-10,12:30,7601.41,,,,,32.8,67.65,0.099,6.67,7611.65,7636.21,-10.24,-34.8,-24.56
2026-09-10,12:45,7605.4,,,,,32.8,71.64,0.149,10.66,7611.05,7635.0,-5.65,-29.6,-23.95
2026-09-10,13:00,7603.61,,,56.53,11.961,32.8,73.43,0.121,8.87,7610.34,7633.77,-6.73,-30.16,-23.43
2026-09-10,13:15,7599.41,,,53.25,11.566,32.8,77.63,0.06,4.67,7609.3,7632.42,-9.89,-33.01,-23.12
2026-09-10,13:30,7597.42,,,51.72,11.222,32.8,79.62,0.034,2.68,7608.17,7631.05,-10.75,-33.63,-22.88
2026-09-10,13:45,7596.15,,,50.72,10.641,32.8,80.89,0.017,1.41,7607.03,7629.68,-10.88,-33.53,-22.65
2026-09-10,14:00,7590.48,,,46.39,10.613,32.8,86.56,0.049,-4.26,7605.45,7628.14,-14.97,-37.66,-22.69
2026-09-10,14:15,7590.27,7597.96,-7.69,46.24,10.235,32.8,86.77,0.052,-4.47,7604.0,7626.66,-13.73,-36.39,-22.65
2026-09-10,14:30,7591.45,7597.34,-5.89,47.32,9.93,32.8,87.95,0.037,-3.29,7602.81,7625.28,-11.36,-33.83,-22.47
2026-09-10,14:45,7591.09,7596.74,-5.65,47.01,9.85,32.8,88.31,0.041,-3.65,7601.69,7623.94,-10.6,-32.85,-22.24
2026-09-10,15:00,7591.2,7596.21,-5.01,47.12,9.604,32.8,88.42,0.04,-3.54,7600.69,7622.65,-9.49,-31.45,-21.96
2026-09-10,15:15,7589.31,7595.56,-6.25,45.31,9.336,32.8,90.31,0.06,-5.43,7599.61,7621.34,-10.3,-32.03,-21.74
2026-09-10,15:30,7593.3,7595.34,-2.04,49.7,9.262,32.8,94.3,0.015,-1.44,7599.01,7620.25,-5.71,-26.95,-21.24
2026-09-10,15:45,7591.7,7594.99,-3.29,48.03,9.034,32.8,95.9,0.032,-3.04,7598.31,7619.13,-6.61,-27.43,-20.81
2026-09-11,09:30,7668.21,,,,,36.69,0.0,,31.46,7604.97,7621.05,63.24,47.16,-16.08
2026-09-11,09:45,7676.27,,,,,40.03,8.06,4.903,39.52,7611.76,7623.22,64.51,53.05,-11.46
2026-09-11,10:00,7662.42,,,,,40.27,21.91,1.172,25.67,7616.58,7624.75,45.84,37.67,-8.17
2026-09-11,10:15,7671.27,,,,,40.27,30.76,1.122,34.52,7621.79,7626.58,49.48,44.69,-4.79
2026-09-11,10:30,7653.93,,,,,40.27,48.1,0.357,17.18,7624.85,7627.65,29.08,26.28,-2.8
2026-09-11,10:45,7654.13,,,,,40.27,48.3,0.36,17.38,7627.64,7628.69,26.49,25.44,-1.05
2026-09-11,11:00,7659.9,,,,,40.27,54.07,0.428,23.15,7630.71,7629.91,29.19,29.99,0.8
2026-09-11,11:15,7673.89,,,,,40.27,68.06,0.546,37.14,7634.83,7631.64,39.06,42.25,3.19
2026-09-11,11:30,7674.63,,,,,40.27,68.8,0.551,37.88,7638.62,7633.32,36.01,41.31,5.29
2026-09-11,11:45,7670.36,,,,,40.27,73.07,0.46,33.61,7641.64,7634.78,28.72,35.58,6.86
2026-09-11,12:00,7669.36,,,,,40.27,74.07,0.44,32.61,7644.28,7636.13,25.08,33.23,8.15
2026-09-11,12:15,7662.77,,,,,40.27,80.66,0.323,26.02,7646.04,7637.18,16.73,25.59,8.86
2026-09-11,12:30,7667.46,,,,,40.27,85.35,0.36,30.71,7648.08,7638.36,19.38,29.1,9.72
2026-09-11,12:45,7669.52,,,,,40.27,87.41,0.375,32.77,7650.12,7639.59,19.4,29.93,10.54
2026-09-11,13:00,7669.01,,,50.45,10.489,40.27,87.92,0.367,32.26,7651.92,7640.74,17.09,28.27,11.18
2026-09-11,13:15,7673.42,,,52.99,10.26,40.27,92.33,0.397,36.67,7653.97,7642.02,19.45,31.4,11.95
2026-09-11,13:30,7671.74,,,51.9,9.825,40.27,94.01,0.372,34.99,7655.66,7643.19,16.08,28.55,12.47
2026-09-11,13:45,7670.81,,,51.27,9.339,40.27,94.94,0.359,34.06,7657.1,7644.27,13.71,26.54,12.83
2026-09-11,14:00,7669.46,,,50.32,8.982,40.27,96.29,0.34,32.71,7658.28,7645.26,11.18,24.2,13.02
2026-09-11,14:15,7667.64,7667.81,-0.17,49.0,8.681,40.27,98.11,0.315,30.89,7659.17,7646.14,8.47,21.5,13.04
2026-09-11,14:30,7664.94,7667.54,-2.6,47.02,8.387,40.27,100.81,0.28,28.19,7659.72,7646.87,5.22,18.07,12.85
2026-09-11,14:45,7663.94,7667.19,-3.25,46.28,7.995,40.27,101.81,0.267,27.19,7660.12,7647.54,3.82,16.4,12.58
2026-09-11,15:00,7662.58,7666.75,-4.17,45.23,7.824,40.27,103.17,0.25,25.83,7660.36,7648.13,2.22,14.45,12.23
2026-09-11,15:15,7663.87,7666.48,-2.61,46.47,7.521,40.27,104.46,0.26,27.12,7660.69,7648.75,3.18,15.12,11.94
2026-09-11,15:30,7663.65,7666.21,-2.56,46.27,7.131,40.27,104.68,0.257,26.9,7660.97,7649.33,2.68,14.32,11.64
2026-09-11,15:45,7656.98,7665.33,-8.35,40.77,7.263,40.27,111.35,0.182,20.23,7660.59,7649.63,-3.61,7.35,10.96
2026-09-14,09:30,7607.5,,,,,15.11,0.0,,-3.94,7655.54,7647.98,-48.04,-40.48,7.56
2026-09-14,09:45,7612.76,,,,,22.7,5.26,0.251,1.32,7651.46,7646.6,-38.7,-33.84,4.86
2026-09-14,10:00,7618.47,,,,,27.74,10.97,0.641,7.03,7648.32,7645.5,-29.85,-27.03,2.82
2026-09-14,10:15,7601.05,,,,,28.5,28.39,0.366,-10.39,7643.82,7643.75,-42.77,-42.7,0.06
2026-09-14,10:30,7599.11,,,,,29.66,30.33,0.407,-12.33,7639.56,7642.0,-40.45,-42.89,-2.44
2026-09-14,10:45,7598.64,,,,,31.79,30.8,0.416,-12.8,7635.66,7640.3,-37.02,-41.66,-4.64
2026-09-14,11:00,7599.53,,,,,31.79,31.69,0.376,-11.91,7632.22,7638.7,-32.69,-39.17,-6.48
2026-09-14,11:15,7608.67,,,,,31.79,40.83,0.068,-2.77,7629.98,7637.53,-21.31,-28.86,-7.55
2026-09-14,11:30,7633.89,,,,,42.04,66.05,0.34,22.45,7630.35,7637.38,3.54,-3.49,-7.03
2026-09-14,11:45,7630.4,,,,,42.04,69.54,0.273,18.96,7630.36,7637.11,0.04,-6.71,-6.75
2026-09-14,12:00,7628.12,,,,,42.04,71.82,0.232,16.68,7630.14,7636.76,-2.02,-8.64,-6.61
2026-09-14,12:15,7633.55,,,,,46.43,77.25,0.286,22.11,7630.47,7636.63,3.08,-3.08,-6.16
2026-09-14,12:30,7635.82,,,,,46.43,79.52,0.307,24.38,7630.98,7636.6,4.84,-0.78,-5.62
2026-09-14,12:45,7641.79,,,,,55.71,85.49,0.355,30.35,7632.01,7636.8,9.78,4.99,-4.8
2026-09-14,13:00,7635.22,,,65.06,12.435,55.71,92.06,0.258,23.78,7632.31,7636.74,2.91,-1.52,-4.43
2026-09-14,13:15,7639.79,,,66.83,12.083,55.71,96.63,0.293,28.35,7633.03,7636.86,6.76,2.93,-3.84
2026-09-14,13:30,7638.88,,,66.11,11.466,55.71,97.54,0.281,27.44,7633.58,7636.94,5.3,1.94,-3.36
2026-09-14,13:45,7636.5,,,64.16,11.003,55.71,99.92,0.251,25.06,7633.86,7636.92,2.64,-0.42,-3.06
2026-09-14,14:00,7636.22,,,63.93,10.618,55.71,100.2,0.247,24.78,7634.09,7636.89,2.13,-0.67,-2.81
2026-09-14,14:15,7633.15,7623.45,9.7,61.24,10.231,55.71,103.27,0.21,21.71,7634.0,7636.75,-0.85,-3.6,-2.75
2026-09-14,14:30,7636.2,7624.67,11.53,62.91,9.89,55.71,106.32,0.233,24.76,7634.21,7636.73,1.99,-0.53,-2.52
2026-09-14,14:45,7633.93,7625.55,8.38,60.81,9.517,55.71,108.59,0.207,22.49,7634.18,7636.62,-0.25,-2.69,-2.44
2026-09-14,15:00,7632.84,7626.24,6.6,59.78,9.229,55.71,109.68,0.195,21.4,7634.05,7636.47,-1.21,-3.63,-2.42
2026-09-14,15:15,7630.16,7626.62,3.54,57.21,8.837,55.71,112.36,0.167,18.72,7633.68,7636.22,-3.52,-6.06,-2.54
2026-09-14,15:30,7628.39,7626.79,1.6,55.52,8.477,55.71,114.13,0.149,16.95,7633.18,7635.91,-4.79,-7.52,-2.74
2026-09-14,15:45,7619.98,7626.14,-6.16,48.21,8.726,55.71,122.54,0.07,8.54,7631.92,7635.29,-11.94,-15.31,-3.37
2026-09-15,09:30,7612.02,,,,,16.91,0.0,,-0.28,7630.03,7634.38,-18.01,-22.36,-4.35
2026-09-15,09:45,7607.57,,,,,16.91,4.45,1.063,-4.73,7627.89,7633.33,-20.32,-25.76,-5.44
2026-09-15,10:00,7591.16,,,,,26.67,20.86,1.013,-21.14,7624.39,7631.67,-33.23,-40.51,-7.28
2026-09-15,10:15,7586.37,,,,,34.2,25.65,1.011,-25.93,7620.77,7629.9,-34.4,-43.53,-9.13
2026-09-15,10:30,7582.71,,,,,36.98,29.31,1.01,-29.59,7617.14,7628.05,-34.43,-45.34,-10.9
2026-09-15,10:45,7575.58,,,,,44.57,36.44,1.008,-36.72,7613.19,7625.99,-37.61,-50.41,-12.8
2026-09-15,11:00,7581.34,,,,,44.57,42.2,0.734,-30.96,7610.15,7624.24,-28.81,-42.9,-14.08
2026-09-15,11:15,7585.25,,,,,44.57,46.11,0.587,-27.05,7607.78,7622.71,-22.53,-37.46,-14.93
2026-09-15,11:30,7586.68,,,,,44.57,47.54,0.539,-25.62,7605.77,7621.29,-19.09,-34.61,-15.52
2026-09-15,11:45,7582.59,,,,,44.57,51.63,0.575,-29.71,7603.56,7619.78,-20.97,-37.19,-16.21
2026-09-15,12:00,7578.82,,,,,44.57,55.4,0.604,-33.48,7601.21,7618.17,-22.39,-39.35,-16.96
2026-09-15,12:15,7587.07,,,,,44.57,63.65,0.396,-25.23,7599.86,7616.95,-12.79,-29.88,-17.09
2026-09-15,12:30,7587.06,,,,,44.57,63.66,0.396,-25.24,7598.64,7615.78,-11.58,-28.72,-17.14
2026-09-15,12:45,7588.43,,,,,44.57,65.03,0.367,-23.87,7597.67,7614.71,-9.24,-26.28,-17.04
2026-09-15,13:00,7582.49,,,29.2,8.818,44.57,70.97,0.42,-29.81,7596.22,7613.44,-13.73,-30.95,-17.22
2026-09-15,13:15,7579.66,,,27.99,8.53,44.57,73.8,0.442,-32.64,7594.65,7612.12,-14.99,-32.46,-17.47
2026-09-15,13:30,7582.64,,,31.21,8.227,44.57,76.78,0.386,-29.66,7593.5,7610.96,-10.86,-28.32,-17.46
2026-09-15,13:45,7584.11,,,32.8,7.957,44.57,78.25,0.36,-28.19,7592.61,7609.91,-8.5,-25.8,-17.3
2026-09-15,14:00,7589.24,,,38.18,7.902,44.57,83.38,0.277,-23.06,7592.29,7609.1,-3.05,-19.86,-16.81
2026-09-15,14:15,7588.03,7586.94,1.09,37.42,7.657,44.57,84.59,0.287,-24.27,7591.88,7608.27,-3.85,-20.24,-16.39
2026-09-15,14:30,7583.1,7586.58,-3.48,34.41,7.494,44.57,89.52,0.326,-29.2,7591.05,7607.29,-7.95,-24.19,-16.24
2026-09-15,14:45,7586.29,7586.55,-0.26,37.89,7.495,44.57,92.71,0.281,-26.01,7590.59,7606.46,-4.3,-20.17,-15.87
2026-09-15,15:00,7583.04,7586.21,-3.17,35.8,7.326,44.57,95.96,0.305,-29.26,7589.87,7605.54,-6.83,-22.5,-15.67
2026-09-15,15:15,7581.23,7585.74,-4.51,34.66,7.052,44.57,97.77,0.318,-31.07,7589.05,7604.59,-7.82,-23.36,-15.54
2026-09-15,15:30,7578.41,7585.04,-6.63,32.9,6.901,44.57,100.59,0.337,-33.89,7588.04,7603.56,-9.63,-25.15,-15.53
2026-09-15,15:45,7585.73,7585.11,0.62,41.25,7.037,44.57,107.91,0.246,-26.57,7587.82,7602.86,-2.09,-17.13,-15.05
2026-09-16,09:30,7598.84,,,,,11.16,0.0,,-2.41,7588.87,7602.71,9.97,-3.87,-13.84
2026-09-16,09:45,7614.04,,,,,17.36,15.2,0.841,12.79,7591.26,7603.15,22.78,10.89,-11.89
2026-09-16,10:00,7606.48,,,,,17.36,22.76,0.23,5.23,7592.71,7603.28,13.77,3.2,-10.57
2026-09-16,10:15,7600.65,,,,,17.36,28.59,0.021,-0.6,7593.47,7603.18,7.18,-2.53,-9.71
2026-09-16,10:30,7609.78,,,,,17.36,37.72,0.226,8.53,7595.02,7603.44,14.76,6.34,-8.41
2026-09-16,10:45,7612.93,,,,,17.36,40.87,0.286,11.68,7596.73,7603.81,16.2,9.12,-7.08
2026-09-16,11:00,7618.61,,,,,23.29,46.55,0.373,17.36,7598.81,7604.39,19.8,14.22,-5.58
2026-09-16,11:15,7615.04,,,,,23.29,50.12,0.275,13.79,7600.36,7604.81,14.68,10.23,-4.45
2026-09-16,11:30,7616.77,,,,,23.29,51.85,0.299,15.52,7601.92,7605.28,14.85,11.49,-3.36
2026-09-16,11:45,7618.28,,,,,29.18,53.36,0.319,17.03,7603.48,7605.79,14.8,12.49,-2.31
2026-09-16,12:00,7614.61,,,,,29.18,57.03,0.234,13.36,7604.54,7606.13,10.07,8.48,-1.59
2026-09-16,12:15,7612.74,,,,,29.18,58.9,0.195,11.49,7605.32,7606.39,7.42,6.35,-1.07
2026-09-16,12:30,7610.39,,,,,29.18,61.25,0.149,9.14,7605.8,7606.55,4.59,3.84,-0.75
2026-09-16,12:45,7609.31,,,,,29.18,62.33,0.129,8.06,7606.14,7606.66,3.17,2.65,-0.52
2026-09-16,13:00,7608.52,,,57.67,7.826,29.18,63.12,0.115,7.27,7606.36,7606.73,2.16,1.79,-0.37
2026-09-16,13:15,7610.38,,,58.97,7.527,29.18,64.98,0.141,9.13,7606.75,7606.87,3.63,3.51,-0.13
2026-09-16,13:30,7604.15,,,53.08,7.538,29.18,71.21,0.041,2.9,7606.5,7606.77,-2.35,-2.62,-0.27
2026-09-16,13:45,7613.32,,,59.49,7.677,29.18,80.38,0.15,12.07,7607.15,7607.02,6.17,6.3,0.13
2026-09-16,14:00,7611.1,,,57.45,8.843,29.18,82.6,0.119,9.85,7607.52,7607.18,3.58,3.92,0.34
2026-09-16,14:15,7608.67,7610.73,-2.06,55.21,9.166,29.18,85.03,0.087,7.42,7607.63,7607.24,1.04,1.43,0.39
2026-09-16,14:30,7602.32,7609.93,-7.61,49.75,11.306,53.91,91.38,0.012,1.07,7607.13,7607.05,-4.81,-4.73,0.08
2026-09-16,14:45,7550.33,7604.25,-53.92,26.58,14.511,76.93,143.37,0.355,-50.92,7601.72,7604.82,-51.39,-54.49,-3.11
2026-09-16,15:00,7525.31,7596.73,-71.42,21.41,16.357,103.37,168.39,0.451,-75.94,7594.44,7601.71,-69.13,-76.4,-7.26
2026-09-16,15:15,7523.73,7589.78,-66.05,21.13,16.853,119.02,169.97,0.456,-77.52,7587.71,7598.65,-63.98,-74.92,-10.94
2026-09-16,15:30,7533.52,7584.42,-50.9,27.45,16.85,119.02,179.76,0.377,-67.73,7582.55,7596.09,-49.03,-62.57,-13.55
2026-09-16,15:45,7551.81,7581.32,-29.51,37.52,17.247,119.02,198.05,0.25,-49.44,7579.62,7594.36,-27.81,-42.55,-14.74
2026-09-17,09:30,7621.69,,,,,26.84,0.0,,-9.75,7583.63,7595.43,38.06,26.26,-11.8
2026-09-17,09:45,7623.32,,,,,27.44,1.63,4.982,-8.12,7587.41,7596.52,35.91,26.8,-9.12
2026-09-17,10:00,7622.05,,,,,34.79,2.9,3.238,-9.39,7590.71,7597.52,31.34,24.53,-6.82
2026-09-17,10:15,7627.85,,,,,34.79,8.7,0.413,-3.59,7594.24,7598.71,33.61,29.14,-4.47
2026-09-17,10:30,7630.44,,,,,34.79,11.29,0.089,-1.0,7597.69,7599.96,32.75,30.48,-2.27
2026-09-17,10:45,7619.18,,,,,34.79,22.55,0.544,-12.26,7599.74,7600.71,19.44,18.47,-0.97
2026-09-17,11:00,7622.88,,,,,34.79,26.25,0.326,-8.56,7601.94,7601.58,20.94,21.3,0.36
2026-09-17,11:15,7627.27,,,,,34.79,30.64,0.136,-4.17,7604.35,7602.59,22.92,24.68,1.77
2026-09-17,11:30,7634.49,,,,,34.79,37.86,0.081,3.05,7607.22,7603.84,27.27,30.65,3.38
2026-09-17,11:45,7636.23,,,,,34.79,39.6,0.121,4.79,7609.99,7605.11,26.24,31.12,4.88
2026-09-17,12:00,7634.09,,,,,34.79,41.74,0.063,2.65,7612.28,7606.25,21.81,27.84,6.04
2026-09-17,12:15,7636.92,,,,,34.79,44.57,0.123,5.48,7614.63,7607.45,22.29,29.47,7.18
2026-09-17,12:30,7637.89,,,,,34.79,45.54,0.142,6.45,7616.84,7608.64,21.05,29.25,8.2
2026-09-17,12:45,7635.6,,,,,34.79,47.83,0.087,4.16,7618.63,7609.7,16.97,25.9,8.93
2026-09-17,13:00,7634.1,,,62.58,8.092,34.79,49.33,0.054,2.66,7620.1,7610.66,14.0,23.44,9.45
2026-09-17,13:15,7631.46,,,59.17,7.871,34.79,51.97,0.0,0.02,7621.18,7611.47,10.28,19.99,9.71
2026-09-17,13:30,7635.89,,,62.83,7.724,34.79,56.4,0.079,4.45,7622.59,7612.43,13.3,23.46,10.16
2026-09-17,13:45,7637.99,,,64.46,7.422,34.79,58.5,0.112,6.55,7624.05,7613.43,13.94,24.56,10.62
2026-09-17,14:00,7638.57,,,64.91,7.17,34.79,59.08,0.121,7.13,7625.44,7614.42,13.13,24.15,11.02
2026-09-17,14:15,7638.45,7631.32,7.13,64.73,6.943,34.79,59.2,0.118,7.01,7626.67,7615.36,11.78,23.09,11.31
2026-09-17,14:30,7635.19,7631.69,3.5,59.74,6.931,34.79,62.46,0.06,3.75,7627.49,7616.14,7.7,19.05,11.35
2026-09-17,14:45,7635.97,7632.09,3.88,60.52,6.707,34.79,63.24,0.072,4.53,7628.29,7616.92,7.68,19.05,11.38
2026-09-17,15:00,7639.11,7632.76,6.35,63.6,6.641,34.79,66.38,0.116,7.67,7629.32,7617.79,9.79,21.32,11.54
2026-09-17,15:15,7637.42,7633.21,4.21,60.85,6.423,34.79,68.07,0.088,5.98,7630.09,7618.56,7.33,18.86,11.54
2026-09-17,15:30,7642.42,7634.08,8.34,65.58,6.333,34.79,73.07,0.15,10.98,7631.27,7619.49,11.15,22.93,11.78
2026-09-17,15:45,7637.76,7634.43,3.33,58.49,6.647,35.05,77.73,0.081,6.32,7631.89,7620.21,5.87,17.55,11.68
2026-09-18,09:30,7640.03,,,,,18.88,0.0,,-17.14,7632.66,7620.99,7.37,19.04,11.68
2026-09-18,09:45,7628.05,,,,,30.41,11.98,2.431,-29.12,7632.22,7621.26,-4.17,6.79,10.96
2026-09-18,10:00,7621.79,,,,,37.43,18.24,1.94,-35.38,7631.23,7621.28,-9.44,0.51,9.95
2026-09-18,10:15,7623.98,,,,,38.73,20.43,1.625,-33.19,7630.54,7621.39,-6.56,2.59,9.15
2026-09-18,10:30,7620.48,,,,,38.73,23.93,1.533,-36.69,7629.58,7621.35,-9.1,-0.87,8.23
2026-09-18,10:45,7629.33,,,,,38.73,32.78,0.849,-27.84,7629.56,7621.67,-0.23,7.66,7.89
2026-09-18,11:00,7625.83,,,,,38.73,36.28,0.864,-31.34,7629.2,7621.83,-3.37,4.0,7.37
2026-09-18,11:15,7630.23,,,,,38.73,40.68,0.662,-26.94,7629.3,7622.16,0.93,8.07,7.14
2026-09-18,11:30,7622.94,,,,,38.73,47.97,0.714,-34.23,7628.69,7622.19,-5.75,0.75,6.5
2026-09-18,11:45,7620.7,,,,,38.73,50.21,0.726,-36.47,7627.93,7622.13,-7.23,-1.43,5.8
2026-09-18,12:00,7621.24,,,,,39.21,50.75,0.708,-35.93,7627.3,7622.1,-6.06,-0.86,5.2
2026-09-18,12:15,7618.13,,,,,46.65,53.86,0.725,-39.04,7626.42,7621.94,-8.29,-3.81,4.48
2026-09-18,12:30,7621.08,,,,,46.65,56.81,0.635,-36.09,7625.91,7621.91,-4.83,-0.83,4.01
2026-09-18,12:45,7624.07,,,,,46.65,59.8,0.554,-33.1,7625.74,7621.99,-1.67,2.08,3.75
2026-09-18,13:00,7623.7,,,36.43,8.099,46.65,60.17,0.556,-33.47,7625.54,7622.06,-1.84,1.64,3.49
2026-09-18,13:15,7624.65,,,37.49,7.739,46.65,61.12,0.532,-32.52,7625.46,7622.16,-0.81,2.49,3.3
2026-09-18,13:30,7628.03,,,41.26,7.562,46.65,64.5,0.452,-29.14,7625.7,7622.39,2.33,5.64,3.31
2026-09-18,13:45,7628.39,,,41.66,7.186,46.65,64.86,0.444,-28.78,7625.96,7622.63,2.43,5.76,3.33
2026-09-18,14:00,7628.74,,,42.07,6.891,46.65,65.21,0.436,-28.43,7626.22,7622.87,2.52,5.87,3.36
2026-09-18,14:15,7634.59,7625.8,8.79,48.66,7.049,46.65,71.06,0.318,-22.58,7627.02,7623.33,7.57,11.26,3.7
2026-09-18,14:30,7635.45,7626.72,8.73,49.57,6.735,46.65,71.92,0.302,-21.72,7627.82,7623.8,7.63,11.65,4.02
2026-09-18,14:45,7642.08,7628.18,13.9,56.03,7.154,46.65,78.55,0.192,-15.09,7629.18,7624.52,12.9,17.56,4.66
2026-09-18,15:00,7641.63,7629.46,12.17,55.51,6.904,46.65,79.0,0.197,-15.54,7630.37,7625.19,11.26,16.44,5.18
2026-09-18,15:15,7638.68,7630.34,8.34,52.1,6.686,46.65,81.95,0.226,-18.49,7631.16,7625.72,7.52,12.96,5.44
2026-09-18,15:30,7643.93,7631.63,12.3,57.14,6.722,46.65,87.2,0.152,-13.24,7632.38,7626.43,11.55,17.5,5.94
2026-09-18,15:45,7650.5,7633.43,17.07,62.47,6.915,46.65,93.77,0.071,-6.67,7634.1,7627.38,16.4,23.12,6.73
2026-09-21,09:30,7698.66,,,,,7.83,0.0,,5.83,7640.25,7630.17,58.41,68.49,10.08
2026-09-21,09:45,7708.31,,,,,17.12,9.65,1.604,15.48,7646.73,7633.24,61.58,75.07,13.5
2026-09-21,10:00,7708.51,,,,,18.39,9.85,1.592,15.68,7652.62,7636.19,55.89,72.32,16.43
2026-09-21,10:15,7720.73,,,,,31.99,22.07,1.264,27.9,7659.1,7639.5,61.63,81.23,19.6
2026-09-21,10:30,7720.17,,,,,34.44,22.63,1.208,27.34,7664.92,7642.67,55.25,77.5,22.25
2026-09-21,10:45,7722.77,,,,,34.44,25.23,1.187,29.94,7670.43,7645.81,52.34,76.96,24.62
2026-09-21,11:00,7728.08,,,,,36.99,30.54,1.154,35.25,7675.92,7649.03,52.16,79.05,26.88
2026-09-21,11:15,7728.82,,,,,40.86,31.28,1.151,35.99,7680.96,7652.16,47.86,76.66,28.79
2026-09-21,11:30,7737.17,,,,,45.98,39.63,1.119,44.34,7686.31,7655.5,50.86,81.67,30.81
2026-09-21,11:45,7737.63,,,,,51.86,40.09,1.117,44.8,7691.2,7658.72,46.43,78.91,32.48
2026-09-21,12:00,7745.92,,,,,57.66,48.38,1.097,53.09,7696.41,7662.14,49.51,83.78,34.27
2026-09-21,12:15,7748.91,,,,,59.4,51.37,1.092,56.08,7701.41,7665.54,47.5,83.37,35.87
2026-09-21,12:30,7750.41,,,,,65.37,52.87,1.089,57.58,7706.08,7668.87,44.33,81.54,37.21
2026-09-21,12:45,7753.43,,,,,65.37,55.89,1.084,60.6,7710.59,7672.18,42.84,81.25,38.4
2026-09-21,13:00,7758.55,,,99.08,7.701,67.79,61.01,1.077,65.72,7715.15,7675.57,43.4,82.98,39.58
2026-09-21,13:15,7758.12,,,98.34,7.533,68.91,61.44,1.063,65.29,7719.25,7678.81,38.87,79.31,40.44
2026-09-21,13:30,7759.39,,,98.37,7.447,68.91,62.71,1.061,66.56,7723.07,7681.97,36.32,77.42,41.1
2026-09-21,13:45,7759.77,,,98.39,7.208,70.67,63.09,1.061,66.94,7726.56,7685.02,33.21,74.75,41.55
2026-09-21,14:00,7762.8,,,98.48,6.986,72.67,66.12,1.058,69.97,7730.02,7688.07,32.78,74.73,41.95
2026-09-21,14:15,7768.77,7738.85,29.92,98.66,7.009,78.45,72.09,1.053,75.94,7733.71,7691.23,35.06,77.54,42.47
2026-09-21,14:30,7770.83,7741.89,28.94,98.71,6.849,79.78,74.15,1.052,78.0,7737.24,7694.36,33.59,76.47,42.89
2026-09-21,14:45,7772.99,7744.85,28.14,98.77,6.716,84.63,76.31,1.05,80.16,7740.65,7697.44,32.34,75.55,43.21
2026-09-21,15:00,7774.7,7747.7,27.0,98.81,6.566,84.63,78.02,1.049,81.87,7743.89,7700.47,30.81,74.23,43.42
2026-09-21,15:15,7771.27,7749.94,21.33,91.69,6.441,84.63,81.45,0.963,78.44,7746.5,7703.25,24.77,68.02,43.25
2026-09-21,15:30,7774.83,7752.31,22.52,92.31,6.582,88.03,85.01,0.965,82.0,7749.2,7706.05,25.63,68.78,43.14
2026-09-21,15:45,7764.7,7753.49,11.21,75.15,6.904,88.03,95.14,0.755,71.87,7750.67,7708.35,14.03,56.35,42.32
2026-09-22,09:30,7777.13,,,,,12.59,0.0,,6.32,7753.19,7711.05,23.94,66.08,42.14
2026-09-22,09:45,7768.58,,,,,15.36,8.55,0.261,-2.23,7754.66,7713.31,13.92,55.27,41.35
2026-09-22,10:00,7774.05,,,,,15.36,14.02,0.231,3.24,7756.5,7715.69,17.55,58.36,40.82
2026-09-22,10:15,7766.45,,,,,16.15,21.62,0.202,-4.36,7757.45,7717.68,9.0,48.77,39.77
2026-09-22,10:30,7764.01,,,,,21.38,24.06,0.283,-6.8,7758.08,7719.5,5.93,44.51,38.58
2026-09-22,10:45,7764.87,,,,,21.97,24.92,0.238,-5.94,7758.72,7721.28,6.15,43.59,37.45
2026-09-22,11:00,7766.17,,,,,21.97,26.22,0.177,-4.64,7759.43,7723.04,6.74,43.13,36.4
2026-09-22,11:15,7763.81,,,,,21.97,28.58,0.245,-7.0,7759.85,7724.63,3.96,39.18,35.21
2026-09-22,11:30,7758.66,,,,,25.93,33.73,0.36,-12.15,7759.74,7725.97,-1.08,32.69,33.77
2026-09-22,11:45,7760.95,,,,,25.93,36.02,0.274,-9.86,7759.85,7727.34,1.1,33.61,32.51
2026-09-22,12:00,7763.89,,,,,25.93,38.96,0.178,-6.92,7760.24,7728.77,3.65,35.12,31.46
2026-09-22,12:15,7759.63,,,,,25.93,43.22,0.259,-11.18,7760.18,7729.98,-0.55,29.65,30.19
2026-09-22,12:30,7760.92,,,,,25.93,44.51,0.222,-9.89,7760.25,7731.2,0.67,29.72,29.05
2026-09-22,12:45,7766.17,,,,,25.93,49.76,0.093,-4.64,7760.81,7732.57,5.36,33.6,28.24
2026-09-22,13:00,7763.41,,,36.94,7.004,25.93,52.52,0.141,-7.4,7761.06,7733.78,2.35,29.63,27.28
2026-09-22,13:15,7765.39,,,39.4,6.839,25.93,54.5,0.099,-5.42,7761.47,7735.02,3.92,30.37,26.45
2026-09-22,13:30,7765.0,,,39.08,6.696,25.93,54.89,0.106,-5.81,7761.81,7736.19,3.19,28.81,25.61
2026-09-22,13:45,7771.26,,,46.65,6.808,25.93,61.15,0.007,0.45,7762.71,7737.57,8.55,33.69,25.14
2026-09-22,14:00,7769.55,,,45.0,6.65,25.93,62.86,0.02,-1.26,7763.36,7738.82,6.19,30.73,24.54
2026-09-22,14:15,7771.61,7766.08,5.53,47.41,6.484,25.93,64.92,0.012,0.8,7764.15,7740.11,7.46,31.5,24.04
2026-09-22,14:30,7771.39,7766.58,4.81,47.17,6.349,25.93,65.14,0.009,0.58,7764.84,7741.34,6.55,30.05,23.5
2026-09-22,14:45,7767.44,7766.66,0.78,43.01,6.274,25.93,69.09,0.049,-3.37,7765.08,7742.36,2.36,25.08,22.72
2026-09-22,15:00,7770.58,7767.04,3.54,47.01,6.095,25.93,72.23,0.003,-0.23,7765.61,7743.47,4.97,27.11,22.14
2026-09-22,15:15,7773.93,7767.69,6.24,50.97,5.989,25.93,75.58,0.041,3.12,7766.4,7744.66,7.53,29.27,21.74
2026-09-22,15:30,7774.63,7768.35,6.28,51.78,5.994,25.93,76.28,0.05,3.82,7767.18,7745.84,7.45,28.79,21.35
2026-09-22,15:45,7764.64,7768.0,-3.36,41.29,6.641,25.93,86.27,0.072,-6.17,7766.94,7746.57,-2.3,18.07,20.37
2026-09-23,09:30,7749.78,,,,,12.62,0.0,,-12.16,7765.31,7746.7,-15.53,3.08,18.61
2026-09-23,09:45,7737.47,,,,,26.68,12.31,1.988,-24.47,7762.66,7746.34,-25.19,-8.87,16.32
2026-09-23,10:00,7725.82,,,,,39.47,23.96,1.508,-36.12,7759.15,7745.53,-33.33,-19.71,13.62
2026-09-23,10:15,7718.14,,,,,48.64,31.64,1.384,-43.8,7755.24,7744.46,-37.1,-26.32,10.78
2026-09-23,10:30,7722.27,,,,,48.64,35.77,1.109,-39.67,7752.1,7743.59,-29.83,-21.32,8.51
2026-09-23,10:45,7732.54,,,,,48.64,46.04,0.639,-29.4,7750.24,7743.15,-17.7,-10.61,7.08
2026-09-23,11:00,7726.7,,,,,48.64,51.88,0.679,-35.24,7748.0,7742.51,-21.3,-15.81,5.49
2026-09-23,11:15,7720.05,,,,,48.64,58.53,0.716,-41.89,7745.34,7741.63,-25.29,-21.58,3.71
2026-09-23,11:30,7722.7,,,,,48.64,61.18,0.641,-39.24,7743.18,7740.89,-20.48,-18.19,2.29
2026-09-23,11:45,7716.19,,,,,49.01,67.69,0.676,-45.75,7740.61,7739.92,-24.42,-23.73,0.69
2026-09-23,12:00,7716.29,,,,,49.01,67.79,0.673,-45.65,7738.29,7738.99,-22.0,-22.7,-0.7
2026-09-23,12:15,7713.84,,,,,50.47,70.24,0.685,-48.1,7735.96,7738.01,-22.12,-24.17,-2.04
2026-09-23,12:30,7707.84,,,,,54.1,76.24,0.71,-54.1,7733.29,7736.82,-25.45,-28.98,-3.54
2026-09-23,12:45,7703.65,,,,,61.9,80.43,0.725,-58.29,7730.46,7735.52,-26.81,-31.87,-5.06
2026-09-23,13:00,7700.71,,,20.57,10.644,67.05,83.37,0.734,-61.23,7727.63,7734.16,-26.92,-33.45,-6.53
2026-09-23,13:15,7702.87,,,22.73,10.56,67.05,85.53,0.691,-59.07,7725.27,7732.93,-22.4,-30.06,-7.66
2026-09-23,13:30,7714.3,,,33.08,10.8,67.05,96.96,0.491,-47.64,7724.23,7732.2,-9.93,-17.9,-7.97
2026-09-23,13:45,7719.52,,,37.22,10.565,67.05,102.18,0.415,-42.42,7723.78,7731.7,-4.26,-12.18,-7.92
2026-09-23,14:00,7714.88,,,35.14,10.436,67.05,106.82,0.441,-47.06,7722.93,7731.04,-8.05,-16.16,-8.11
2026-09-23,14:15,7712.79,7718.92,-6.13,34.21,10.052,67.05,108.91,0.451,-49.15,7721.97,7730.33,-9.18,-17.54,-8.36
2026-09-23,14:30,7708.4,7717.92,-9.52,32.28,9.821,67.05,113.3,0.473,-53.54,7720.67,7729.47,-12.27,-21.07,-8.79
2026-09-23,14:45,7711.33,7717.29,-5.96,34.92,9.484,67.05,116.23,0.435,-50.61,7719.78,7728.76,-8.45,-17.43,-8.97
2026-09-23,15:00,7709.04,7716.5,-7.46,33.81,9.203,67.05,118.52,0.446,-52.9,7718.76,7727.98,-9.72,-18.94,-9.22
2026-09-23,15:15,7705.96,7715.5,-9.54,32.33,8.915,67.05,121.6,0.46,-55.98,7717.54,7727.12,-11.58,-21.16,-9.58
2026-09-23,15:30,7706.06,7714.6,-8.54,32.43,8.818,67.05,121.7,0.459,-55.88,7716.45,7726.29,-10.39,-20.23,-9.84
2026-09-23,15:45,7706.03,7713.78,-7.75,32.41,9.191,67.05,121.73,0.459,-55.91,7715.46,7725.5,-9.43,-19.47,-10.04
2026-09-24,09:30,7676.29,,,,,15.17,0.0,,9.3,7711.73,7723.57,-35.44,-47.28,-11.84
2026-09-24,09:45,7683.67,,,,,19.23,7.38,2.26,16.68,7709.05,7722.0,-25.38,-38.33,-12.95
2026-09-24,10:00,7690.3,,,,,29.12,14.01,1.664,23.31,7707.27,7720.76,-16.97,-30.46,-13.49
2026-09-24,10:15,7690.02,,,,,29.12,14.29,1.612,23.03,7705.62,7719.55,-15.6,-29.53,-13.93
2026-09-24,10:30,7682.08,,,,,29.12,22.23,0.679,15.09,7703.38,7718.09,-21.3,-36.01,-14.7
2026-09-24,10:45,7674.62,,,,,29.12,29.69,0.257,7.63,7700.64,7716.38,-26.02,-41.76,-15.74
2026-09-24,11:00,7663.15,,,,,32.04,41.16,0.093,-3.84,7697.07,7714.29,-33.92,-51.14,-17.22
2026-09-24,11:15,7666.26,,,,,32.04,44.27,0.016,-0.73,7694.14,7712.41,-27.88,-46.15,-18.27
2026-09-24,11:30,7670.47,,,,,32.04,48.48,0.072,3.48,7691.88,7710.76,-21.41,-40.29,-18.88
2026-09-24,11:45,7673.06,,,,,32.04,51.07,0.119,6.07,7690.09,7709.29,-17.03,-36.23,-19.2
2026-09-24,12:00,7671.44,,,,,32.04,52.69,0.084,4.45,7688.31,7707.8,-16.87,-36.36,-19.49
2026-09-24,12:15,7701.0,,,,,50.2,82.25,0.413,34.01,7689.52,7707.54,11.48,-6.54,-18.01
2026-09-24,12:30,7706.64,,,,,55.7,87.89,0.451,39.65,7691.15,7707.5,15.49,-0.86,-16.35
2026-09-24,12:45,7713.88,,,,,56.44,95.13,0.493,46.89,7693.32,7707.75,20.56,6.13,-14.43
2026-09-24,13:00,7714.09,,,69.82,13.889,56.44,95.34,0.494,47.1,7695.3,7708.0,18.79,6.09,-12.7
2026-09-24,13:15,7702.53,,,61.76,14.147,56.44,106.9,0.332,35.54,7695.98,7707.78,6.55,-5.25,-11.8
2026-09-24,13:30,7692.43,,,55.71,14.13,56.44,117.0,0.217,25.44,7695.65,7707.18,-3.22,-14.75,-11.54
2026-09-24,13:45,7699.55,,,58.77,13.774,56.44,124.12,0.262,32.56,7696.02,7706.88,3.53,-7.33,-10.86
2026-09-24,14:00,7700.23,,,59.07,13.782,56.44,124.8,0.266,33.24,7696.42,7706.62,3.81,-6.39,-10.2
2026-09-24,14:15,7706.5,7688.91,17.59,61.75,13.594,56.44,131.07,0.301,39.51,7697.38,7706.62,9.12,-0.12,-9.24
2026-09-24,14:30,7705.39,7690.48,14.91,60.99,13.585,56.44,132.18,0.291,38.4,7698.14,7706.57,7.25,-1.18,-8.43
2026-09-24,14:45,7709.65,7692.31,17.34,62.88,13.191,56.44,136.44,0.313,42.66,7699.24,7706.69,10.41,2.96,-7.45
2026-09-24,15:00,7703.35,7693.36,9.99,58.37,12.883,56.44,142.74,0.255,36.36,7699.63,7706.56,3.72,-3.21,-6.93
2026-09-24,15:15,7706.04,7694.57,11.47,59.7,12.365,56.44,145.43,0.269,39.05,7700.24,7706.54,5.8,-0.5,-6.3
2026-09-24,15:30,7706.56,7695.71,10.85,59.96,11.775,56.44,145.95,0.271,39.57,7700.84,7706.54,5.72,0.02,-5.7
2026-09-24,15:45,7704.13,7696.51,7.62,58.03,11.551,56.44,148.38,0.25,37.14,7701.16,7706.45,2.97,-2.32,-5.29
2026-09-25,09:30,7725.77,,,,,22.55,0.0,,15.91,7703.5,7707.2,22.27,18.57,-3.7
2026-09-25,09:45,7727.47,,,,,25.48,1.7,10.359,17.61,7705.78,7708.0,21.69,19.47,-2.22
2026-09-25,10:00,7698.82,,,,,37.78,30.35,0.364,-11.04,7705.12,7707.64,-6.3,-8.82,-2.52
2026-09-25,10:15,7704.15,,,,,40.5,35.68,0.16,-5.71,7705.03,7707.5,-0.88,-3.35,-2.47
2026-09-25,10:30,7708.98,,,,,40.5,40.51,0.022,-0.88,7705.4,7707.56,3.58,1.42,-2.16
2026-09-25,10:45,7717.73,,,,,40.5,49.26,0.16,7.87,7706.58,7707.96,11.15,9.77,-1.38
2026-09-25,11:00,7719.52,,,,,40.5,51.05,0.189,9.66,7707.81,7708.41,11.71,11.11,-0.6
2026-09-25,11:15,7717.93,,,,,40.5,52.64,0.153,8.07,7708.77,7708.78,9.16,9.15,-0.01
2026-09-25,11:30,7708.04,,,,,40.5,62.53,0.029,-1.82,7708.7,7708.76,-0.66,-0.72,-0.05
2026-09-25,11:45,7728.4,,,,,40.5,82.89,0.224,18.54,7710.58,7709.53,17.82,18.87,1.05
2026-09-25,12:00,7745.34,,,,,56.22,99.83,0.355,35.48,7713.89,7710.93,31.45,34.41,2.96
2026-09-25,12:15,7744.91,,,,,56.22,100.26,0.35,35.05,7716.84,7712.26,28.07,32.65,4.58
2026-09-25,12:30,7741.95,,,,,56.22,103.22,0.311,32.09,7719.24,7713.43,22.71,28.52,5.81
2026-09-25,12:45,7734.99,,,,,56.22,110.18,0.228,25.13,7720.74,7714.27,14.25,20.72,6.46
2026-09-25,13:00,7742.67,,,57.17,15.841,56.22,117.86,0.278,32.81,7722.82,7715.39,19.85,27.28,7.44
2026-09-25,13:15,7742.86,,,57.24,15.033,56.22,118.05,0.28,33.0,7724.73,7716.46,18.13,26.4,8.27
2026-09-25,13:30,7739.62,,,55.48,14.52,56.22,121.29,0.245,29.76,7726.15,7717.37,13.47,22.25,8.78
2026-09-25,13:45,7741.77,,,56.44,13.855,56.22,123.44,0.259,31.91,7727.64,7718.33,14.13,23.44,9.31
2026-09-25,14:00,7744.88,,,57.85,13.294,56.22,126.55,0.277,35.02,7729.28,7719.37,15.6,25.51,9.91
2026-09-25,14:15,7738.63,7728.72,9.91,54.05,13.058,56.22,132.8,0.217,28.77,7730.17,7720.13,8.46,18.5,10.05
2026-09-25,14:30,7740.29,7729.82,10.47,54.9,12.692,56.22,134.46,0.226,30.43,7731.13,7720.92,9.16,19.37,10.22
2026-09-25,14:45,7736.36,7730.45,5.91,52.43,12.127,56.22,138.39,0.191,26.5,7731.63,7721.52,4.73,14.84,10.11
2026-09-25,15:00,7740.57,7731.41,9.16,54.78,11.726,56.22,142.6,0.215,30.71,7732.48,7722.27,8.09,18.3,10.21
2026-09-25,15:15,7732.79,7731.54,1.25,49.88,11.55,56.22,150.38,0.152,22.93,7732.51,7722.68,0.28,10.11,9.83
2026-09-25,15:30,7741.46,7732.49,8.97,54.74,11.479,56.22,159.05,0.199,31.6,7733.36,7723.42,8.1,18.04,9.95
2026-09-25,15:45,7743.41,7733.53,9.88,55.77,11.419,58.99,161.0,0.208,33.55,7734.32,7724.2,9.09,19.21,10.12
2026-09-28,09:30,7704.94,,,,,24.13,0.0,,-16.76,7731.52,7723.45,-26.58,-18.51,8.08
2026-09-28,09:45,7712.36,,,,,24.13,7.42,1.259,-9.34,7729.7,7723.01,-17.34,-10.65,6.69
2026-09-28,10:00,7701.61,,,,,24.13,18.17,1.106,-20.09,7727.02,7722.17,-25.41,-20.56,4.85
2026-09-28,10:15,7703.59,,,,,24.13,20.15,0.899,-18.11,7724.79,7721.44,-21.2,-17.85,3.35
2026-09-28,10:30,7682.22,,,,,40.06,41.52,0.951,-39.48,7720.74,7719.91,-38.52,-37.69,0.83
2026-09-28,10:45,7671.05,,,,,55.1,52.69,0.961,-50.65,7716.0,7717.99,-44.95,-46.94,-1.98
2026-09-28,11:00,7680.33,,,,,55.1,61.97,0.668,-41.37,7712.61,7716.51,-32.28,-36.18,-3.91
2026-09-28,11:15,7679.28,,,,,55.1,63.02,0.673,-42.42,7709.43,7715.05,-30.15,-35.77,-5.62
2026-09-28,11:30,7678.26,,,,,55.1,64.04,0.678,-43.44,7706.46,7713.61,-28.2,-35.35,-7.15
2026-09-28,11:45,7684.5,,,,,55.1,70.28,0.529,-37.2,7704.37,7712.47,-19.87,-27.97,-8.1
2026-09-28,12:00,7683.39,,,,,55.1,71.39,0.537,-38.31,7702.37,7711.33,-18.98,-27.94,-8.95
2026-09-28,12:15,7716.91,,,,,57.55,104.91,0.046,-4.79,7703.76,7711.55,13.15,5.36,-7.79
2026-09-28,12:30,7699.54,,,,,57.55,122.28,0.181,-22.16,7703.36,7711.08,-3.82,-11.54,-7.72
2026-09-28,12:45,7701.24,,,,,57.55,123.98,0.165,-20.46,7703.16,7710.69,-1.92,-9.45,-7.53
2026-09-28,13:00,7717.53,,,54.49,15.095,57.55,140.27,0.03,-4.17,7704.52,7710.96,13.01,6.57,-6.43
2026-09-28,13:15,7699.67,,,47.92,15.394,57.55,158.13,0.139,-22.03,7704.06,7710.52,-4.39,-10.85,-6.45
2026-09-28,13:30,7701.04,,,48.43,14.721,57.55,159.5,0.13,-20.66,7703.77,7710.14,-2.73,-9.1,-6.37
2026-09-28,13:45,7702.36,,,48.95,13.934,57.55,160.82,0.12,-19.34,7703.64,7709.84,-1.28,-7.48,-6.2
2026-09-28,14:00,7703.74,,,49.53,13.333,57.55,162.2,0.111,-17.96,7703.65,7709.6,0.09,-5.86,-5.95
2026-09-28,14:15,7698.5,7696.1,2.4,47.35,12.968,57.55,167.44,0.139,-23.2,7703.16,7709.16,-4.66,-10.66,-6.01
2026-09-28,14:30,7700.27,7696.5,3.77,48.18,12.568,57.55,169.21,0.127,-21.43,7702.88,7708.82,-2.61,-8.55,-5.93
2026-09-28,14:45,7698.98,7696.74,2.24,47.59,11.952,57.55,170.5,0.133,-22.72,7702.51,7708.43,-3.53,-9.45,-5.92
2026-09-28,15:00,7688.24,7695.93,-7.69,42.88,11.94,57.55,181.24,0.185,-33.46,7701.15,7707.64,-12.91,-19.4,-6.49
2026-09-28,15:15,7689.11,7695.28,-6.17,43.37,11.483,57.55,182.11,0.179,-32.59,7700.01,7706.91,-10.9,-17.8,-6.91
2026-09-28,15:30,7683.52,7694.16,-10.64,40.95,11.317,57.55,187.7,0.203,-38.18,7698.44,7705.99,-14.92,-22.47,-7.56
2026-09-28,15:45,7683.69,7693.16,-9.47,41.06,11.099,57.55,187.87,0.202,-38.01,7697.03,7705.12,-13.34,-21.43,-8.09
2026-09-29,09:30,7680.77,,,,,20.66,0.0,,-18.83,7695.48,7704.16,-14.71,-23.39,-8.68
2026-09-29,09:45,7676.52,,,,,23.98,4.25,5.431,-23.08,7693.68,7703.08,-17.16,-26.56,-9.4
2026-09-29,10:00,7682.25,,,,,23.98,9.98,1.738,-17.35,7692.59,7702.26,-10.34,-20.01,-9.68
2026-09-29,10:15,7682.79,,,,,23.98,10.52,1.598,-16.81,7691.66,7701.5,-8.87,-18.71,-9.84
2026-09-29,10:30,7680.93,,,,,23.98,12.38,1.508,-18.67,7690.63,7700.69,-9.7,-19.76,-10.06
2026-09-29,10:45,7678.94,,,,,24.3,14.37,1.438,-20.66,7689.52,7699.84,-10.58,-20.9,-10.32
2026-09-29,11:00,7671.27,,,,,33.58,22.04,1.285,-28.33,7687.78,7698.72,-16.51,-27.45,-10.94
2026-09-29,11:15,7658.49,,,,,44.05,34.82,1.181,-41.11,7684.99,7697.14,-26.5,-38.65,-12.15
2026-09-29,11:30,7666.83,,,,,44.05,43.16,0.759,-32.77,7683.26,7695.95,-16.43,-29.12,-12.69
2026-09-29,11:45,7662.6,,,,,44.05,47.39,0.781,-37.0,7681.29,7694.65,-18.69,-32.05,-13.35
2026-09-29,12:00,7659.95,,,,,44.05,50.04,0.792,-39.65,7679.26,7693.28,-19.31,-33.33,-14.02
2026-09-29,12:15,7664.01,,,,,44.05,54.1,0.658,-35.59,7677.81,7692.14,-13.8,-28.13,-14.33
2026-09-29,12:30,7656.77,,,,,44.05,61.34,0.698,-42.83,7675.81,7690.75,-19.04,-33.98,-14.94
2026-09-29,12:45,7659.7,,,,,45.48,64.27,0.621,-39.9,7674.27,7689.53,-14.57,-29.83,-15.26
2026-09-29,13:00,7657.0,,,32.25,9.904,45.93,66.97,0.636,-42.6,7672.63,7688.26,-15.63,-31.26,-15.63
2026-09-29,13:15,7659.91,,,35.28,9.762,46.05,69.88,0.568,-39.69,7671.42,7687.14,-11.51,-27.23,-15.73
2026-09-29,13:30,7662.08,,,37.52,9.378,46.05,72.05,0.521,-37.52,7670.53,7686.16,-8.45,-24.08,-15.64
2026-09-29,13:45,7655.83,,,33.88,9.392,46.05,78.3,0.559,-43.77,7669.13,7684.97,-13.3,-29.14,-15.85
2026-09-29,14:00,7666.56,,,43.94,9.698,46.05,89.03,0.371,-33.04,7668.88,7684.25,-2.32,-17.69,-15.37
2026-09-29,14:15,7668.79,7667.6,1.19,45.79,9.495,46.05,91.26,0.338,-30.81,7668.87,7683.64,-0.08,-14.85,-14.77
2026-09-29,14:30,7677.81,7668.57,9.24,52.59,10.019,46.05,100.28,0.217,-21.79,7669.72,7683.42,8.09,-5.61,-13.69
2026-09-29,14:45,7678.09,7669.48,8.61,52.79,9.688,46.05,100.56,0.214,-21.51,7670.52,7683.21,7.57,-5.12,-12.69
2026-09-29,15:00,7672.79,7669.79,3.0,48.65,9.484,46.05,105.86,0.253,-26.81,7670.74,7682.8,2.05,-10.01,-12.06
2026-09-29,15:15,7674.96,7670.29,4.67,50.36,9.172,46.05,108.03,0.228,-24.64,7671.14,7682.49,3.82,-7.53,-11.35
2026-09-29,15:30,7670.17,7670.27,-0.1,46.65,9.032,46.05,112.82,0.261,-29.43,7671.05,7682.01,-0.88,-11.84,-10.96
2026-09-29,15:45,7670.84,7670.33,0.51,47.24,9.093,46.05,113.49,0.253,-28.76,7671.03,7681.57,-0.19,-10.73,-10.54
2026-09-30,09:30,7694.87,,,,,12.21,0.0,,5.88,7673.3,7682.09,21.57,12.78,-8.79
2026-09-30,09:45,7709.05,,,,,20.23,14.18,1.415,20.06,7676.7,7683.15,32.35,25.9,-6.45
2026-09-30,10:00,7710.58,,,,,32.4,15.71,1.374,21.59,7679.93,7684.22,30.65,26.36,-4.29
2026-09-30,10:15,7707.55,,,,,32.4,18.74,0.99,18.56,7682.56,7685.14,24.99,22.41,-2.58
2026-09-30,10:30,7706.36,,,,,32.4,19.93,0.872,17.37,7684.83,7685.97,21.53,20.39,-1.14
2026-09-30,10:45,7714.75,,,,,33.89,28.32,0.91,25.76,7687.68,7687.1,27.07,27.65,0.58
2026-09-30,11:00,7710.88,,,,,33.89,32.19,0.68,21.89,7689.89,7688.03,20.99,22.85,1.85
2026-09-30,11:15,7715.83,,,,,33.89,37.14,0.723,26.84,7692.36,7689.12,23.47,26.71,3.23
2026-09-30,11:30,7708.83,,,,,33.89,44.14,0.449,19.84,7693.93,7689.9,14.9,18.93,4.03
2026-09-30,11:45,7715.3,,,,,33.89,50.61,0.52,26.31,7695.96,7690.89,19.34,24.41,5.07
2026-09-30,12:00,7718.81,,,,,33.89,54.12,0.551,29.82,7698.14,7691.99,20.67,26.82,6.15
2026-09-30,12:15,7710.28,,,,,33.89,62.65,0.34,21.29,7699.29,7692.7,10.99,17.58,6.59
2026-09-30,12:30,7712.84,,,,,33.89,65.21,0.366,23.85,7700.58,7693.49,12.26,19.35,7.09
2026-09-30,12:45,7712.12,,,,,33.89,65.93,0.351,23.13,7701.68,7694.22,10.44,17.9,7.46
2026-09-30,13:00,7706.0,,,57.72,10.909,33.89,72.05,0.236,17.01,7702.09,7694.69,3.91,11.31,7.41
2026-09-30,13:15,7698.54,,,51.93,11.082,33.89,79.51,0.12,9.55,7701.76,7694.84,-3.22,3.7,6.92
2026-09-30,13:30,7703.94,,,55.42,10.809,33.89,84.91,0.176,14.95,7701.96,7695.19,1.98,8.75,6.77
2026-09-30,13:45,7706.15,,,56.8,10.534,33.89,87.12,0.197,17.16,7702.36,7695.62,3.79,10.53,6.74
2026-09-30,14:00,7702.59,,,53.9,10.348,33.89,90.68,0.15,13.6,7702.38,7695.9,0.21,6.69,6.49
2026-09-30,14:15,7696.85,7708.11,-11.26,49.52,10.342,33.89,96.42,0.082,7.86,7701.86,7695.93,-5.01,0.92,5.92
2026-09-30,14:30,7697.46,7707.09,-9.63,49.98,10.145,33.89,97.03,0.087,8.47,7701.44,7695.99,-3.98,1.47,5.44
2026-09-30,14:45,7694.03,7705.85,-11.82,47.34,10.009,33.89,100.46,0.05,5.04,7700.73,7695.92,-6.7,-1.89,4.82
2026-09-30,15:00,7696.8,7704.99,-8.19,49.66,9.53,33.89,103.23,0.076,7.81,7700.36,7695.95,-3.56,0.85,4.41
2026-09-30,15:15,7692.77,7703.82,-11.05,46.45,9.217,33.89,107.26,0.035,3.78,7699.64,7695.83,-6.87,-3.06,3.81
2026-09-30,15:30,7686.89,7702.21,-15.32,42.18,9.191,38.46,113.14,0.019,-2.1,7698.42,7695.48,-11.53,-8.59,2.95
2026-09-30,15:45,7651.54,7697.38,-45.84,26.44,11.082,71.34,148.49,0.252,-37.45,7693.96,7693.75,-42.42,-42.21,0.2
2026-10-01,09:30,7664.55,,,,,23.95,0.0,,-1.92,7691.16,7692.61,-26.61,-28.06,-1.45
2026-10-01,09:45,7656.33,,,,,29.33,8.22,1.234,-10.14,7687.84,7691.19,-31.51,-34.86,-3.35
2026-10-01,10:00,7636.93,,,,,56.89,27.62,1.07,-29.54,7682.99,7689.06,-46.06,-52.13,-6.07
2026-10-01,10:15,7633.85,,,,,56.89,30.7,1.063,-32.62,7678.31,7686.89,-44.46,-53.04,-8.58
2026-10-01,10:30,7643.09,,,,,56.89,39.94,0.585,-23.38,7674.96,7685.17,-31.87,-42.08,-10.22
2026-10-01,10:45,7633.07,,,,,56.89,49.96,0.669,-33.4,7670.97,7683.13,-37.9,-50.06,-12.16
2026-10-01,11:00,7631.36,,,,,66.87,51.67,0.68,-35.11,7667.2,7681.1,-35.84,-49.74,-13.91
2026-10-01,11:15,7633.77,,,,,66.87,54.08,0.605,-32.7,7664.01,7679.25,-30.24,-45.48,-15.23
2026-10-01,11:30,7625.41,,,,,66.87,62.44,0.658,-41.06,7660.34,7677.13,-34.93,-51.72,-16.8
2026-10-01,11:45,7635.26,,,,,66.87,72.29,0.432,-31.21,7657.95,7675.49,-22.69,-40.23,-17.54
2026-10-01,12:00,7634.46,,,,,66.87,73.09,0.438,-32.01,7655.71,7673.88,-21.25,-39.42,-18.17
2026-10-01,12:15,7641.91,,,,,66.87,80.54,0.305,-24.56,7654.4,7672.63,-12.49,-30.72,-18.23
2026-10-01,12:30,7649.42,,,,,66.87,88.05,0.194,-17.05,7653.92,7671.72,-4.5,-22.3,-17.8
2026-10-01,12:45,7638.73,,,,,66.87,98.74,0.281,-27.74,7652.48,7670.43,-13.75,-31.7,-17.95
2026-10-01,13:00,7648.54,,,42.63,16.089,66.87,108.55,0.165,-17.93,7652.1,7669.57,-3.56,-21.03,-17.47
2026-10-01,13:15,7665.93,,,51.07,16.423,66.87,125.94,0.004,-0.54,7653.42,7669.42,12.51,-3.49,-16.01
2026-10-01,13:30,7677.06,,,55.57,16.211,66.87,137.07,0.077,10.59,7655.67,7669.72,21.39,7.34,-14.05
2026-10-01,13:45,7664.88,,,50.13,16.461,66.87,149.25,0.011,-1.59,7656.55,7669.53,8.33,-4.65,-12.99
2026-10-01,14:00,7661.62,,,48.76,16.319,66.87,152.51,0.032,-4.85,7657.03,7669.22,4.59,-7.6,-12.19
2026-10-01,14:15,7669.99,7647.31,22.68,52.37,15.946,66.87,160.88,0.022,3.52,7658.26,7669.25,11.73,0.74,-10.99
2026-10-01,14:30,7672.4,7649.7,22.7,53.39,15.722,66.87,163.29,0.036,5.93,7659.61,7669.38,12.79,3.02,-9.77
2026-10-01,14:45,7676.97,7652.3,24.67,55.34,15.094,66.87,167.86,0.063,10.5,7661.26,7669.67,15.71,7.3,-8.41
2026-10-01,15:00,7674.72,7654.43,20.29,54.14,14.497,66.87,170.11,0.048,8.25,7662.55,7669.87,12.17,4.85,-7.33
2026-10-01,15:15,7674.07,7656.3,17.77,53.78,13.821,66.87,170.76,0.045,7.6,7663.64,7670.04,10.43,4.03,-6.39
2026-10-01,15:30,7675.27,7658.11,17.16,54.39,13.302,66.87,171.96,0.051,8.8,7664.75,7670.24,10.52,5.03,-5.49
2026-10-01,15:45,7666.45,7658.9,7.55,49.25,13.881,67.97,180.78,0.0,-0.02,7664.91,7670.09,1.54,-3.64,-5.18
2026-10-02,09:30,7745.45,,,,,20.53,0.0,,19.21,7672.58,7673.05,72.87,72.4,-0.47
2026-10-02,09:45,7734.53,,,,,29.94,10.92,0.759,8.29,7678.48,7675.46,56.05,59.07,3.02
2026-10-02,10:00,7743.69,,,,,29.94,20.08,0.869,17.45,7684.69,7678.14,59.0,65.55,6.56
2026-10-02,10:15,7749.59,,,,,33.79,25.98,0.899,23.35,7690.87,7680.94,58.72,68.65,9.94
2026-10-02,10:30,7750.36,,,,,34.53,26.75,0.902,24.12,7696.54,7683.66,53.82,66.7,12.88
2026-10-02,10:45,7738.34,,,,,34.53,38.77,0.312,12.1,7700.52,7685.8,37.82,52.54,14.72
2026-10-02,11:00,7714.75,,,,,44.49,62.36,0.184,-11.49,7701.87,7686.94,12.88,27.81,14.94
2026-10-02,11:15,7716.47,,,,,54.16,64.08,0.152,-9.77,7703.26,7688.1,13.21,28.37,15.17
2026-10-02,11:30,7719.45,,,,,54.16,67.06,0.101,-6.79,7704.81,7689.33,14.64,30.12,15.48
2026-10-02,11:45,7720.92,,,,,54.16,68.53,0.078,-5.32,7706.34,7690.57,14.58,30.35,15.77
2026-10-02,12:00,7724.37,,,,,54.16,71.98,0.026,-1.87,7708.06,7691.89,16.31,32.48,16.17
2026-10-02,12:15,7718.47,,,,,54.16,77.88,0.1,-7.77,7709.05,7692.93,9.42,25.54,16.12
2026-10-02,12:30,7719.14,,,,,54.16,78.55,0.09,-7.1,7710.01,7693.96,9.13,25.18,16.05
2026-10-02,12:45,7721.76,,,,,54.16,81.17,0.055,-4.48,7711.13,7695.05,10.63,26.71,16.08
2026-10-02,13:00,7721.5,,,35.29,14.176,54.16,81.43,0.058,-4.74,7712.12,7696.09,9.38,25.41,16.03
2026-10-02,13:15,7713.99,,,32.11,14.053,54.16,88.94,0.138,-12.25,7712.3,7696.79,1.69,17.2,15.5
2026-10-02,13:30,7718.11,,,35.55,13.586,54.16,93.06,0.087,-8.13,7712.85,7697.63,5.26,20.48,15.22
2026-10-02,13:45,7720.49,,,37.52,13.183,54.16,95.44,0.06,-5.75,7713.58,7698.52,6.91,21.97,15.05
2026-10-02,14:00,7720.99,,,37.94,12.554,54.16,95.94,0.055,-5.25,7714.28,7699.4,6.71,21.59,14.88
2026-10-02,14:15,7718.01,7726.52,-8.51,36.34,12.194,54.16,98.92,0.083,-8.23,7714.64,7700.13,3.37,17.88,14.5
2026-10-02,14:30,7720.57,7725.95,-5.38,38.74,11.688,54.16,101.48,0.056,-5.67,7715.2,7700.94,5.37,19.63,14.27
2026-10-02,14:45,7721.39,7725.52,-4.13,39.52,11.033,54.16,102.3,0.047,-4.85,7715.79,7701.74,5.6,19.65,14.05
2026-10-02,15:00,7719.91,7724.98,-5.07,38.56,10.574,54.16,103.78,0.061,-6.33,7716.18,7702.45,3.73,17.46,13.73
2026-10-02,15:15,7721.64,7724.67,-3.03,40.38,10.181,54.16,105.51,0.044,-4.6,7716.7,7703.2,4.94,18.44,13.5
2026-10-02,15:30,7724.94,7724.69,0.25,43.8,9.955,54.16,108.81,0.012,-1.3,7717.49,7704.06,7.45,20.88,13.43
2026-10-02,15:45,7722.72,7724.5,-1.78,42.06,9.799,54.16,111.03,0.032,-3.52,7717.99,7704.79,4.73,17.93,13.2
2026-10-05,09:30,7735.63,,,,,11.52,0.0,,4.77,7719.67,7706.0,15.96,29.63,13.67
2026-10-05,09:45,7736.21,,,,,11.52,0.58,9.224,5.35,7721.24,7707.18,14.97,29.03,14.06
2026-10-05,10:00,7748.21,,,,,22.44,12.58,1.379,17.35,7723.81,7708.79,24.4,39.42,15.02
2026-10-05,10:15,7756.01,,,,,30.73,20.38,1.234,25.15,7726.88,7710.64,29.13,45.37,16.24
2026-10-05,10:30,7751.18,,,,,30.73,25.21,0.806,20.32,7729.19,7712.23,21.99,38.95,16.96
2026-10-05,10:45,7756.87,,,,,30.73,30.9,0.842,26.01,7731.83,7713.98,25.04,42.89,17.85
2026-10-05,11:00,7754.63,,,,,30.73,33.14,0.717,23.77,7734.0,7715.58,20.63,39.05,18.42
2026-10-05,11:15,7757.29,,,,,30.73,35.8,0.738,26.43,7736.22,7717.21,21.07,40.08,19.01
2026-10-05,11:30,7761.99,,,,,35.74,40.5,0.769,31.13,7738.67,7718.97,23.32,43.02,19.7
2026-10-05,11:45,7762.03,,,,,35.85,40.54,0.769,31.17,7740.9,7720.66,21.13,41.37,20.24
2026-10-05,12:00,7760.81,,,,,35.85,41.76,0.717,29.95,7742.79,7722.23,18.02,38.58,20.56
2026-10-05,12:15,7764.71,,,,,37.71,45.66,0.741,33.85,7744.88,7723.9,19.83,40.81,20.98
2026-10-05,12:30,7773.24,,,,,45.73,54.19,0.782,42.38,7747.58,7725.83,25.66,47.41,21.75
2026-10-05,12:45,7769.66,,,,,46.28,57.77,0.672,38.8,7749.68,7727.55,19.98,42.11,22.13
2026-10-05,13:00,7770.61,,,79.79,7.609,46.28,58.72,0.677,39.75,7751.68,7729.24,18.93,41.37,22.44
2026-10-05,13:15,7772.21,,,80.36,7.299,46.28,60.32,0.686,41.35,7753.63,7730.92,18.58,41.29,22.71
2026-10-05,13:30,7776.89,,,81.98,7.29,49.38,65.0,0.708,46.03,7755.85,7732.73,21.04,44.16,23.12
2026-10-05,13:45,7776.28,,,81.04,7.034,50.41,65.61,0.692,45.42,7757.79,7734.44,18.49,41.84,23.36
2026-10-05,14:00,7776.29,,,81.05,6.831,50.41,65.62,0.692,45.43,7759.56,7736.08,16.73,40.21,23.48
2026-10-05,14:15,7780.28,7762.05,18.23,82.56,6.753,54.38,69.61,0.71,49.42,7761.53,7737.81,18.75,42.47,23.72
2026-10-05,14:30,7779.92,7763.75,16.17,81.92,6.473,54.38,69.97,0.701,49.06,7763.28,7739.46,16.64,40.46,23.82
2026-10-05,14:45,7784.27,7765.71,18.56,83.57,6.45,57.57,74.32,0.719,53.41,7765.28,7741.22,18.99,43.05,24.06
2026-10-05,15:00,7790.37,7768.06,22.31,85.55,6.494,63.74,80.42,0.74,59.51,7767.67,7743.15,22.7,47.22,24.52
2026-10-05,15:15,7790.12,7770.16,19.96,85.1,6.423,66.76,80.67,0.735,59.26,7769.81,7744.99,20.31,45.13,24.82
2026-10-05,15:30,7784.58,7771.53,13.05,75.54,6.39,66.76,86.21,0.623,53.72,7771.21,7746.54,13.37,38.04,24.67
2026-10-05,15:45,7773.95,7771.76,2.19,61.3,7.1,66.76,96.84,0.445,43.09,7771.47,7747.62,2.48,26.33,23.86
2026-10-06,09:30,7815.01,,,,,11.28,0.0,,9.05,7775.62,7750.26,39.39,64.75,25.36
2026-10-06,09:45,7826.89,,,,,22.87,11.88,1.762,20.93,7780.5,7753.26,46.39,73.63,27.24
2026-10-06,10:00,7829.08,,,,,29.13,14.07,1.643,23.12,7785.13,7756.24,43.95,72.84,28.89
2026-10-06,10:15,7817.07,,,,,29.13,26.08,0.426,11.11,7788.17,7758.62,28.9,58.45,29.55
2026-10-06,10:30,7830.54,,,,,29.13,39.55,0.621,24.58,7792.21,7761.44,38.33,69.1,30.76
2026-10-06,10:45,7832.76,,,,,29.13,41.77,0.642,26.8,7796.07,7764.24,36.69,68.52,31.83
2026-10-06,11:00,7839.86,,,,,33.99,48.87,0.694,33.9,7800.24,7767.21,39.62,72.65,33.03
2026-10-06,11:15,7842.12,,,,,38.56,51.13,0.707,36.16,7804.23,7770.14,37.89,71.98,34.09
2026-10-06,11:30,7840.38,,,,,38.56,52.87,0.651,34.42,7807.67,7772.9,32.71,67.48,34.77
2026-10-06,11:45,7839.43,,,,,38.56,53.82,0.622,33.47,7810.7,7775.51,28.73,63.92,35.19
2026-10-06,12:00,7838.11,,,,,38.56,55.14,0.583,32.15,7813.31,7777.96,24.8,60.15,35.35
2026-10-06,12:15,7831.43,,,,,38.56,61.82,0.412,25.47,7815.03,7780.06,16.4,51.37,34.97
2026-10-06,12:30,7832.54,,,,,38.56,62.93,0.422,26.58,7816.7,7782.12,15.84,50.42,34.58
2026-10-06,12:45,7828.85,,,,,38.56,66.62,0.344,22.89,7817.86,7783.95,10.99,44.9,33.91
2026-10-06,13:00,7824.83,,,56.95,8.208,38.56,70.64,0.267,18.87,7818.52,7785.55,6.31,39.28,32.97
2026-10-06,13:15,7825.52,,,57.4,8.208,38.56,71.33,0.274,19.56,7819.19,7787.12,6.33,38.4,32.07
2026-10-06,13:30,7827.34,,,58.62,7.987,38.56,73.15,0.292,21.38,7819.96,7788.7,7.38,38.64,31.27
2026-10-06,13:45,7826.21,,,57.52,7.806,38.56,74.28,0.273,20.25,7820.56,7790.17,5.65,36.04,30.39
2026-10-06,14:00,7829.91,,,60.16,7.605,38.56,77.98,0.307,23.95,7821.45,7791.73,8.46,38.18,29.72
2026-10-06,14:15,7825.91,7830.19,-4.28,56.1,7.41,38.56,81.98,0.243,19.95,7821.87,7793.07,4.04,32.84,28.81
2026-10-06,14:30,7826.16,7829.81,-3.65,56.29,7.119,38.56,82.23,0.246,20.2,7822.28,7794.36,3.88,31.8,27.92
2026-10-06,14:45,7829.11,7829.74,-0.63,58.67,6.884,38.56,85.18,0.272,23.15,7822.93,7795.73,6.18,33.38,27.21
2026-10-06,15:00,7826.7,7829.45,-2.75,55.99,6.757,38.56,87.59,0.237,20.74,7823.29,7796.94,3.41,29.76,26.35
2026-10-06,15:15,7824.85,7829.01,-4.16,53.95,6.553,38.56,89.44,0.211,18.89,7823.44,7798.04,1.41,26.81,25.4
2026-10-06,15:30,7823.27,7828.47,-5.2,52.2,6.359,38.56,91.02,0.19,17.31,7823.42,7799.03,-0.15,24.24,24.4
2026-10-06,15:45,7818.93,7827.56,-8.63,47.64,6.36,38.56,95.36,0.136,12.97,7823.0,7799.81,-4.07,19.12,23.19
